frame_id,timestamp,pos_x,pos_y,vel_x,vel_y,is_grounded,active_input,collision_state
0,1791553333.842076,340.0000,404.5000,0.0000,0.5000,False,none,False
1,1791553333.858742,340.8000,405.5000,0.8000,1.0000,False,right,False
2,1791553333.875409,342.4000,407.0000,1.6000,1.5000,False,right,False
3,1791553333.892076,344.8000,408.0000,2.4000,0.0000,True,right,True
4,1791553333.908742,348.0000,408.0000,3.2000,0.0000,True,right,True
5,1791553333.925409,352.0000,408.0000,4.0000,0.0000,True,right,True
6,1791553333.942075,356.8000,408.0000,4.8000,0.0000,True,right,True
7,1791553333.958742,362.4000,408.0000,5.6000,0.0000,True,right,True
8,1791553333.975409,368.4000,408.0000,6.0000,0.0000,True,right,True
9,1791553333.992076,374.4000,408.0000,6.0000,0.0000,True,right,True
10,1791553334.008742,380.4000,408.0000,6.0000,0.0000,True,right,True
11,1791553334.025409,386.4000,408.0000,6.0000,0.0000,True,right,True
12,1791553334.042076,392.4000,408.0000,6.0000,0.0000,True,right,True
13,1791553334.058742,398.4000,408.0000,6.0000,0.0000,True,right,True
14,1791553334.075409,404.4000,408.0000,6.0000,0.0000,True,right,True
15,1791553334.092076,409.5000,408.0000,5.1000,0.0000,True,none,True
16,1791553334.108742,413.8350,408.0000,4.3350,0.0000,True,none,True
17,1791553334.125409,417.5198,408.0000,3.6847,0.0000,True,none,True
18,1791553334.142076,420.6518,408.0000,3.1320,0.0000,True,none,True
19,1791553334.158742,423.3140,408.0000,2.6622,0.0000,True,none,True
20,1791553334.175409,425.5769,408.0000,2.2629,0.0000,True,none,True
21,1791553334.192075,427.5004,408.0000,1.9235,0.0000,True,none,True
22,1791553334.208742,430.2238,398.2500,2.7235,-9.7500,False,right+jump,False
23,1791553334.225409,433.7473,389.0000,3.5235,-9.2500,False,right,False
24,1791553334.242076,438.0708,380.2500,4.3235,-8.7500,False,right,False
25,1791553334.258742,443.1942,372.0000,5.1235,-8.2500,False,right,False
26,1791553334.275409,449.1177,364.2500,5.9235,-7.7500,False,right,False
27,1791553334.292076,455.1177,357.0000,6.0000,-7.2500,False,right,False
28,1791553334.308742,461.1177,350.2500,6.0000,-6.7500,False,right,False
29,1791553334.325409,467.1177,344.0000,6.0000,-6.2500,False,right,False
30,1791553334.342076,473.1177,338.2500,6.0000,-5.7500,False,right,False
31,1791553334.358742,479.1177,333.0000,6.0000,-5.2500,False,right,False
32,1791553334.375409,485.1177,328.2500,6.0000,-4.7500,False,right,False
33,1791553334.392076,491.1177,324.0000,6.0000,-4.2500,False,right,False
34,1791553334.408742,497.1177,320.2500,6.0000,-3.7500,False,right,False
35,1791553334.425409,503.1177,317.0000,6.0000,-3.2500,False,right,False
36,1791553334.442075,509.1177,314.2500,6.0000,-2.7500,False,right,False
37,1791553334.458742,515.1177,312.0000,6.0000,-2.2500,False,right,False
38,1791553334.475409,521.1177,310.2500,6.0000,-1.7500,False,right,False
39,1791553334.492076,527.1177,309.0000,6.0000,-1.2500,False,right,False
40,1791553334.508742,533.1177,308.2500,6.0000,-0.7500,False,right,False
41,1791553334.525409,539.1177,308.0000,6.0000,-0.2500,False,right,False
42,1791553334.542076,545.1177,308.2500,6.0000,0.2500,False,right,False
43,1791553334.558742,551.1177,309.0000,6.0000,0.7500,False,right,False
44,1791553334.575409,557.1177,310.2500,6.0000,1.2500,False,right,False
45,1791553334.592076,563.1177,312.0000,6.0000,1.7500,False,right,False
46,1791553334.608742,569.1177,314.2500,6.0000,2.2500,False,right,False
47,1791553334.625409,575.1177,317.0000,6.0000,2.7500,False,right,False
48,1791553334.642076,581.1177,320.2500,6.0000,3.2500,False,right,False
49,1791553334.658742,587.1177,324.0000,6.0000,3.7500,False,right,False
50,1791553334.675409,593.1177,328.0000,6.0000,0.0000,True,right,True
51,1791553334.692075,599.1177,328.0000,6.0000,0.0000,True,right,True
52,1791553334.708742,605.1177,328.0000,6.0000,0.0000,True,right,True
53,1791553334.725409,611.1177,328.0000,6.0000,0.0000,True,right,True
54,1791553334.742076,617.1177,328.0000,6.0000,0.0000,True,right,True
55,1791553334.758742,623.1177,328.0000,6.0000,0.0000,True,right,True
56,1791553334.775409,629.1177,328.0000,6.0000,0.0000,True,right,True
57,1791553334.792076,635.1177,328.0000,6.0000,0.0000,True,right,True
58,1791553334.808742,641.1177,328.0000,6.0000,0.0000,True,right,True
59,1791553334.825409,647.1177,328.0000,6.0000,0.0000,True,right,True
60,1791553334.842076,652.2177,328.0000,5.1000,0.0000,True,none,True
61,1791553334.858742,656.5527,328.0000,4.3350,0.0000,True,none,True
62,1791553334.875409,660.2374,328.0000,3.6847,0.0000,True,none,True
63,1791553334.892076,663.3695,328.0000,3.1320,0.0000,True,none,True
64,1791553334.908742,666.0317,328.0000,2.6622,0.0000,True,none,True
65,1791553334.925409,668.2946,328.0000,2.2629,0.0000,True,none,True
66,1791553334.942075,670.2181,328.0000,1.9235,0.0000,True,none,True
67,1791553334.958742,672.9415,328.0000,2.7235,0.0000,True,right,True
68,1791553334.975409,675.2565,328.0000,2.3149,0.0000,True,none,True
69,1791553334.992076,677.2242,328.0000,1.9677,0.0000,True,none,True
70,1791553335.008742,678.8967,328.0000,1.6725,0.0000,True,none,True
71,1791553335.025409,680.3184,328.5000,1.4217,0.5000,False,none,True
72,1791553335.042076,682.5401,329.5000,2.2217,1.0000,False,right,False
73,1791553335.058742,685.5617,331.0000,3.0217,1.5000,False,right,False
74,1791553335.075409,689.3834,333.0000,3.8217,2.0000,False,right,False
75,1791553335.092076,694.0050,335.5000,4.6217,2.5000,False,right,False
76,1791553335.108742,699.4267,338.5000,5.4217,3.0000,False,right,False
77,1791553335.125409,705.4267,342.0000,6.0000,3.5000,False,right,False
78,1791553335.142076,711.4267,346.0000,6.0000,4.0000,False,right,False
79,1791553335.158742,717.4267,350.5000,6.0000,4.5000,False,right,False
80,1791553335.175409,723.4267,355.5000,6.0000,5.0000,False,right,False
81,1791553335.192075,729.4267,361.0000,6.0000,5.5000,False,right,False
82,1791553335.208742,735.4267,367.0000,6.0000,6.0000,False,right,False
83,1791553335.225409,741.4267,373.5000,6.0000,6.5000,False,right,False
84,1791553335.242076,747.4267,380.5000,6.0000,7.0000,False,right,False
85,1791553335.258742,800.0000,388.0000,6.0000,7.5000,False,right,True
86,1791553335.275409,806.0000,396.0000,6.0000,8.0000,False,right,False
87,1791553335.292076,812.0000,404.5000,6.0000,8.5000,False,right,False
88,1791553335.308742,818.0000,413.5000,6.0000,9.0000,False,right,False
89,1791553335.325409,824.0000,423.0000,6.0000,9.5000,False,right,False
90,1791553335.342076,830.0000,433.0000,6.0000,10.0000,False,right,False
91,1791553335.358742,836.0000,443.5000,6.0000,10.5000,False,right,False
92,1791553335.375409,842.0000,454.5000,6.0000,11.0000,False,right,False
93,1791553335.392076,848.0000,466.0000,6.0000,11.5000,False,right,False
94,1791553335.408742,854.0000,478.0000,6.0000,12.0000,False,right,False
95,1791553335.425409,860.0000,490.5000,6.0000,12.5000,False,right,False
96,1791553335.442075,866.0000,503.5000,6.0000,13.0000,False,right,False
97,1791553335.458742,872.0000,517.0000,6.0000,13.5000,False,right,False
98,1791553335.475409,878.0000,531.0000,6.0000,14.0000,False,right,False
99,1791553335.492076,884.0000,545.5000,6.0000,14.5000,False,right,False
100,1791553335.508742,890.0000,560.5000,6.0000,15.0000,False,right,False
101,1791553335.525409,896.0000,576.0000,6.0000,15.5000,False,right,False
102,1791553335.542076,902.0000,592.0000,6.0000,16.0000,False,right,False
103,1791553335.558742,908.0000,608.5000,6.0000,16.5000,False,right,False
104,1791553335.575409,914.0000,625.5000,6.0000,17.0000,False,right,False
105,1791553335.592076,920.0000,643.0000,6.0000,17.5000,False,right,False
106,1791553335.608742,926.0000,661.0000,6.0000,18.0000,False,right,False
107,1791553335.625409,932.0000,679.5000,6.0000,18.5000,False,right,False
108,1791553335.642076,938.0000,698.5000,6.0000,19.0000,False,right,False
109,1791553335.658742,944.0000,718.0000,6.0000,19.5000,False,right,False
110,1791553335.675409,950.0000,738.0000,6.0000,20.0000,False,right,False
111,1791553335.692075,956.0000,758.5000,6.0000,20.5000,False,right,False
112,1791553335.708742,962.0000,779.5000,6.0000,21.0000,False,right,False
113,1791553335.725409,968.0000,801.0000,6.0000,21.5000,False,right,False
114,1791553335.742076,974.0000,823.0000,6.0000,22.0000,False,right,False
115,1791553335.758742,980.0000,845.5000,6.0000,22.5000,False,right,False
116,1791553335.775409,986.0000,868.5000,6.0000,23.0000,False,right,False
117,1791553335.792076,992.0000,892.0000,6.0000,23.5000,False,right,False
118,1791553335.808742,998.0000,916.0000,6.0000,24.0000,False,right,False
119,1791553335.825409,1004.0000,940.5000,6.0000,24.5000,False,right,False
120,1791553335.842076,1010.0000,965.5000,6.0000,25.0000,False,right,False
121,1791553335.858742,1016.0000,991.0000,6.0000,25.5000,False,right,False
122,1791553335.875409,1022.0000,1017.0000,6.0000,26.0000,False,right,False
123,1791553335.892076,1028.0000,1043.5000,6.0000,26.5000,False,right,False
124,1791553335.908742,1034.0000,1070.5000,6.0000,27.0000,False,right,False
125,1791553335.925409,1040.0000,1098.0000,6.0000,27.5000,False,right,False
126,1791553335.942075,1046.0000,1126.0000,6.0000,28.0000,False,right,False
127,1791553335.958742,1052.0000,1154.5000,6.0000,28.5000,False,right,False
128,1791553335.975409,1058.0000,1183.5000,6.0000,29.0000,False,right,False
129,1791553335.992076,1064.0000,1213.0000,6.0000,29.5000,False,right,False
130,1791553336.008742,1070.0000,1243.0000,6.0000,30.0000,False,right,False
131,1791553336.025409,1076.0000,1273.5000,6.0000,30.5000,False,right,False
132,1791553336.042076,1082.0000,1304.5000,6.0000,31.0000,False,right,False
133,1791553336.058742,1088.0000,1336.0000,6.0000,31.5000,False,right,False
134,1791553336.075409,1094.0000,1368.0000,6.0000,32.0000,False,right,False
135,1791553336.092076,1100.0000,1400.5000,6.0000,32.5000,False,right,False
136,1791553336.108742,1106.0000,1433.5000,6.0000,33.0000,False,right,False
137,1791553336.125409,1112.0000,1467.0000,6.0000,33.5000,False,right,False
138,1791553336.142076,1118.0000,1501.0000,6.0000,34.0000,False,right,False
139,1791553336.158742,1124.0000,1535.5000,6.0000,34.5000,False,right,False
140,1791553336.175409,1130.0000,1570.5000,6.0000,35.0000,False,right,False
141,1791553336.192075,1136.0000,1606.0000,6.0000,35.5000,False,right,False
142,1791553336.208742,1142.0000,1642.0000,6.0000,36.0000,False,right,False
143,1791553336.225409,1148.0000,1678.5000,6.0000,36.5000,False,right,False
144,1791553336.242076,1154.0000,1715.5000,6.0000,37.0000,False,right,False
145,1791553336.258742,1160.0000,1753.0000,6.0000,37.5000,False,right,False
146,1791553336.275409,1166.0000,1791.0000,6.0000,38.0000,False,right,False
147,1791553336.292076,1172.0000,1829.5000,6.0000,38.5000,False,right,False
148,1791553336.308742,1178.0000,1868.5000,6.0000,39.0000,False,right,False
149,1791553336.325409,1184.0000,1908.0000,6.0000,39.5000,False,right,False
150,1791553336.342076,1190.0000,1948.0000,6.0000,40.0000,False,right,False
151,1791553336.358742,1196.0000,1988.5000,6.0000,40.5000,False,right,False
152,1791553336.375409,1202.0000,2029.5000,6.0000,41.0000,False,right,False
153,1791553336.392076,1208.0000,2071.0000,6.0000,41.5000,False,right,False
154,1791553336.408742,1214.0000,2113.0000,6.0000,42.0000,False,right,False
155,1791553336.425409,1220.0000,2155.5000,6.0000,42.5000,False,right,False
156,1791553336.442075,1226.0000,2198.5000,6.0000,43.0000,False,right,False
157,1791553336.458742,1232.0000,2242.0000,6.0000,43.5000,False,right,False
158,1791553336.475409,1238.0000,2286.0000,6.0000,44.0000,False,right,False
159,1791553336.492076,1244.0000,2330.5000,6.0000,44.5000,False,right,False
160,1791553336.508742,1250.0000,2375.5000,6.0000,45.0000,False,right,False
161,1791553336.525409,1256.0000,2421.0000,6.0000,45.5000,False,right,False
162,1791553336.542076,1262.0000,2467.0000,6.0000,46.0000,False,right,False
163,1791553336.558742,1268.0000,2513.5000,6.0000,46.5000,False,right,False
164,1791553336.575409,1274.0000,2560.5000,6.0000,47.0000,False,right,False
165,1791553336.592076,1280.0000,2608.0000,6.0000,47.5000,False,right,False
166,1791553336.608742,1286.0000,2656.0000,6.0000,48.0000,False,right,False
167,1791553336.625409,1292.0000,2704.5000,6.0000,48.5000,False,right,False
168,1791553336.642076,1298.0000,2753.5000,6.0000,49.0000,False,right,False
169,1791553336.658742,1304.0000,2803.0000,6.0000,49.5000,False,right,False
170,1791553336.675409,1310.0000,2853.0000,6.0000,50.0000,False,right,False
171,1791553336.692075,1316.0000,2903.5000,6.0000,50.5000,False,right,False
172,1791553336.708742,1322.0000,2954.5000,6.0000,51.0000,False,right,False
173,1791553336.725409,1328.0000,3006.0000,6.0000,51.5000,False,right,False
174,1791553336.742076,1334.0000,3058.0000,6.0000,52.0000,False,right,False
175,1791553336.758742,1340.0000,3110.5000,6.0000,52.5000,False,right,False
176,1791553336.775409,1346.0000,3163.5000,6.0000,53.0000,False,right,False
177,1791553336.792076,1352.0000,3217.0000,6.0000,53.5000,False,right,False
178,1791553336.808742,1358.0000,3271.0000,6.0000,54.0000,False,right,False
179,1791553336.825409,1364.0000,3325.5000,6.0000,54.5000,False,right,False
180,1791553336.842076,1370.0000,3380.5000,6.0000,55.0000,False,right,False
181,1791553336.858742,1376.0000,3436.0000,6.0000,55.5000,False,right,False
182,1791553336.875409,1382.0000,3492.0000,6.0000,56.0000,False,right,False
183,1791553336.892076,1388.0000,3548.5000,6.0000,56.5000,False,right,False
184,1791553336.908742,1394.0000,3605.5000,6.0000,57.0000,False,right,False
185,1791553336.925409,1400.0000,3663.0000,6.0000,57.5000,False,right,False
186,1791553336.942075,1406.0000,3721.0000,6.0000,58.0000,False,right,False
187,1791553336.958742,1412.0000,3779.5000,6.0000,58.5000,False,right,False
188,1791553336.975409,1418.0000,3838.5000,6.0000,59.0000,False,right,False
189,1791553336.992076,1424.0000,3898.0000,6.0000,59.5000,False,right,False
190,1791553337.008742,1430.0000,3958.0000,6.0000,60.0000,False,right,False
191,1791553337.025409,1436.0000,4018.5000,6.0000,60.5000,False,right,False
192,1791553337.042076,1442.0000,4079.5000,6.0000,61.0000,False,right,False
193,1791553337.058742,1448.0000,4141.0000,6.0000,61.5000,False,right,False
194,1791553337.075409,1454.0000,4203.0000,6.0000,62.0000,False,right,False
195,1791553337.092076,1460.0000,4265.5000,6.0000,62.5000,False,right,False
196,1791553337.108742,1466.0000,4328.5000,6.0000,63.0000,False,right,False
197,1791553337.125409,1472.0000,4392.0000,6.0000,63.5000,False,right,False
198,1791553337.142076,1478.0000,4456.0000,6.0000,64.0000,False,right,False
199,1791553337.158742,1484.0000,4520.5000,6.0000,64.5000,False,right,False
200,1791553337.175409,1490.0000,4585.5000,6.0000,65.0000,False,right,False
201,1791553337.192075,1496.0000,4651.0000,6.0000,65.5000,False,right,False
202,1791553337.208742,1502.0000,4717.0000,6.0000,66.0000,False,right,False
203,1791553337.225409,1508.0000,4783.5000,6.0000,66.5000,False,right,False
204,1791553337.242076,1514.0000,4850.5000,6.0000,67.0000,False,right,False
205,1791553337.258742,1520.0000,4918.0000,6.0000,67.5000,False,right,False
206,1791553337.275409,1526.0000,4986.0000,6.0000,68.0000,False,right,False
207,1791553337.292076,1532.0000,5054.5000,6.0000,68.5000,False,right,False
208,1791553337.308742,1538.0000,5123.5000,6.0000,69.0000,False,right,False
209,1791553337.325409,1544.0000,5193.0000,6.0000,69.5000,False,right,False
210,1791553337.342076,1550.0000,5263.0000,6.0000,70.0000,False,right,False
211,1791553337.358742,1556.0000,5333.5000,6.0000,70.5000,False,right,False
212,1791553337.375409,1562.0000,5404.5000,6.0000,71.0000,False,right,False
213,1791553337.392076,1568.0000,5476.0000,6.0000,71.5000,False,right,False
214,1791553337.408742,1574.0000,5548.0000,6.0000,72.0000,False,right,False
215,1791553337.425409,1580.0000,5620.5000,6.0000,72.5000,False,right,False
216,1791553337.442075,1586.0000,5693.5000,6.0000,73.0000,False,right,False
217,1791553337.458742,1592.0000,5767.0000,6.0000,73.5000,False,right,False
218,1791553337.475409,1598.0000,5841.0000,6.0000,74.0000,False,right,False
219,1791553337.492076,1604.0000,5915.5000,6.0000,74.5000,False,right,False
220,1791553337.508742,1610.0000,5990.5000,6.0000,75.0000,False,right,False
221,1791553337.525409,1616.0000,6066.0000,6.0000,75.5000,False,right,False
222,1791553337.542076,1622.0000,6142.0000,6.0000,76.0000,False,right,False
223,1791553337.558742,1628.0000,6218.5000,6.0000,76.5000,False,right,False
224,1791553337.575409,1634.0000,6295.5000,6.0000,77.0000,False,right,False
225,1791553337.592076,1640.0000,6373.0000,6.0000,77.5000,False,right,False
226,1791553337.608742,1646.0000,6451.0000,6.0000,78.0000,False,right,False
227,1791553337.625409,1652.0000,6529.5000,6.0000,78.5000,False,right,False
228,1791553337.642076,1658.0000,6608.5000,6.0000,79.0000,False,right,False
229,1791553337.658742,1664.0000,6688.0000,6.0000,79.5000,False,right,False
230,1791553337.675409,1670.0000,6768.0000,6.0000,80.0000,False,right,False
231,1791553337.692075,1676.0000,6848.5000,6.0000,80.5000,False,right,False
232,1791553337.708742,1682.0000,6929.5000,6.0000,81.0000,False,right,False
233,1791553337.725409,1688.0000,7011.0000,6.0000,81.5000,False,right,False
234,1791553337.742076,1694.0000,7093.0000,6.0000,82.0000,False,right,False
235,1791553337.758742,1700.0000,7175.5000,6.0000,82.5000,False,right,False
236,1791553337.775409,1706.0000,7258.5000,6.0000,83.0000,False,right,False
237,1791553337.792076,1712.0000,7342.0000,6.0000,83.5000,False,right,False
238,1791553337.808742,1718.0000,7426.0000,6.0000,84.0000,False,right,False
239,1791553337.825409,1724.0000,7510.5000,6.0000,84.5000,False,right,False
240,1791553337.842076,1730.0000,7595.5000,6.0000,85.0000,False,right,False
241,1791553337.858742,1736.0000,7681.0000,6.0000,85.5000,False,right,False
242,1791553337.875409,1742.0000,7767.0000,6.0000,86.0000,False,right,False
243,1791553337.892076,1748.0000,7853.5000,6.0000,86.5000,False,right,False
244,1791553337.908742,1754.0000,7940.5000,6.0000,87.0000,False,right,False
245,1791553337.925409,1760.0000,8028.0000,6.0000,87.5000,False,right,False
246,1791553337.942075,1766.0000,8116.0000,6.0000,88.0000,False,right,False
247,1791553337.958742,1772.0000,8204.5000,6.0000,88.5000,False,right,False
248,1791553337.975409,1778.0000,8293.5000,6.0000,89.0000,False,right,False
249,1791553337.992076,1784.0000,8383.0000,6.0000,89.5000,False,right,False
250,1791553338.008742,1790.0000,8473.0000,6.0000,90.0000,False,right,False
251,1791553338.025409,1796.0000,8563.5000,6.0000,90.5000,False,right,False
252,1791553338.042076,1802.0000,8654.5000,6.0000,91.0000,False,right,False
253,1791553338.058742,1808.0000,8746.0000,6.0000,91.5000,False,right,False
254,1791553338.075409,1814.0000,8838.0000,6.0000,92.0000,False,right,False
255,1791553338.092076,1820.0000,8930.5000,6.0000,92.5000,False,right,False
256,1791553338.108742,1826.0000,9023.5000,6.0000,93.0000,False,right,False
257,1791553338.125409,1832.0000,9117.0000,6.0000,93.5000,False,right,False
258,1791553338.142076,1838.0000,9211.0000,6.0000,94.0000,False,right,False
259,1791553338.158742,1844.0000,9305.5000,6.0000,94.5000,False,right,False
260,1791553338.175409,1850.0000,9400.5000,6.0000,95.0000,False,right,False
261,1791553338.192075,1856.0000,9496.0000,6.0000,95.5000,False,right,False
262,1791553338.208742,1862.0000,9592.0000,6.0000,96.0000,False,right,False
263,1791553338.225409,1868.0000,9688.5000,6.0000,96.5000,False,right,False
264,1791553338.242076,1874.0000,9785.5000,6.0000,97.0000,False,right,False
265,1791553338.258742,1880.0000,9883.0000,6.0000,97.5000,False,right,False
266,1791553338.275409,1886.0000,9981.0000,6.0000,98.0000,False,right,False
267,1791553338.292076,1892.0000,10079.5000,6.0000,98.5000,False,right,False
268,1791553338.308742,1898.0000,10178.5000,6.0000,99.0000,False,right,False
269,1791553338.325409,1904.0000,10278.0000,6.0000,99.5000,False,right,False
270,1791553338.342076,1910.0000,10378.0000,6.0000,100.0000,False,right,False
271,1791553338.358742,1916.0000,10478.5000,6.0000,100.5000,False,right,False
272,1791553338.375409,1922.0000,10579.5000,6.0000,101.0000,False,right,False
273,1791553338.392076,1928.0000,10681.0000,6.0000,101.5000,False,right,False
274,1791553338.408742,1934.0000,10783.0000,6.0000,102.0000,False,right,False
275,1791553338.425409,1940.0000,10885.5000,6.0000,102.5000,False,right,False
276,1791553338.442075,1946.0000,10988.5000,6.0000,103.0000,False,right,False
277,1791553338.458742,1952.0000,11092.0000,6.0000,103.5000,False,right,False
278,1791553338.475409,1958.0000,11196.0000,6.0000,104.0000,False,right,False
279,1791553338.492076,1964.0000,11300.5000,6.0000,104.5000,False,right,False
280,1791553338.508742,1970.0000,11405.5000,6.0000,105.0000,False,right,False
281,1791553338.525409,1976.0000,11511.0000,6.0000,105.5000,False,right,False
282,1791553338.542076,1982.0000,11617.0000,6.0000,106.0000,False,right,False
283,1791553338.558742,1988.0000,11723.5000,6.0000,106.5000,False,right,False
284,1791553338.575409,1994.0000,11830.5000,6.0000,107.0000,False,right,False
285,1791553338.592076,2000.0000,11938.0000,6.0000,107.5000,False,right,False
286,1791553338.608742,2006.0000,12046.0000,6.0000,108.0000,False,right,False
287,1791553338.625409,2012.0000,12154.5000,6.0000,108.5000,False,right,False
288,1791553338.642076,2018.0000,12263.5000,6.0000,109.0000,False,right,False
289,1791553338.658742,2024.0000,12373.0000,6.0000,109.5000,False,right,False
290,1791553338.675409,2030.0000,12483.0000,6.0000,110.0000,False,right,False
291,1791553338.692075,2036.0000,12593.5000,6.0000,110.5000,False,right,False
292,1791553338.708742,2042.0000,12704.5000,6.0000,111.0000,False,right,False
293,1791553338.725409,2048.0000,12816.0000,6.0000,111.5000,False,right,False
294,1791553338.742076,2054.0000,12928.0000,6.0000,112.0000,False,right,False
295,1791553338.758742,2060.0000,13040.5000,6.0000,112.5000,False,right,False
296,1791553338.775409,2066.0000,13153.5000,6.0000,113.0000,False,right,False
297,1791553338.792076,2072.0000,13267.0000,6.0000,113.5000,False,right,False
298,1791553338.808742,2078.0000,13381.0000,6.0000,114.0000,False,right,False
299,1791553338.825409,2084.0000,13495.5000,6.0000,114.5000,False,right,False
300,1791553338.842076,2090.0000,13610.5000,6.0000,115.0000,False,right,False
301,1791553338.858742,2096.0000,13726.0000,6.0000,115.5000,False,right,False
302,1791553338.875409,2102.0000,13842.0000,6.0000,116.0000,False,right,False
303,1791553338.892076,2108.0000,13958.5000,6.0000,116.5000,False,right,False
304,1791553338.908742,2114.0000,14075.5000,6.0000,117.0000,False,right,False
305,1791553338.925409,2120.0000,14193.0000,6.0000,117.5000,False,right,False
306,1791553338.942075,2126.0000,14311.0000,6.0000,118.0000,False,right,False
307,1791553338.958742,2132.0000,14429.5000,6.0000,118.5000,False,right,False
308,1791553338.975409,2138.0000,14548.5000,6.0000,119.0000,False,right,False
309,1791553338.992076,2144.0000,14668.0000,6.0000,119.5000,False,right,False
310,1791553339.008742,2150.0000,14788.0000,6.0000,120.0000,False,right,False
311,1791553339.025409,2156.0000,14908.5000,6.0000,120.5000,False,right,False
312,1791553339.042076,2162.0000,15029.5000,6.0000,121.0000,False,right,False
313,1791553339.058742,2168.0000,15151.0000,6.0000,121.5000,False,right,False
314,1791553339.075409,2174.0000,15273.0000,6.0000,122.0000,False,right,False
315,1791553339.092076,2180.0000,15395.5000,6.0000,122.5000,False,right,False
316,1791553339.108742,2186.0000,15518.5000,6.0000,123.0000,False,right,False
317,1791553339.125409,2192.0000,15642.0000,6.0000,123.5000,False,right,False
318,1791553339.142076,2198.0000,15766.0000,6.0000,124.0000,False,right,False
319,1791553339.158742,2204.0000,15890.5000,6.0000,124.5000,False,right,False
320,1791553339.175409,2210.0000,16015.5000,6.0000,125.0000,False,right,False
321,1791553339.192075,2216.0000,16141.0000,6.0000,125.5000,False,right,False
322,1791553339.208742,2222.0000,16267.0000,6.0000,126.0000,False,right,False
323,1791553339.225409,2228.0000,16393.5000,6.0000,126.5000,False,right,False
324,1791553339.242076,2234.0000,16520.5000,6.0000,127.0000,False,right,False
325,1791553339.258742,2240.0000,16648.0000,6.0000,127.5000,False,right,False
326,1791553339.275409,2246.0000,16776.0000,6.0000,128.0000,False,right,False
327,1791553339.292076,2252.0000,16904.5000,6.0000,128.5000,False,right,False
328,1791553339.308742,2258.0000,17033.5000,6.0000,129.0000,False,right,False
329,1791553339.325409,2264.0000,17163.0000,6.0000,129.5000,False,right,False
330,1791553339.342076,2270.0000,17293.0000,6.0000,130.0000,False,right,False
331,1791553339.358742,2276.0000,17423.5000,6.0000,130.5000,False,right,False
332,1791553339.375409,2282.0000,17554.5000,6.0000,131.0000,False,right,False
333,1791553339.392076,2288.0000,17686.0000,6.0000,131.5000,False,right,False
334,1791553339.408742,2294.0000,17818.0000,6.0000,132.0000,False,right,False
335,1791553339.425409,2300.0000,17950.5000,6.0000,132.5000,False,right,False
336,1791553339.442075,2306.0000,18083.5000,6.0000,133.0000,False,right,False
337,1791553339.458742,2312.0000,18217.0000,6.0000,133.5000,False,right,False
338,1791553339.475409,2318.0000,18351.0000,6.0000,134.0000,False,right,False
339,1791553339.492076,2324.0000,18485.5000,6.0000,134.5000,False,right,False
340,1791553339.508742,2330.0000,18620.5000,6.0000,135.0000,False,right,False
341,1791553339.525409,2336.0000,18756.0000,6.0000,135.5000,False,right,False
342,1791553339.542076,2342.0000,18892.0000,6.0000,136.0000,False,right,False
343,1791553339.558742,2348.0000,19028.5000,6.0000,136.5000,False,right,False
344,1791553339.575409,2354.0000,19165.5000,6.0000,137.0000,False,right,False
345,1791553339.592076,2360.0000,19303.0000,6.0000,137.5000,False,right,False
346,1791553339.608742,2366.0000,19441.0000,6.0000,138.0000,False,right,False
347,1791553339.625409,2372.0000,19579.5000,6.0000,138.5000,False,right,False
348,1791553339.642076,2378.0000,19718.5000,6.0000,139.0000,False,right,False
349,1791553339.658742,2384.0000,19858.0000,6.0000,139.5000,False,right,False
350,1791553339.675409,2390.0000,19998.0000,6.0000,140.0000,False,right,False
351,1791553339.692075,2396.0000,20138.5000,6.0000,140.5000,False,right,False
352,1791553339.708742,2402.0000,20279.5000,6.0000,141.0000,False,right,False
353,1791553339.725409,2408.0000,20421.0000,6.0000,141.5000,False,right,False
354,1791553339.742076,2414.0000,20563.0000,6.0000,142.0000,False,right,False
355,1791553339.758742,2420.0000,20705.5000,6.0000,142.5000,False,right,False
356,1791553339.775409,2426.0000,20848.5000,6.0000,143.0000,False,right,False
357,1791553339.792076,2432.0000,20992.0000,6.0000,143.5000,False,right,False
358,1791553339.808742,2438.0000,21136.0000,6.0000,144.0000,False,right,False
359,1791553339.825409,2444.0000,21280.5000,6.0000,144.5000,False,right,False
360,1791553339.842076,2450.0000,21425.5000,6.0000,145.0000,False,right,False
361,1791553339.858742,2456.0000,21571.0000,6.0000,145.5000,False,right,False
362,1791553339.875409,2462.0000,21717.0000,6.0000,146.0000,False,right,False
363,1791553339.892076,2468.0000,21863.5000,6.0000,146.5000,False,right,False
364,1791553339.908742,2474.0000,22010.5000,6.0000,147.0000,False,right,False
365,1791553339.925409,2480.0000,22158.0000,6.0000,147.5000,False,right,False
366,1791553339.942075,2486.0000,22306.0000,6.0000,148.0000,False,right,False
367,1791553339.958742,2492.0000,22454.5000,6.0000,148.5000,False,right,False
368,1791553339.975409,2498.0000,22603.5000,6.0000,149.0000,False,right,False
369,1791553339.992076,2504.0000,22753.0000,6.0000,149.5000,False,right,False
370,1791553340.008742,2510.0000,22903.0000,6.0000,150.0000,False,right,False
371,1791553340.025409,2516.0000,23053.5000,6.0000,150.5000,False,right,False
372,1791553340.042076,2522.0000,23204.5000,6.0000,151.0000,False,right,False
373,1791553340.058742,2528.0000,23356.0000,6.0000,151.5000,False,right,False
374,1791553340.075409,2534.0000,23508.0000,6.0000,152.0000,False,right,False
375,1791553340.092076,2540.0000,23660.5000,6.0000,152.5000,False,right,False
376,1791553340.108742,2546.0000,23813.5000,6.0000,153.0000,False,right,False
377,1791553340.125409,2552.0000,23967.0000,6.0000,153.5000,False,right,False
378,1791553340.142076,2558.0000,24121.0000,6.0000,154.0000,False,right,False
379,1791553340.158742,2564.0000,24275.5000,6.0000,154.5000,False,right,False
380,1791553340.175409,2570.0000,24430.5000,6.0000,155.0000,False,right,False
381,1791553340.192075,2576.0000,24586.0000,6.0000,155.5000,False,right,False
382,1791553340.208742,2582.0000,24742.0000,6.0000,156.0000,False,right,False
383,1791553340.225409,2588.0000,24898.5000,6.0000,156.5000,False,right,False
384,1791553340.242076,2594.0000,25055.5000,6.0000,157.0000,False,right,False
385,1791553340.258742,2600.0000,25213.0000,6.0000,157.5000,False,right,False
386,1791553340.275409,2606.0000,25371.0000,6.0000,158.0000,False,right,False
387,1791553340.292076,640.8000,404.5000,0.8000,0.5000,False,right,False
388,1791553340.308742,640.8000,405.5000,0.0000,1.0000,False,left,False
389,1791553340.325409,640.0000,407.0000,-0.8000,1.5000,False,left,False
390,1791553340.342076,638.4000,408.0000,-1.6000,0.0000,True,left,True
391,1791553340.358742,636.0000,408.0000,-2.4000,0.0000,True,left,True
392,1791553340.375409,632.8000,408.0000,-3.2000,0.0000,True,left,True
393,1791553340.392076,628.8000,408.0000,-4.0000,0.0000,True,left,True
394,1791553340.408742,624.0000,408.0000,-4.8000,0.0000,True,left,True
395,1791553340.425409,618.4000,408.0000,-5.6000,0.0000,True,left,True
396,1791553340.442075,612.4000,408.0000,-6.0000,0.0000,True,left,True
397,1791553340.458742,606.4000,398.2500,-6.0000,-9.7500,False,left+jump,False
398,1791553340.475409,600.4000,389.0000,-6.0000,-9.2500,False,left,False
399,1791553340.492076,594.4000,380.2500,-6.0000,-8.7500,False,left,False
400,1791553340.508742,588.4000,376.0000,-6.0000,0.0000,False,left,True
401,1791553340.525409,582.4000,376.5000,-6.0000,0.5000,False,left,True
402,1791553340.542076,576.4000,377.5000,-6.0000,1.0000,False,left,False
403,1791553340.558742,570.4000,379.0000,-6.0000,1.5000,False,left,False
404,1791553340.575409,564.4000,381.0000,-6.0000,2.0000,False,left,False
405,1791553340.592076,558.4000,383.5000,-6.0000,2.5000,False,left,False
406,1791553340.608742,552.4000,386.5000,-6.0000,3.0000,False,left,False
407,1791553340.625409,546.4000,390.0000,-6.0000,3.5000,False,left,False
408,1791553340.642076,540.4000,394.0000,-6.0000,4.0000,False,left,False
409,1791553340.658742,534.4000,398.5000,-6.0000,4.5000,False,left,False
410,1791553340.675409,528.4000,403.5000,-6.0000,5.0000,False,left,False
411,1791553340.692075,522.4000,408.0000,-6.0000,0.0000,True,left,True
412,1791553340.708742,516.4000,408.0000,-6.0000,0.0000,True,left,True
413,1791553340.725409,510.4000,408.0000,-6.0000,0.0000,True,left,True
414,1791553340.742076,504.4000,408.0000,-6.0000,0.0000,True,left,True
415,1791553340.758742,498.4000,408.0000,-6.0000,0.0000,True,left,True
416,1791553340.775409,492.4000,408.0000,-6.0000,0.0000,True,left,True
417,1791553340.792076,486.4000,408.0000,-6.0000,0.0000,True,left,True
418,1791553340.808742,480.4000,408.0000,-6.0000,0.0000,True,left,True
419,1791553340.825409,475.3000,408.0000,-5.1000,0.0000,True,none,True
420,1791553340.842076,470.9650,408.0000,-4.3350,0.0000,True,none,True
421,1791553340.858742,467.2802,408.0000,-3.6847,0.0000,True,none,True
422,1791553340.875409,464.1482,408.0000,-3.1320,0.0000,True,none,True
423,1791553340.892076,461.4860,408.0000,-2.6622,0.0000,True,none,True
424,1791553340.908742,459.2231,408.0000,-2.2629,0.0000,True,none,True
425,1791553340.925409,457.2996,408.0000,-1.9235,0.0000,True,none,True
426,1791553340.942075,455.6647,408.0000,-1.6349,0.0000,True,none,True
427,1791553340.958742,454.2750,408.0000,-1.3897,0.0000,True,none,True
428,1791553340.975409,453.0937,408.0000,-1.1812,0.0000,True,none,True
429,1791553340.992076,452.0897,408.0000,-1.0041,0.0000,True,none,True
430,1791553341.008742,451.2362,408.0000,-0.8535,0.0000,True,none,True
431,1791553341.025409,450.5108,408.0000,-0.7254,0.0000,True,none,True
432,1791553341.042076,449.8942,408.0000,-0.6166,0.0000,True,none,True
433,1791553341.058742,449.3700,408.0000,-0.5241,0.0000,True,none,True
434,1791553341.075409,448.9245,408.0000,-0.4455,0.0000,True,none,True
435,1791553341.092076,448.5459,408.0000,-0.3787,0.0000,True,none,True
436,1791553341.108742,448.2240,408.0000,-0.3219,0.0000,True,none,True
437,1791553341.125409,447.1021,408.5000,-1.1219,0.5000,False,left,True
438,1791553341.142076,445.1802,409.5000,-1.9219,1.0000,False,left,False
439,1791553341.158742,442.4583,411.0000,-2.7219,1.5000,False,left,False
440,1791553341.175409,440.0000,413.0000,0.0000,2.0000,False,left,True
441,1791553341.192075,440.0000,415.5000,0.0000,2.5000,False,left+jump,True
442,1791553341.208742,440.0000,418.5000,0.0000,3.0000,False,left+jump,True
443,1791553341.225409,440.0000,422.0000,0.0000,3.5000,False,left+jump,True
444,1791553341.242076,440.0000,426.0000,0.0000,4.0000,False,left+jump,True
445,1791553341.258742,440.0000,430.5000,0.0000,4.5000,False,left+jump,True
446,1791553341.275409,440.0000,435.5000,0.0000,5.0000,False,left+jump,True
447,1791553341.292076,440.0000,441.0000,0.0000,5.5000,False,jump,True
448,1791553341.308742,440.0000,447.0000,0.0000,6.0000,False,jump,True
449,1791553341.325409,440.0000,453.5000,0.0000,6.5000,False,jump,True
450,1791553341.342076,440.0000,460.5000,0.0000,7.0000,False,jump,True
451,1791553341.358742,440.0000,468.0000,0.0000,7.5000,False,jump,True
452,1791553341.375409,440.0000,476.0000,0.0000,8.0000,False,left+jump,True
453,1791553341.392076,440.0000,484.5000,0.0000,8.5000,False,left+jump,True
454,1791553341.408742,440.0000,493.5000,0.0000,9.0000,False,left+jump,True
455,1791553341.425409,440.0000,503.0000,0.0000,9.5000,False,left+jump,True
456,1791553341.442075,440.0000,513.0000,0.0000,10.0000,False,left+jump,True
457,1791553341.458742,440.0000,523.5000,0.0000,10.5000,False,left+jump,True
458,1791553341.475409,440.8000,534.5000,0.8000,11.0000,False,right,True
459,1791553341.492076,442.4000,546.0000,1.6000,11.5000,False,right,False
460,1791553341.508742,443.2000,558.0000,0.8000,12.0000,False,left+jump,True
461,1791553341.525409,443.2000,558.0000,0.0000,0.0000,True,left+jump,True
462,1791553341.542076,442.4000,558.0000,-0.8000,0.0000,True,left,True
463,1791553341.558742,440.8000,558.0000,-1.6000,0.0000,True,left,True
464,1791553341.575409,440.0000,558.0000,0.0000,0.0000,True,left,True
465,1791553341.592076,440.0000,558.0000,0.0000,0.0000,True,left,True
466,1791553341.608742,440.0000,558.0000,0.0000,0.0000,True,left,True
467,1791553341.625409,440.0000,548.2500,0.0000,-9.7500,False,left+jump,True
468,1791553341.642076,440.0000,539.0000,0.0000,-9.2500,False,left+jump,True
469,1791553341.658742,440.0000,530.2500,0.0000,-8.7500,False,left+jump,True
470,1791553341.675409,440.0000,522.0000,0.0000,-8.2500,False,left+jump,True
471,1791553341.692075,440.0000,514.2500,0.0000,-7.7500,False,left+jump,True
472,1791553341.708742,440.0000,507.0000,0.0000,-7.2500,False,left+jump,True
473,1791553341.725409,440.0000,500.2500,0.0000,-6.7500,False,left,True
474,1791553341.742076,440.0000,494.0000,0.0000,-6.2500,False,left,True
475,1791553341.758742,440.0000,488.2500,0.0000,-5.7500,False,left,True
476,1791553341.775409,440.0000,483.0000,0.0000,-5.2500,False,left,True
477,1791553341.792076,440.0000,478.2500,0.0000,-4.7500,False,left+jump,True
478,1791553341.808742,440.0000,474.0000,0.0000,-4.2500,False,left+jump,True
479,1791553341.825409,440.0000,470.2500,0.0000,-3.7500,False,left+jump,True
480,1791553341.842076,440.0000,467.0000,0.0000,-3.2500,False,left+jump,True
481,1791553341.858742,440.0000,464.2500,0.0000,-2.7500,False,left+jump,True
482,1791553341.875409,440.0000,462.0000,0.0000,-2.2500,False,left+jump,True
483,1791553341.892076,440.0000,460.2500,0.0000,-1.7500,False,left+jump,True
484,1791553341.908742,440.0000,459.0000,0.0000,-1.2500,False,left+jump,True
485,1791553341.925409,440.0000,458.2500,0.0000,-0.7500,False,left+jump,True
486,1791553341.942075,440.0000,458.0000,0.0000,-0.2500,False,jump,True
487,1791553341.958742,440.0000,458.2500,0.0000,0.2500,False,jump,True
488,1791553341.975409,440.0000,459.0000,0.0000,0.7500,False,left+jump,True
489,1791553341.992076,440.0000,460.2500,0.0000,1.2500,False,left+jump,True
490,1791553342.008742,440.0000,462.0000,0.0000,1.7500,False,left+jump,True
491,1791553342.025409,440.0000,464.2500,0.0000,2.2500,False,left+jump,True
492,1791553342.042076,440.0000,467.0000,0.0000,2.7500,False,left+jump,True
493,1791553342.058742,440.0000,470.2500,0.0000,3.2500,False,left+jump,True
494,1791553342.075409,440.0000,474.0000,0.0000,3.7500,False,left+jump,True
495,1791553342.092076,440.0000,478.2500,0.0000,4.2500,False,jump,True
496,1791553342.108742,440.0000,483.0000,0.0000,4.7500,False,jump,True
497,1791553342.125409,440.0000,488.2500,0.0000,5.2500,False,jump,True
498,1791553342.142076,440.0000,494.0000,0.0000,5.7500,False,jump,True
499,1791553342.158742,440.0000,500.2500,0.0000,6.2500,False,jump,True
500,1791553342.175409,440.0000,507.0000,0.0000,6.7500,False,jump,True
501,1791553342.192075,440.0000,514.2500,0.0000,7.2500,False,left+jump,True
502,1791553342.208742,440.0000,522.0000,0.0000,7.7500,False,left+jump,True
503,1791553342.225409,440.0000,530.2500,0.0000,8.2500,False,left+jump,True
504,1791553342.242076,440.8000,539.0000,0.8000,8.7500,False,right+jump,True
505,1791553342.258742,442.4000,548.2500,1.6000,9.2500,False,right+jump,False
506,1791553342.275409,444.8000,558.0000,2.4000,9.7500,False,right+jump,True
507,1791553342.292076,446.4000,558.0000,1.6000,0.0000,True,left+jump,True
508,1791553342.308742,447.2000,548.2500,0.8000,-9.7500,False,left+jump,True
509,1791553342.325409,447.2000,539.0000,0.0000,-9.2500,False,left+jump,True
510,1791553342.342076,446.4000,530.2500,-0.8000,-8.7500,False,left+jump,False
511,1791553342.358742,444.8000,522.0000,-1.6000,-8.2500,False,left+jump,False
512,1791553342.375409,442.4000,514.2500,-2.4000,-7.7500,False,left+jump,False
513,1791553342.392076,440.0000,507.0000,0.0000,-7.2500,False,left+jump,True
514,1791553342.408742,440.0000,500.2500,0.0000,-6.7500,False,left+jump,True
515,1791553342.425409,440.0000,494.0000,0.0000,-6.2500,False,left+jump,True
516,1791553342.442075,440.0000,488.2500,0.0000,-5.7500,False,left+jump,True
517,1791553342.458742,440.8000,483.0000,0.8000,-5.2500,False,right+jump,True
518,1791553342.475409,442.4000,478.2500,1.6000,-4.7500,False,right+jump,False
519,1791553342.492076,443.2000,474.0000,0.8000,-4.2500,False,left+jump,False
520,1791553342.508742,443.2000,470.2500,0.0000,-3.7500,False,left+jump,False
521,1791553342.525409,444.0000,467.0000,0.8000,-3.2500,False,right,False
522,1791553342.542076,445.6000,464.2500,1.6000,-2.7500,False,right,False
523,1791553342.558742,448.0000,462.0000,0.0000,-2.2500,False,right,True
524,1791553342.575409,448.0000,460.2500,0.0000,-1.7500,False,right+jump,True
525,1791553342.592076,448.0000,459.0000,0.0000,-1.2500,False,right+jump,True
526,1791553342.608742,448.0000,458.2500,0.0000,-0.7500,False,right+jump,True
527,1791553342.625409,448.0000,458.0000,0.0000,-0.2500,False,right+jump,True
528,1791553342.642076,448.0000,458.2500,0.0000,0.2500,False,right+jump,True
529,1791553342.658742,447.2000,459.0000,-0.8000,0.7500,False,left+jump,True
530,1791553342.675409,445.6000,460.2500,-1.6000,1.2500,False,left+jump,False
531,1791553342.692075,443.2000,462.0000,-2.4000,1.7500,False,left+jump,False
532,1791553342.708742,440.0000,464.2500,-3.2000,2.2500,False,left+jump,True
533,1791553342.725409,440.0000,467.0000,0.0000,2.7500,False,left+jump,True
534,1791553342.742076,440.0000,470.2500,0.0000,3.2500,False,left+jump,True
535,1791553342.758742,440.8000,474.0000,0.8000,3.7500,False,right,True
536,1791553342.775409,442.4000,478.2500,1.6000,4.2500,False,right,False
537,1791553342.792076,444.8000,483.0000,2.4000,4.7500,False,right+jump,False
538,1791553342.808742,448.0000,488.2500,3.2000,5.2500,False,right+jump,True
539,1791553342.825409,448.0000,494.0000,0.0000,5.7500,False,right+jump,True
540,1791553342.842076,448.0000,500.2500,0.0000,6.2500,False,right+jump,True
541,1791553342.858742,448.0000,507.0000,0.0000,6.7500,False,right+jump,True
542,1791553342.875409,448.0000,514.2500,0.0000,7.2500,False,right+jump,True
543,1791553342.892076,448.0000,522.0000,0.0000,7.7500,False,right+jump,True
544,1791553342.908742,448.0000,530.2500,0.0000,8.2500,False,right+jump,True
545,1791553342.925409,448.0000,539.0000,0.0000,8.7500,False,right+jump,True
546,1791553342.942075,448.0000,548.2500,0.0000,9.2500,False,right+jump,True
547,1791553342.958742,448.0000,558.0000,0.0000,9.7500,False,right+jump,True
548,1791553342.975409,448.0000,558.0000,0.0000,0.0000,True,right+jump,True
549,1791553342.992076,448.0000,548.2500,0.0000,-9.7500,False,right+jump,True
550,1791553343.008742,448.0000,539.0000,0.0000,-9.2500,False,right+jump,True
551,1791553343.025409,448.0000,530.2500,0.0000,-8.7500,False,right+jump,True
552,1791553343.042076,448.0000,522.0000,0.0000,-8.2500,False,right+jump,True
553,1791553343.058742,448.0000,514.2500,0.0000,-7.7500,False,right+jump,True
554,1791553343.075409,448.0000,507.0000,0.0000,-7.2500,False,right+jump,True
555,1791553343.092076,448.0000,500.2500,0.0000,-6.7500,False,right+jump,True
556,1791553343.108742,448.0000,494.0000,0.0000,-6.2500,False,right+jump,True
557,1791553343.125409,448.0000,488.2500,0.0000,-5.7500,False,right+jump,True
558,1791553343.142076,448.0000,483.0000,0.0000,-5.2500,False,right+jump,True
559,1791553343.158742,448.0000,478.2500,0.0000,-4.7500,False,right+jump,True
560,1791553343.175409,448.0000,474.0000,0.0000,-4.2500,False,right+jump,True
561,1791553343.192075,448.0000,470.2500,0.0000,-3.7500,False,right+jump,True
562,1791553343.208742,448.0000,467.0000,0.0000,-3.2500,False,right,True
563,1791553343.225409,448.0000,464.2500,0.0000,-2.7500,False,right,True
564,1791553343.242076,448.0000,462.0000,0.0000,-2.2500,False,right,True
565,1791553343.258742,448.0000,460.2500,0.0000,-1.7500,False,right,True
566,1791553343.275409,448.0000,459.0000,0.0000,-1.2500,False,right,True
567,1791553343.292076,448.0000,458.2500,0.0000,-0.7500,False,right,True
568,1791553343.308742,448.0000,458.0000,0.0000,-0.2500,False,right,True
569,1791553343.325409,448.0000,458.2500,0.0000,0.2500,False,right,True
570,1791553343.342076,448.0000,459.0000,0.0000,0.7500,False,right,True
571,1791553343.358742,448.0000,460.2500,0.0000,1.2500,False,right,True
572,1791553343.375409,448.0000,462.0000,0.0000,1.7500,False,right,True
573,1791553343.392076,448.0000,464.2500,0.0000,2.2500,False,right,True
574,1791553343.408742,448.0000,467.0000,0.0000,2.7500,False,right,True
575,1791553343.425409,448.0000,470.2500,0.0000,3.2500,False,right,True
576,1791553343.442075,448.0000,474.0000,0.0000,3.7500,False,right,True
577,1791553343.458742,448.0000,478.2500,0.0000,4.2500,False,right+jump,True
578,1791553343.475409,448.0000,483.0000,0.0000,4.7500,False,right+jump,True
579,1791553343.492076,448.0000,488.2500,0.0000,5.2500,False,right+jump,True
580,1791553343.508742,448.0000,494.0000,0.0000,5.7500,False,right+jump,True
581,1791553343.525409,448.0000,500.2500,0.0000,6.2500,False,right+jump,True
582,1791553343.542076,448.0000,507.0000,0.0000,6.7500,False,right+jump,True
583,1791553343.558742,448.0000,514.2500,0.0000,7.2500,False,right+jump,True
584,1791553343.575409,448.0000,522.0000,0.0000,7.7500,False,right+jump,True
585,1791553343.592076,448.0000,530.2500,0.0000,8.2500,False,right+jump,True
586,1791553343.608742,448.0000,539.0000,0.0000,8.7500,False,right+jump,True
587,1791553343.625409,448.0000,548.2500,0.0000,9.2500,False,right+jump,True
588,1791553343.642076,447.2000,558.0000,-0.8000,9.7500,False,left,True
589,1791553343.658742,445.6000,558.0000,-1.6000,0.0000,True,left,True
590,1791553343.675409,443.2000,558.0000,-2.4000,0.0000,True,left,True
591,1791553343.692075,441.1600,548.2500,-2.0400,-9.7500,False,jump,False
592,1791553343.708742,440.0000,539.0000,0.0000,-9.2500,False,jump,True
593,1791553343.725409,440.0000,530.2500,0.0000,-8.7500,False,jump,True
594,1791553343.742076,440.0000,522.0000,0.0000,-8.2500,False,jump,True
595,1791553343.758742,440.0000,514.2500,0.0000,-7.7500,False,jump,True
596,1791553343.775409,440.0000,507.0000,0.0000,-7.2500,False,jump,True
597,1791553343.792076,440.0000,500.2500,0.0000,-6.7500,False,jump,True
598,1791553343.808742,440.0000,494.0000,0.0000,-6.2500,False,jump,True
599,1791553343.825409,440.0000,488.2500,0.0000,-5.7500,False,jump,True
600,1791553343.842076,440.8000,483.0000,0.8000,-5.2500,False,right+jump,True
601,1791553343.858742,442.4000,478.2500,1.6000,-4.7500,False,right+jump,False
602,1791553343.875409,444.8000,474.0000,2.4000,-4.2500,False,right+jump,False
603,1791553343.892076,448.0000,470.2500,3.2000,-3.7500,False,right+jump,True
604,1791553343.908742,448.0000,467.0000,0.0000,-3.2500,False,right+jump,True
605,1791553343.925409,447.2000,464.2500,-0.8000,-2.7500,False,left,True
606,1791553343.942075,445.6000,462.0000,-1.6000,-2.2500,False,left,False
607,1791553343.958742,443.2000,460.2500,-2.4000,-1.7500,False,left,False
608,1791553343.975409,440.0000,459.0000,-3.2000,-1.2500,False,left,True
609,1791553343.992076,440.0000,458.2500,0.0000,-0.7500,False,left,True
610,1791553344.008742,440.0000,458.0000,0.0000,-0.2500,False,left,True
611,1791553344.025409,440.8000,458.2500,0.8000,0.2500,False,right+jump,True
612,1791553344.042076,442.4000,459.0000,1.6000,0.7500,False,right+jump,False
613,1791553344.058742,444.8000,460.2500,2.4000,1.2500,False,right+jump,False
614,1791553344.075409,448.0000,462.0000,3.2000,1.7500,False,right+jump,True
615,1791553344.092076,448.0000,464.2500,0.0000,2.2500,False,right,True
616,1791553344.108742,448.0000,467.0000,0.0000,2.7500,False,right,True
617,1791553344.125409,448.0000,470.2500,0.0000,3.2500,False,right,True
618,1791553344.142076,448.0000,474.0000,0.0000,3.7500,False,right,True
619,1791553344.158742,448.0000,478.2500,0.0000,4.2500,False,right+jump,True
620,1791553344.175409,448.0000,483.0000,0.0000,4.7500,False,right+jump,True
621,1791553344.192075,448.0000,488.2500,0.0000,5.2500,False,right+jump,True
622,1791553344.208742,448.0000,494.0000,0.0000,5.7500,False,right+jump,True
623,1791553344.225409,448.0000,500.2500,0.0000,6.2500,False,right+jump,True
624,1791553344.242076,448.0000,507.0000,0.0000,6.7500,False,right+jump,True
625,1791553344.258742,448.0000,514.2500,0.0000,7.2500,False,right+jump,True
626,1791553344.275409,448.0000,522.0000,0.0000,7.7500,False,right+jump,True
627,1791553344.292076,448.0000,530.2500,0.0000,8.2500,False,right+jump,True
628,1791553344.308742,448.0000,539.0000,0.0000,8.7500,False,right+jump,True
629,1791553344.325409,448.0000,548.2500,0.0000,9.2500,False,right+jump,True
630,1791553344.342076,448.0000,558.0000,0.0000,9.7500,False,right,True
631,1791553344.358742,448.0000,558.0000,0.0000,0.0000,True,right,True
632,1791553344.375409,448.0000,558.0000,0.0000,0.0000,True,right,True
633,1791553344.392076,448.0000,558.0000,0.0000,0.0000,True,right,True
634,1791553344.408742,448.0000,558.0000,0.0000,0.0000,True,right,True
635,1791553344.425409,448.0000,558.0000,0.0000,0.0000,True,right,True
636,1791553344.442075,448.0000,548.2500,0.0000,-9.7500,False,right+jump,True
637,1791553344.458742,448.0000,539.0000,0.0000,-9.2500,False,right+jump,True
638,1791553344.475409,448.0000,530.2500,0.0000,-8.7500,False,right+jump,True
639,1791553344.492076,448.0000,522.0000,0.0000,-8.2500,False,right+jump,True
640,1791553344.508742,448.0000,514.2500,0.0000,-7.7500,False,right+jump,True
641,1791553344.525409,448.0000,507.0000,0.0000,-7.2500,False,right+jump,True
642,1791553344.542076,448.0000,500.2500,0.0000,-6.7500,False,right+jump,True
643,1791553344.558742,448.0000,494.0000,0.0000,-6.2500,False,right,True
644,1791553344.575409,448.0000,488.2500,0.0000,-5.7500,False,right,True
645,1791553344.592076,448.0000,483.0000,0.0000,-5.2500,False,right,True
646,1791553344.608742,448.0000,478.2500,0.0000,-4.7500,False,right,True
647,1791553344.625409,448.0000,474.0000,0.0000,-4.2500,False,right,True
648,1791553344.642076,448.0000,470.2500,0.0000,-3.7500,False,right,True
649,1791553344.658742,448.0000,467.0000,0.0000,-3.2500,False,right,True
650,1791553344.675409,448.0000,464.2500,0.0000,-2.7500,False,right,True
651,1791553344.692075,448.0000,462.0000,0.0000,-2.2500,False,right,True
652,1791553344.708742,448.0000,460.2500,0.0000,-1.7500,False,right,True
653,1791553344.725409,448.0000,459.0000,0.0000,-1.2500,False,right+jump,True
654,1791553344.742076,448.0000,458.2500,0.0000,-0.7500,False,right+jump,True
655,1791553344.758742,448.0000,458.0000,0.0000,-0.2500,False,right+jump,True
656,1791553344.775409,448.0000,458.2500,0.0000,0.2500,False,jump,True
657,1791553344.792076,448.0000,459.0000,0.0000,0.7500,False,jump,True
658,1791553344.808742,448.0000,460.2500,0.0000,1.2500,False,right+jump,True
659,1791553344.825409,448.0000,462.0000,0.0000,1.7500,False,right+jump,True
660,1791553344.842076,448.0000,464.2500,0.0000,2.2500,False,right+jump,True
661,1791553344.858742,448.0000,467.0000,0.0000,2.7500,False,right+jump,True
662,1791553344.875409,448.0000,470.2500,0.0000,3.2500,False,right+jump,True
663,1791553344.892076,448.0000,474.0000,0.0000,3.7500,False,right+jump,True
664,1791553344.908742,448.0000,478.2500,0.0000,4.2500,False,right+jump,True
665,1791553344.925409,448.0000,483.0000,0.0000,4.7500,False,right+jump,True
666,1791553344.942075,448.0000,488.2500,0.0000,5.2500,False,right+jump,True
667,1791553344.958742,448.0000,494.0000,0.0000,5.7500,False,right+jump,True
668,1791553344.975409,448.0000,500.2500,0.0000,6.2500,False,right+jump,True
669,1791553344.992076,448.0000,507.0000,0.0000,6.7500,False,right,True
670,1791553345.008742,448.0000,514.2500,0.0000,7.2500,False,right,True
671,1791553345.025409,448.0000,522.0000,0.0000,7.7500,False,right,True
672,1791553345.042076,448.0000,530.2500,0.0000,8.2500,False,right+jump,True
673,1791553345.058742,448.0000,539.0000,0.0000,8.7500,False,right+jump,True
674,1791553345.075409,448.0000,548.2500,0.0000,9.2500,False,right+jump,True
675,1791553345.092076,447.2000,558.0000,-0.8000,9.7500,False,left,True
676,1791553345.108742,445.6000,558.0000,-1.6000,0.0000,True,left,True
677,1791553345.125409,443.2000,558.0000,-2.4000,0.0000,True,left,True
678,1791553345.142076,440.0000,558.0000,-3.2000,0.0000,True,left,True
679,1791553345.158742,440.0000,548.2500,0.0000,-9.7500,False,jump,True
680,1791553345.175409,440.0000,539.0000,0.0000,-9.2500,False,jump,True
681,1791553345.192075,440.0000,530.2500,0.0000,-8.7500,False,jump,True
682,1791553345.208742,440.0000,522.0000,0.0000,-8.2500,False,jump,True
683,1791553345.225409,440.0000,514.2500,0.0000,-7.7500,False,jump,True
684,1791553345.242076,440.0000,507.0000,0.0000,-7.2500,False,jump,True
685,1791553345.258742,440.8000,500.2500,0.8000,-6.7500,False,right,True
686,1791553345.275409,442.4000,494.0000,1.6000,-6.2500,False,right,False
687,1791553345.292076,444.8000,488.2500,2.4000,-5.7500,False,right,False
688,1791553345.308742,448.0000,483.0000,3.2000,-5.2500,False,right,True
689,1791553345.325409,448.0000,478.2500,0.0000,-4.7500,False,right,True
690,1791553345.342076,447.2000,474.0000,-0.8000,-4.2500,False,left,True
691,1791553345.358742,445.6000,470.2500,-1.6000,-3.7500,False,left,False
692,1791553345.375409,443.2000,467.0000,-2.4000,-3.2500,False,left,False
693,1791553345.392076,440.0000,464.2500,-3.2000,-2.7500,False,left,True
694,1791553345.408742,440.0000,462.0000,0.0000,-2.2500,False,left+jump,True
695,1791553345.425409,440.0000,460.2500,0.0000,-1.7500,False,left+jump,True
696,1791553345.442075,440.8000,459.0000,0.8000,-1.2500,False,right,True
697,1791553345.458742,442.4000,458.2500,1.6000,-0.7500,False,right,False
698,1791553345.475409,444.8000,458.0000,2.4000,-0.2500,False,right,False
699,1791553345.492076,448.0000,458.2500,3.2000,0.2500,False,right,True
700,1791553345.508742,448.0000,459.0000,0.0000,0.7500,False,right,True
701,1791553345.525409,448.0000,460.2500,0.0000,1.2500,False,right,True
702,1791553345.542076,448.0000,462.0000,0.0000,1.7500,False,right+jump,True
703,1791553345.558742,448.0000,464.2500,0.0000,2.2500,False,right+jump,True
704,1791553345.575409,448.0000,467.0000,0.0000,2.7500,False,right+jump,True
705,1791553345.592076,448.0000,470.2500,0.0000,3.2500,False,right+jump,True
706,1791553345.608742,448.0000,474.0000,0.0000,3.7500,False,right+jump,True
707,1791553345.625409,448.0000,478.2500,0.0000,4.2500,False,right+jump,True
708,1791553345.642076,448.0000,483.0000,0.0000,4.7500,False,right+jump,True
709,1791553345.658742,448.0000,488.2500,0.0000,5.2500,False,right+jump,True
710,1791553345.675409,448.0000,494.0000,0.0000,5.7500,False,right+jump,True
711,1791553345.692075,448.0000,500.2500,0.0000,6.2500,False,right+jump,True
712,1791553345.708742,447.2000,507.0000,-0.8000,6.7500,False,left,True
713,1791553345.725409,445.6000,514.2500,-1.6000,7.2500,False,left,False
714,1791553345.742076,443.2000,522.0000,-2.4000,7.7500,False,left,False
715,1791553345.758742,440.8000,530.2500,-2.4000,8.2500,False,jump,True
716,1791553345.775409,440.0000,539.0000,0.0000,8.7500,False,jump,True
717,1791553345.792076,440.0000,548.2500,0.0000,9.2500,False,jump,True
718,1791553345.808742,440.0000,558.0000,0.0000,9.7500,False,jump,True
719,1791553345.825409,440.8000,558.0000,0.8000,0.0000,True,right+jump,True
720,1791553345.842076,442.4000,548.2500,1.6000,-9.7500,False,right+jump,False
721,1791553345.858742,444.8000,539.0000,2.4000,-9.2500,False,right+jump,False
722,1791553345.875409,448.0000,530.2500,3.2000,-8.7500,False,right+jump,True
723,1791553345.892076,448.0000,522.0000,0.0000,-8.2500,False,right+jump,True
724,1791553345.908742,447.2000,514.2500,-0.8000,-7.7500,False,left,True
725,1791553345.925409,445.6000,507.0000,-1.6000,-7.2500,False,left,False
726,1791553345.942075,443.2000,500.2500,-2.4000,-6.7500,False,left,False
727,1791553345.958742,440.0000,494.0000,-3.2000,-6.2500,False,left,True
728,1791553345.975409,440.0000,488.2500,0.0000,-5.7500,False,left,True
729,1791553345.992076,440.0000,483.0000,0.0000,-5.2500,False,left+jump,True
730,1791553346.008742,440.0000,478.2500,0.0000,-4.7500,False,left+jump,True
731,1791553346.025409,440.0000,474.0000,0.0000,-4.2500,False,left,True
732,1791553346.042076,440.0000,470.2500,0.0000,-3.7500,False,left,True
733,1791553346.058742,440.0000,467.0000,0.0000,-3.2500,False,left,True
734,1791553346.075409,440.0000,464.2500,0.0000,-2.7500,False,left,True
735,1791553346.092076,440.0000,462.0000,0.0000,-2.2500,False,left,True
736,1791553346.108742,440.0000,460.2500,0.0000,-1.7500,False,left,True
737,1791553346.125409,440.8000,459.0000,0.8000,-1.2500,False,right+jump,True
738,1791553346.142076,442.4000,458.2500,1.6000,-0.7500,False,right+jump,False
739,1791553346.158742,444.8000,458.0000,2.4000,-0.2500,False,right+jump,False
740,1791553346.175409,448.0000,458.2500,3.2000,0.2500,False,right+jump,True
741,1791553346.192075,448.0000,459.0000,0.0000,0.7500,False,right+jump,True
742,1791553346.208742,448.0000,460.2500,0.0000,1.2500,False,right+jump,True
743,1791553346.225409,448.0000,462.0000,0.0000,1.7500,False,right+jump,True
744,1791553346.242076,448.0000,464.2500,0.0000,2.2500,False,right,True
745,1791553346.258742,448.0000,467.0000,0.0000,2.7500,False,right,True
746,1791553346.275409,448.0000,470.2500,0.0000,3.2500,False,right+jump,True
747,1791553346.292076,448.0000,474.0000,0.0000,3.7500,False,right+jump,True
748,1791553346.308742,447.2000,478.2500,-0.8000,4.2500,False,left+jump,True
749,1791553346.325409,445.6000,483.0000,-1.6000,4.7500,False,left+jump,False
750,1791553346.342076,443.2000,488.2500,-2.4000,5.2500,False,left+jump,False
751,1791553346.358742,440.0000,494.0000,-3.2000,5.7500,False,left+jump,True
752,1791553346.375409,440.0000,500.2500,0.0000,6.2500,False,left+jump,True
753,1791553346.392076,440.0000,507.0000,0.0000,6.7500,False,jump,True
754,1791553346.408742,440.0000,514.2500,0.0000,7.2500,False,jump,True
755,1791553346.425409,440.0000,522.0000,0.0000,7.7500,False,jump,True
756,1791553346.442075,440.0000,530.2500,0.0000,8.2500,False,jump,True
757,1791553346.458742,440.0000,539.0000,0.0000,8.7500,False,jump,True
758,1791553346.475409,440.0000,548.2500,0.0000,9.2500,False,left+jump,True
759,1791553346.492076,440.0000,558.0000,0.0000,9.7500,False,left+jump,True
760,1791553346.508742,440.0000,558.0000,0.0000,0.0000,True,left+jump,True
761,1791553346.525409,440.0000,548.2500,0.0000,-9.7500,False,left+jump,True
762,1791553346.542076,440.0000,539.0000,0.0000,-9.2500,False,left+jump,True
763,1791553346.558742,440.0000,530.2500,0.0000,-8.7500,False,left+jump,True
764,1791553346.575409,440.8000,522.0000,0.8000,-8.2500,False,right,True
765,1791553346.592076,442.4000,514.2500,1.6000,-7.7500,False,right,False
766,1791553346.608742,444.8000,507.0000,2.4000,-7.2500,False,right,False
767,1791553346.625409,448.0000,500.2500,3.2000,-6.7500,False,right,True
768,1791553346.642076,448.0000,494.0000,0.0000,-6.2500,False,right,True
769,1791553346.658742,447.2000,488.2500,-0.8000,-5.7500,False,left,True
770,1791553346.675409,445.6000,483.0000,-1.6000,-5.2500,False,left,False
771,1791553346.692075,444.8000,478.2500,-0.8000,-4.7500,False,right,False
772,1791553346.708742,444.8000,474.0000,0.0000,-4.2500,False,right,False
773,1791553346.725409,445.6000,470.2500,0.8000,-3.7500,False,right,False
774,1791553346.742076,447.2000,467.0000,1.6000,-3.2500,False,right,True
775,1791553346.758742,448.0000,464.2500,0.0000,-2.7500,False,right,True
776,1791553346.775409,448.0000,462.0000,0.0000,-2.2500,False,right,True
777,1791553346.792076,448.0000,460.2500,0.0000,-1.7500,False,right+jump,True
778,1791553346.808742,448.0000,459.0000,0.0000,-1.2500,False,right+jump,True
779,1791553346.825409,448.0000,458.2500,0.0000,-0.7500,False,right+jump,True
780,1791553346.842076,448.0000,458.0000,0.0000,-0.2500,False,right+jump,True
781,1791553346.858742,448.0000,458.2500,0.0000,0.2500,False,right+jump,True
782,1791553346.875409,448.0000,459.0000,0.0000,0.7500,False,right+jump,True
783,1791553346.892076,448.0000,460.2500,0.0000,1.2500,False,right+jump,True
784,1791553346.908742,448.0000,462.0000,0.0000,1.7500,False,right+jump,True
785,1791553346.925409,448.0000,464.2500,0.0000,2.2500,False,right+jump,True
786,1791553346.942075,448.0000,467.0000,0.0000,2.7500,False,right+jump,True
787,1791553346.958742,448.0000,470.2500,0.0000,3.2500,False,right,True
788,1791553346.975409,448.0000,474.0000,0.0000,3.7500,False,right,True
789,1791553346.992076,448.0000,478.2500,0.0000,4.2500,False,right,True
790,1791553347.008742,448.0000,483.0000,0.0000,4.7500,False,right,True
791,1791553347.025409,448.0000,488.2500,0.0000,5.2500,False,right,True
792,1791553347.042076,448.0000,494.0000,0.0000,5.7500,False,right,True
793,1791553347.058742,448.0000,500.2500,0.0000,6.2500,False,jump,True
794,1791553347.075409,448.0000,507.0000,0.0000,6.7500,False,jump,True
795,1791553347.092076,448.0000,514.2500,0.0000,7.2500,False,jump,True
796,1791553347.108742,448.0000,522.0000,0.0000,7.7500,False,jump,True
797,1791553347.125409,448.0000,530.2500,0.0000,8.2500,False,jump,True
798,1791553347.142076,447.2000,539.0000,-0.8000,8.7500,False,left,True
799,1791553347.158742,445.6000,548.2500,-1.6000,9.2500,False,left,False
800,1791553347.175409,443.2000,558.0000,-2.4000,9.7500,False,left,True
801,1791553347.192075,440.0000,558.0000,-3.2000,0.0000,True,left,True
802,1791553347.208742,440.0000,548.2500,0.0000,-9.7500,False,right+jump,True
803,1791553347.225409,440.8000,539.0000,0.8000,-9.2500,False,right+jump,True
804,1791553347.242076,442.4000,530.2500,1.6000,-8.7500,False,right+jump,False
805,1791553347.258742,444.8000,522.0000,2.4000,-8.2500,False,right+jump,False
806,1791553347.275409,448.0000,514.2500,3.2000,-7.7500,False,right+jump,True
807,1791553347.292076,448.0000,507.0000,0.0000,-7.2500,False,right+jump,True
808,1791553347.308742,448.0000,500.2500,0.0000,-6.7500,False,right+jump,True
809,1791553347.325409,448.0000,494.0000,0.0000,-6.2500,False,right+jump,True
810,1791553347.342076,448.0000,488.2500,0.0000,-5.7500,False,right+jump,True
811,1791553347.358742,448.0000,483.0000,0.0000,-5.2500,False,jump,True
812,1791553347.375409,448.0000,478.2500,0.0000,-4.7500,False,jump,True
813,1791553347.392076,448.0000,474.0000,0.0000,-4.2500,False,jump,True
814,1791553347.408742,448.0000,470.2500,0.0000,-3.7500,False,jump,True
815,1791553347.425409,448.0000,467.0000,0.0000,-3.2500,False,jump,True
816,1791553347.442075,448.0000,464.2500,0.0000,-2.7500,False,jump,True
817,1791553347.458742,448.0000,462.0000,0.0000,-2.2500,False,jump,True
818,1791553347.475409,448.0000,460.2500,0.0000,-1.7500,False,jump,True
819,1791553347.492076,448.0000,459.0000,0.0000,-1.2500,False,jump,True
820,1791553347.508742,448.0000,458.2500,0.0000,-0.7500,False,right,True
821,1791553347.525409,448.0000,458.0000,0.0000,-0.2500,False,right,True
822,1791553347.542076,448.0000,458.2500,0.0000,0.2500,False,right,True
823,1791553347.558742,448.0000,459.0000,0.0000,0.7500,False,right+jump,True
824,1791553347.575409,448.0000,460.2500,0.0000,1.2500,False,right+jump,True
825,1791553347.592076,448.0000,462.0000,0.0000,1.7500,False,right+jump,True
826,1791553347.608742,448.0000,464.2500,0.0000,2.2500,False,right+jump,True
827,1791553347.625409,448.0000,467.0000,0.0000,2.7500,False,right+jump,True
828,1791553347.642076,448.0000,470.2500,0.0000,3.2500,False,right+jump,True
829,1791553347.658742,448.0000,474.0000,0.0000,3.7500,False,right+jump,True
830,1791553347.675409,448.0000,478.2500,0.0000,4.2500,False,right+jump,True
831,1791553347.692075,448.0000,483.0000,0.0000,4.7500,False,right+jump,True
832,1791553347.708742,447.2000,488.2500,-0.8000,5.2500,False,left,True
833,1791553347.725409,445.6000,494.0000,-1.6000,5.7500,False,left,False
834,1791553347.742076,443.2000,500.2500,-2.4000,6.2500,False,left,False
835,1791553347.758742,440.0000,507.0000,-3.2000,6.7500,False,left,True
836,1791553347.775409,440.0000,514.2500,0.0000,7.2500,False,left,True
837,1791553347.792076,440.0000,522.0000,0.0000,7.7500,False,left,True
838,1791553347.808742,440.0000,530.2500,0.0000,8.2500,False,left,True
839,1791553347.825409,440.0000,539.0000,0.0000,8.7500,False,left,True
840,1791553347.842076,440.8000,548.2500,0.8000,9.2500,False,right+jump,True
841,1791553347.858742,442.4000,558.0000,1.6000,9.7500,False,right+jump,True
842,1791553347.875409,444.8000,558.0000,2.4000,0.0000,True,right+jump,True
843,1791553347.892076,448.0000,548.2500,3.2000,-9.7500,False,right+jump,True
844,1791553347.908742,448.0000,539.0000,0.0000,-9.2500,False,right+jump,True
845,1791553347.925409,448.0000,530.2500,0.0000,-8.7500,False,right+jump,True
846,1791553347.942075,448.0000,522.0000,0.0000,-8.2500,False,right+jump,True
847,1791553347.958742,448.0000,514.2500,0.0000,-7.7500,False,right,True
848,1791553347.975409,448.0000,507.0000,0.0000,-7.2500,False,right,True
849,1791553347.992076,448.0000,500.2500,0.0000,-6.7500,False,jump,True
850,1791553348.008742,448.0000,494.0000,0.0000,-6.2500,False,jump,True
851,1791553348.025409,448.0000,488.2500,0.0000,-5.7500,False,jump,True
852,1791553348.042076,448.0000,483.0000,0.0000,-5.2500,False,jump,True
853,1791553348.058742,447.2000,478.2500,-0.8000,-4.7500,False,left,True
854,1791553348.075409,445.6000,474.0000,-1.6000,-4.2500,False,left,False
855,1791553348.092076,444.8000,470.2500,-0.8000,-3.7500,False,right,False
856,1791553348.108742,444.8000,467.0000,0.0000,-3.2500,False,right,False
857,1791553348.125409,445.6000,464.2500,0.8000,-2.7500,False,right,False
858,1791553348.142076,447.2000,462.0000,1.6000,-2.2500,False,right,True
859,1791553348.158742,448.0000,460.2500,0.8000,-1.7500,False,left+jump,True
860,1791553348.175409,448.0000,459.0000,0.0000,-1.2500,False,left+jump,True
861,1791553348.192075,447.2000,458.2500,-0.8000,-0.7500,False,left+jump,True
862,1791553348.208742,445.6000,458.0000,-1.6000,-0.2500,False,left+jump,False
863,1791553348.225409,443.2000,458.2500,-2.4000,0.2500,False,left+jump,False
864,1791553348.242076,441.6000,459.0000,-1.6000,0.7500,False,right+jump,False
865,1791553348.258742,440.8000,460.2500,-0.8000,1.2500,False,right+jump,True
866,1791553348.275409,440.8000,462.0000,-0.0000,1.7500,False,right+jump,True
867,1791553348.292076,441.6000,464.2500,0.8000,2.2500,False,right+jump,False
868,1791553348.308742,443.2000,467.0000,1.6000,2.7500,False,right+jump,False
869,1791553348.325409,445.6000,470.2500,2.4000,3.2500,False,right+jump,False
870,1791553348.342076,448.0000,474.0000,0.0000,3.7500,False,right,True
871,1791553348.358742,448.0000,478.2500,0.0000,4.2500,False,right,True
872,1791553348.375409,448.0000,483.0000,0.0000,4.7500,False,right,True
873,1791553348.392076,448.0000,488.2500,0.0000,5.2500,False,right,True
874,1791553348.408742,448.0000,494.0000,0.0000,5.7500,False,right+jump,True
875,1791553348.425409,448.0000,500.2500,0.0000,6.2500,False,right+jump,True
876,1791553348.442075,448.0000,507.0000,0.0000,6.7500,False,right+jump,True
877,1791553348.458742,448.0000,514.2500,0.0000,7.2500,False,right+jump,True
878,1791553348.475409,448.0000,522.0000,0.0000,7.7500,False,right+jump,True
879,1791553348.492076,448.0000,530.2500,0.0000,8.2500,False,right+jump,True
880,1791553348.508742,448.0000,539.0000,0.0000,8.7500,False,right+jump,True
881,1791553348.525409,448.0000,548.2500,0.0000,9.2500,False,right+jump,True
882,1791553348.542076,448.0000,558.0000,0.0000,9.7500,False,right+jump,True
883,1791553348.558742,448.0000,558.0000,0.0000,0.0000,True,right+jump,True
884,1791553348.575409,448.0000,548.2500,0.0000,-9.7500,False,right+jump,True
885,1791553348.592076,448.0000,539.0000,0.0000,-9.2500,False,right+jump,True
886,1791553348.608742,448.0000,530.2500,0.0000,-8.7500,False,right,True
887,1791553348.625409,448.0000,522.0000,0.0000,-8.2500,False,right,True
888,1791553348.642076,448.0000,514.2500,0.0000,-7.7500,False,right,True
889,1791553348.658742,448.0000,507.0000,0.0000,-7.2500,False,right,True
890,1791553348.675409,448.0000,500.2500,0.0000,-6.7500,False,right,True
891,1791553348.692075,448.0000,494.0000,0.0000,-6.2500,False,right,True
892,1791553348.708742,448.0000,488.2500,0.0000,-5.7500,False,right,True
893,1791553348.725409,448.0000,483.0000,0.0000,-5.2500,False,right,True
894,1791553348.742076,448.0000,478.2500,0.0000,-4.7500,False,right,True
895,1791553348.758742,448.0000,474.0000,0.0000,-4.2500,False,right,True
896,1791553348.775409,448.0000,470.2500,0.0000,-3.7500,False,right+jump,True
897,1791553348.792076,448.0000,467.0000,0.0000,-3.2500,False,right+jump,True
898,1791553348.808742,448.0000,464.2500,0.0000,-2.7500,False,right+jump,True
899,1791553348.825409,448.0000,462.0000,0.0000,-2.2500,False,right+jump,True
900,1791553348.842076,448.0000,460.2500,0.0000,-1.7500,False,right+jump,True
901,1791553348.858742,448.0000,459.0000,0.0000,-1.2500,False,right+jump,True
902,1791553348.875409,448.0000,458.2500,0.0000,-0.7500,False,right+jump,True
903,1791553348.892076,448.0000,458.0000,0.0000,-0.2500,False,right+jump,True
904,1791553348.908742,448.0000,458.2500,0.0000,0.2500,False,right+jump,True
905,1791553348.925409,448.0000,459.0000,0.0000,0.7500,False,right+jump,True
906,1791553348.942075,448.0000,460.2500,0.0000,1.2500,False,right+jump,True
907,1791553348.958742,448.0000,462.0000,0.0000,1.7500,False,right+jump,True
908,1791553348.975409,448.0000,464.2500,0.0000,2.2500,False,right+jump,True
909,1791553348.992076,448.0000,467.0000,0.0000,2.7500,False,jump,True
910,1791553349.008742,448.0000,470.2500,0.0000,3.2500,False,jump,True
911,1791553349.025409,448.0000,474.0000,0.0000,3.7500,False,right+jump,True
912,1791553349.042076,448.0000,478.2500,0.0000,4.2500,False,right+jump,True
913,1791553349.058742,448.0000,483.0000,0.0000,4.7500,False,right+jump,True
914,1791553349.075409,448.0000,488.2500,0.0000,5.2500,False,right+jump,True
915,1791553349.092076,448.0000,494.0000,0.0000,5.7500,False,right+jump,True
916,1791553349.108742,448.0000,500.2500,0.0000,6.2500,False,right+jump,True
917,1791553349.125409,448.0000,507.0000,0.0000,6.7500,False,jump,True
918,1791553349.142076,448.0000,514.2500,0.0000,7.2500,False,jump,True
919,1791553349.158742,448.0000,522.0000,0.0000,7.7500,False,jump,True
920,1791553349.175409,448.0000,530.2500,0.0000,8.2500,False,jump,True
921,1791553349.192075,447.2000,539.0000,-0.8000,8.7500,False,left+jump,True
922,1791553349.208742,445.6000,548.2500,-1.6000,9.2500,False,left+jump,False
923,1791553349.225409,443.2000,558.0000,-2.4000,9.7500,False,left+jump,True
924,1791553349.242076,441.6000,558.0000,-1.6000,0.0000,True,right+jump,True
925,1791553349.258742,440.8000,548.2500,-0.8000,-9.7500,False,right+jump,True
926,1791553349.275409,440.8000,539.0000,-0.0000,-9.2500,False,right+jump,True
927,1791553349.292076,441.6000,530.2500,0.8000,-8.7500,False,right+jump,False
928,1791553349.308742,443.2000,522.0000,1.6000,-8.2500,False,right+jump,False
929,1791553349.325409,445.6000,514.2500,2.4000,-7.7500,False,right+jump,False
930,1791553349.342076,448.0000,507.0000,0.0000,-7.2500,False,right+jump,True
931,1791553349.358742,448.0000,500.2500,0.0000,-6.7500,False,jump,True
932,1791553349.375409,448.0000,494.0000,0.0000,-6.2500,False,jump,True
933,1791553349.392076,448.0000,488.2500,0.0000,-5.7500,False,jump,True
934,1791553349.408742,448.0000,483.0000,0.0000,-5.2500,False,jump,True
935,1791553349.425409,448.0000,478.2500,0.0000,-4.7500,False,jump,True
936,1791553349.442075,448.0000,474.0000,0.0000,-4.2500,False,jump,True
937,1791553349.458742,448.0000,470.2500,0.0000,-3.7500,False,jump,True
938,1791553349.475409,448.0000,467.0000,0.0000,-3.2500,False,jump,True
939,1791553349.492076,448.0000,464.2500,0.0000,-2.7500,False,jump,True
940,1791553349.508742,448.0000,462.0000,0.0000,-2.2500,False,right+jump,True
941,1791553349.525409,448.0000,460.2500,0.0000,-1.7500,False,right+jump,True
942,1791553349.542076,448.0000,459.0000,0.0000,-1.2500,False,right+jump,True
943,1791553349.558742,448.0000,458.2500,0.0000,-0.7500,False,right+jump,True
944,1791553349.575409,448.0000,458.0000,0.0000,-0.2500,False,right,True
945,1791553349.592076,448.0000,458.2500,0.0000,0.2500,False,right,True
946,1791553349.608742,448.0000,459.0000,0.0000,0.7500,False,right,True
947,1791553349.625409,448.0000,460.2500,0.0000,1.2500,False,right,True
948,1791553349.642076,448.0000,462.0000,0.0000,1.7500,False,right,True
949,1791553349.658742,448.0000,464.2500,0.0000,2.2500,False,right,True
950,1791553349.675409,448.0000,467.0000,0.0000,2.7500,False,right,True
951,1791553349.692075,448.0000,470.2500,0.0000,3.2500,False,right,True
952,1791553349.708742,448.0000,474.0000,0.0000,3.7500,False,right,True
953,1791553349.725409,448.0000,478.2500,0.0000,4.2500,False,right+jump,True
954,1791553349.742076,448.0000,483.0000,0.0000,4.7500,False,right+jump,True
955,1791553349.758742,448.0000,488.2500,0.0000,5.2500,False,right+jump,True
956,1791553349.775409,448.0000,494.0000,0.0000,5.7500,False,right+jump,True
957,1791553349.792076,448.0000,500.2500,0.0000,6.2500,False,right+jump,True
958,1791553349.808742,448.0000,507.0000,0.0000,6.7500,False,right+jump,True
959,1791553349.825409,448.0000,514.2500,0.0000,7.2500,False,right+jump,True
960,1791553349.842076,448.0000,522.0000,0.0000,7.7500,False,right+jump,True
961,1791553349.858742,448.0000,530.2500,0.0000,8.2500,False,right+jump,True
962,1791553349.875409,448.0000,539.0000,0.0000,8.7500,False,right+jump,True
963,1791553349.892076,448.0000,548.2500,0.0000,9.2500,False,right+jump,True
964,1791553349.908742,448.0000,558.0000,0.0000,9.7500,False,right+jump,True
965,1791553349.925409,448.0000,558.0000,0.0000,0.0000,True,right+jump,True
966,1791553349.942075,448.0000,548.2500,0.0000,-9.7500,False,right+jump,True
967,1791553349.958742,448.0000,539.0000,0.0000,-9.2500,False,right+jump,True
968,1791553349.975409,448.0000,530.2500,0.0000,-8.7500,False,right+jump,True
969,1791553349.992076,448.0000,522.0000,0.0000,-8.2500,False,right+jump,True
970,1791553350.008742,448.0000,514.2500,0.0000,-7.7500,False,right+jump,True
971,1791553350.025409,448.0000,507.0000,0.0000,-7.2500,False,right+jump,True
972,1791553350.042076,448.0000,500.2500,0.0000,-6.7500,False,right+jump,True
973,1791553350.058742,448.0000,494.0000,0.0000,-6.2500,False,right+jump,True
974,1791553350.075409,448.0000,488.2500,0.0000,-5.7500,False,jump,True
975,1791553350.092076,448.0000,483.0000,0.0000,-5.2500,False,jump,True
976,1791553350.108742,448.0000,478.2500,0.0000,-4.7500,False,jump,True
977,1791553350.125409,448.0000,474.0000,0.0000,-4.2500,False,jump,True
978,1791553350.142076,448.0000,470.2500,0.0000,-3.7500,False,right,True
979,1791553350.158742,448.0000,467.0000,0.0000,-3.2500,False,right,True
980,1791553350.175409,448.0000,464.2500,0.0000,-2.7500,False,right,True
981,1791553350.192075,448.0000,462.0000,0.0000,-2.2500,False,right+jump,True
982,1791553350.208742,448.0000,460.2500,0.0000,-1.7500,False,right+jump,True
983,1791553350.225409,448.0000,459.0000,0.0000,-1.2500,False,right+jump,True
984,1791553350.242076,448.0000,458.2500,0.0000,-0.7500,False,right+jump,True
985,1791553350.258742,448.0000,458.0000,0.0000,-0.2500,False,right+jump,True
986,1791553350.275409,448.0000,458.2500,0.0000,0.2500,False,right+jump,True
987,1791553350.292076,448.0000,459.0000,0.0000,0.7500,False,right+jump,True
988,1791553350.308742,447.2000,460.2500,-0.8000,1.2500,False,left+jump,True
989,1791553350.325409,445.6000,462.0000,-1.6000,1.7500,False,left+jump,False
990,1791553350.342076,443.2000,464.2500,-2.4000,2.2500,False,left+jump,False
991,1791553350.358742,440.0000,467.0000,-3.2000,2.7500,False,left+jump,True
992,1791553350.375409,440.0000,470.2500,0.0000,3.2500,False,right,True
993,1791553350.392076,440.8000,474.0000,0.8000,3.7500,False,right,True
994,1791553350.408742,442.4000,478.2500,1.6000,4.2500,False,right,False
995,1791553350.425409,444.8000,483.0000,2.4000,4.7500,False,right,False
996,1791553350.442075,448.0000,488.2500,3.2000,5.2500,False,right+jump,True
997,1791553350.458742,448.0000,494.0000,0.0000,5.7500,False,right+jump,True
998,1791553350.475409,448.0000,500.2500,0.0000,6.2500,False,right+jump,True
999,1791553350.492076,448.0000,507.0000,0.0000,6.7500,False,right+jump,True
1000,1791553350.508742,448.0000,514.2500,0.0000,7.2500,False,right+jump,True
1001,1791553350.525409,448.0000,522.0000,0.0000,7.7500,False,right+jump,True
1002,1791553350.542076,448.0000,530.2500,0.0000,8.2500,False,right+jump,True
1003,1791553350.558742,448.0000,539.0000,0.0000,8.7500,False,right+jump,True
1004,1791553350.575409,448.0000,548.2500,0.0000,9.2500,False,right,True
1005,1791553350.592076,448.0000,558.0000,0.0000,9.7500,False,right,True
1006,1791553350.608742,448.0000,558.0000,0.0000,0.0000,True,right,True
1007,1791553350.625409,448.0000,558.0000,0.0000,0.0000,True,right,True
1008,1791553350.642076,448.0000,558.0000,0.0000,0.0000,True,right,True
1009,1791553350.658742,448.0000,558.0000,0.0000,0.0000,True,right,True
1010,1791553350.675409,448.0000,548.2500,0.0000,-9.7500,False,right+jump,True
1011,1791553350.692075,448.0000,539.0000,0.0000,-9.2500,False,right+jump,True
1012,1791553350.708742,448.0000,530.2500,0.0000,-8.7500,False,right+jump,True
1013,1791553350.725409,448.0000,522.0000,0.0000,-8.2500,False,right+jump,True
1014,1791553350.742076,448.0000,514.2500,0.0000,-7.7500,False,right+jump,True
1015,1791553350.758742,448.0000,507.0000,0.0000,-7.2500,False,right+jump,True
1016,1791553350.775409,448.0000,500.2500,0.0000,-6.7500,False,right+jump,True
1017,1791553350.792076,448.0000,494.0000,0.0000,-6.2500,False,right+jump,True
1018,1791553350.808742,448.0000,488.2500,0.0000,-5.7500,False,jump,True
1019,1791553350.825409,448.0000,483.0000,0.0000,-5.2500,False,jump,True
1020,1791553350.842076,448.0000,478.2500,0.0000,-4.7500,False,jump,True
1021,1791553350.858742,448.0000,474.0000,0.0000,-4.2500,False,right,True
1022,1791553350.875409,448.0000,470.2500,0.0000,-3.7500,False,right,True
1023,1791553350.892076,448.0000,467.0000,0.0000,-3.2500,False,right,True
1024,1791553350.908742,448.0000,464.2500,0.0000,-2.7500,False,right,True
1025,1791553350.925409,448.0000,462.0000,0.0000,-2.2500,False,right,True
1026,1791553350.942075,448.0000,460.2500,0.0000,-1.7500,False,right,True
1027,1791553350.958742,447.2000,459.0000,-0.8000,-1.2500,False,left,True
1028,1791553350.975409,445.6000,458.2500,-1.6000,-0.7500,False,left,False
1029,1791553350.992076,443.2000,458.0000,-2.4000,-0.2500,False,left,False
1030,1791553351.008742,440.0000,458.2500,-3.2000,0.2500,False,left,True
1031,1791553351.025409,440.0000,459.0000,0.0000,0.7500,False,left,True
1032,1791553351.042076,440.0000,460.2500,0.0000,1.2500,False,left,True
1033,1791553351.058742,440.0000,462.0000,0.0000,1.7500,False,left,True
1034,1791553351.075409,440.0000,464.2500,0.0000,2.2500,False,left,True
1035,1791553351.092076,440.0000,467.0000,0.0000,2.7500,False,left,True
1036,1791553351.108742,440.0000,470.2500,0.0000,3.2500,False,left,True
1037,1791553351.125409,440.0000,474.0000,0.0000,3.7500,False,left,True
1038,1791553351.142076,440.0000,478.2500,0.0000,4.2500,False,left+jump,True
1039,1791553351.158742,440.0000,483.0000,0.0000,4.7500,False,left+jump,True
1040,1791553351.175409,440.0000,488.2500,0.0000,5.2500,False,left+jump,True
1041,1791553351.192075,440.0000,494.0000,0.0000,5.7500,False,left+jump,True
1042,1791553351.208742,440.0000,500.2500,0.0000,6.2500,False,left+jump,True
1043,1791553351.225409,440.8000,507.0000,0.8000,6.7500,False,right,True
1044,1791553351.242076,442.4000,514.2500,1.6000,7.2500,False,right,False
1045,1791553351.258742,40.0000,404.5000,0.0000,0.5000,False,jump,False
1046,1791553351.275409,39.2000,405.5000,-0.8000,1.0000,False,left,False
1047,1791553351.292076,37.6000,407.0000,-1.6000,1.5000,False,left,False
1048,1791553351.308742,35.2000,408.0000,-2.4000,0.0000,True,left,True
1049,1791553351.325409,32.0000,408.0000,-3.2000,0.0000,True,left,True
1050,1791553351.342076,28.0000,408.0000,-4.0000,0.0000,True,left,True
1051,1791553351.358742,23.2000,408.0000,-4.8000,0.0000,True,left,True
1052,1791553351.375409,17.6000,408.0000,-5.6000,0.0000,True,left,True
1053,1791553351.392076,16.0000,408.0000,0.0000,0.0000,True,left,True
1054,1791553351.408742,16.0000,398.2500,0.0000,-9.7500,False,left+jump,True
1055,1791553351.425409,16.0000,389.0000,0.0000,-9.2500,False,left+jump,True
1056,1791553351.442075,16.0000,380.2500,0.0000,-8.7500,False,left+jump,True
1057,1791553351.458742,16.0000,372.0000,0.0000,-8.2500,False,left+jump,True
1058,1791553351.475409,16.0000,364.2500,0.0000,-7.7500,False,left+jump,True
1059,1791553351.492076,16.8000,357.0000,0.8000,-7.2500,False,right+jump,True
1060,1791553351.508742,18.4000,350.2500,1.6000,-6.7500,False,right+jump,False
1061,1791553351.525409,20.8000,344.0000,2.4000,-6.2500,False,right+jump,False
1062,1791553351.542076,24.0000,338.2500,3.2000,-5.7500,False,right+jump,False
1063,1791553351.558742,28.0000,333.0000,4.0000,-5.2500,False,right+jump,False
1064,1791553351.575409,32.8000,328.2500,4.8000,-4.7500,False,right+jump,False
1065,1791553351.592076,36.8000,324.0000,4.0000,-4.2500,False,left+jump,False
1066,1791553351.608742,40.0000,320.2500,3.2000,-3.7500,False,left+jump,False
1067,1791553351.625409,42.4000,317.0000,2.4000,-3.2500,False,left+jump,False
1068,1791553351.642076,45.6000,314.2500,3.2000,-2.7500,False,right+jump,False
1069,1791553351.658742,49.6000,312.0000,4.0000,-2.2500,False,right+jump,False
1070,1791553351.675409,54.4000,310.2500,4.8000,-1.7500,False,right+jump,False
1071,1791553351.692075,60.0000,309.0000,5.6000,-1.2500,False,right+jump,False
1072,1791553351.708742,66.0000,308.2500,6.0000,-0.7500,False,right+jump,False
1073,1791553351.725409,72.0000,308.0000,6.0000,-0.2500,False,right+jump,False
1074,1791553351.742076,77.2000,308.2500,5.2000,0.2500,False,left+jump,False
1075,1791553351.758742,81.6000,309.0000,4.4000,0.7500,False,left+jump,False
1076,1791553351.775409,85.2000,310.2500,3.6000,1.2500,False,left+jump,False
1077,1791553351.792076,88.0000,312.0000,2.8000,1.7500,False,left+jump,False
1078,1791553351.808742,90.0000,314.2500,2.0000,2.2500,False,left+jump,False
1079,1791553351.825409,91.2000,317.0000,1.2000,2.7500,False,left+jump,False
1080,1791553351.842076,91.6000,320.2500,0.4000,3.2500,False,left+jump,False
1081,1791553351.858742,91.2000,324.0000,-0.4000,3.7500,False,left+jump,False
1082,1791553351.875409,90.0000,328.2500,-1.2000,4.2500,False,left+jump,False
1083,1791553351.892076,88.0000,333.0000,-2.0000,4.7500,False,left+jump,False
1084,1791553351.908742,85.2000,338.2500,-2.8000,5.2500,False,left+jump,False
1085,1791553351.925409,81.6000,344.0000,-3.6000,5.7500,False,left+jump,False
1086,1791553351.942075,77.2000,350.2500,-4.4000,6.2500,False,left+jump,False
1087,1791553351.958742,72.0000,357.0000,-5.2000,6.7500,False,left,False
1088,1791553351.975409,66.0000,364.2500,-6.0000,7.2500,False,left,False
1089,1791553351.992076,60.0000,372.0000,-6.0000,7.7500,False,left,False
1090,1791553352.008742,54.0000,380.2500,-6.0000,8.2500,False,left,False
1091,1791553352.025409,48.0000,389.0000,-6.0000,8.7500,False,left,False
1092,1791553352.042076,42.0000,398.2500,-6.0000,9.2500,False,left,False
1093,1791553352.058742,36.0000,408.0000,-6.0000,9.7500,False,left,True
1094,1791553352.075409,30.0000,408.0000,-6.0000,0.0000,True,left,True
1095,1791553352.092076,24.0000,408.0000,-6.0000,0.0000,True,left,True
1096,1791553352.108742,18.0000,408.0000,-6.0000,0.0000,True,left,True
1097,1791553352.125409,16.0000,408.0000,0.0000,0.0000,True,left,True
1098,1791553352.142076,16.0000,408.0000,0.0000,0.0000,True,left,True
1099,1791553352.158742,16.0000,408.0000,0.0000,0.0000,True,left,True
1100,1791553352.175409,16.0000,408.0000,0.0000,0.0000,True,left,True
1101,1791553352.192075,16.0000,408.0000,0.0000,0.0000,True,left,True
1102,1791553352.208742,16.0000,398.2500,0.0000,-9.7500,False,left+jump,True
1103,1791553352.225409,16.0000,389.0000,0.0000,-9.2500,False,left+jump,True
1104,1791553352.242076,16.0000,380.2500,0.0000,-8.7500,False,jump,True
1105,1791553352.258742,16.0000,372.0000,0.0000,-8.2500,False,jump,True
1106,1791553352.275409,16.8000,364.2500,0.8000,-7.7500,False,right+jump,True
1107,1791553352.292076,18.4000,357.0000,1.6000,-7.2500,False,right+jump,False
1108,1791553352.308742,20.8000,350.2500,2.4000,-6.7500,False,right+jump,False
1109,1791553352.325409,24.0000,344.0000,3.2000,-6.2500,False,right+jump,False
1110,1791553352.342076,28.0000,338.2500,4.0000,-5.7500,False,right+jump,False
1111,1791553352.358742,31.2000,333.0000,3.2000,-5.2500,False,left+jump,False
1112,1791553352.375409,33.6000,328.2500,2.4000,-4.7500,False,left+jump,False
1113,1791553352.392076,35.2000,324.0000,1.6000,-4.2500,False,left+jump,False
1114,1791553352.408742,36.0000,320.2500,0.8000,-3.7500,False,left+jump,False
1115,1791553352.425409,36.0000,317.0000,0.0000,-3.2500,False,left+jump,False
1116,1791553352.442075,35.2000,314.2500,-0.8000,-2.7500,False,left+jump,False
1117,1791553352.458742,33.6000,312.0000,-1.6000,-2.2500,False,left+jump,False
1118,1791553352.475409,31.2000,310.2500,-2.4000,-1.7500,False,left+jump,False
1119,1791553352.492076,28.0000,309.0000,-3.2000,-1.2500,False,left+jump,False
1120,1791553352.508742,24.0000,308.2500,-4.0000,-0.7500,False,left+jump,False
1121,1791553352.525409,19.2000,308.0000,-4.8000,-0.2500,False,left,False
1122,1791553352.542076,16.0000,308.2500,0.0000,0.2500,False,left,True
1123,1791553352.558742,16.0000,309.0000,0.0000,0.7500,False,left,True
1124,1791553352.575409,16.0000,310.2500,0.0000,1.2500,False,left,True
1125,1791553352.592076,16.0000,312.0000,0.0000,1.7500,False,left+jump,True
1126,1791553352.608742,16.0000,314.2500,0.0000,2.2500,False,left+jump,True
1127,1791553352.625409,16.0000,317.0000,0.0000,2.7500,False,left+jump,True
1128,1791553352.642076,16.0000,320.2500,0.0000,3.2500,False,left+jump,True
1129,1791553352.658742,16.0000,324.0000,0.0000,3.7500,False,left+jump,True
1130,1791553352.675409,16.0000,328.2500,0.0000,4.2500,False,left,True
1131,1791553352.692075,16.0000,333.0000,0.0000,4.7500,False,left,True
1132,1791553352.708742,16.0000,338.2500,0.0000,5.2500,False,left+jump,True
1133,1791553352.725409,16.0000,344.0000,0.0000,5.7500,False,left+jump,True
1134,1791553352.742076,16.0000,350.2500,0.0000,6.2500,False,left+jump,True
1135,1791553352.758742,16.0000,357.0000,0.0000,6.7500,False,left+jump,True
1136,1791553352.775409,16.0000,364.2500,0.0000,7.2500,False,left+jump,True
1137,1791553352.792076,16.0000,372.0000,0.0000,7.7500,False,left+jump,True
1138,1791553352.808742,16.0000,380.2500,0.0000,8.2500,False,left+jump,True
1139,1791553352.825409,16.0000,389.0000,0.0000,8.7500,False,left+jump,True
1140,1791553352.842076,16.0000,398.2500,0.0000,9.2500,False,left+jump,True
1141,1791553352.858742,16.0000,408.0000,0.0000,9.7500,False,left+jump,True
1142,1791553352.875409,16.0000,408.0000,0.0000,0.0000,True,left+jump,True
1143,1791553352.892076,16.0000,398.2500,0.0000,-9.7500,False,left+jump,True
1144,1791553352.908742,16.0000,389.0000,0.0000,-9.2500,False,left+jump,True
1145,1791553352.925409,16.0000,380.2500,0.0000,-8.7500,False,left+jump,True
1146,1791553352.942075,16.0000,372.0000,0.0000,-8.2500,False,left+jump,True
1147,1791553352.958742,16.0000,364.2500,0.0000,-7.7500,False,left+jump,True
1148,1791553352.975409,16.0000,357.0000,0.0000,-7.2500,False,left+jump,True
1149,1791553352.992076,16.0000,350.2500,0.0000,-6.7500,False,left+jump,True
1150,1791553353.008742,16.0000,344.0000,0.0000,-6.2500,False,left+jump,True
1151,1791553353.025409,16.0000,338.2500,0.0000,-5.7500,False,left+jump,True
1152,1791553353.042076,16.0000,333.0000,0.0000,-5.2500,False,left+jump,True
1153,1791553353.058742,16.0000,328.2500,0.0000,-4.7500,False,left+jump,True
1154,1791553353.075409,16.0000,324.0000,0.0000,-4.2500,False,left+jump,True
1155,1791553353.092076,16.0000,320.2500,0.0000,-3.7500,False,left+jump,True
1156,1791553353.108742,16.0000,317.0000,0.0000,-3.2500,False,left+jump,True
1157,1791553353.125409,16.0000,314.2500,0.0000,-2.7500,False,left+jump,True
1158,1791553353.142076,16.0000,312.0000,0.0000,-2.2500,False,left+jump,True
1159,1791553353.158742,16.0000,310.2500,0.0000,-1.7500,False,left+jump,True
1160,1791553353.175409,16.0000,309.0000,0.0000,-1.2500,False,left+jump,True
1161,1791553353.192075,16.0000,308.2500,0.0000,-0.7500,False,left+jump,True
1162,1791553353.208742,16.0000,308.0000,0.0000,-0.2500,False,left+jump,True
1163,1791553353.225409,16.0000,308.2500,0.0000,0.2500,False,left+jump,True
1164,1791553353.242076,16.0000,309.0000,0.0000,0.7500,False,left+jump,True
1165,1791553353.258742,16.0000,310.2500,0.0000,1.2500,False,left+jump,True
1166,1791553353.275409,16.0000,312.0000,0.0000,1.7500,False,left+jump,True
1167,1791553353.292076,16.0000,314.2500,0.0000,2.2500,False,left+jump,True
1168,1791553353.308742,16.0000,317.0000,0.0000,2.7500,False,left+jump,True
1169,1791553353.325409,16.0000,320.2500,0.0000,3.2500,False,left+jump,True
1170,1791553353.342076,16.0000,324.0000,0.0000,3.7500,False,left+jump,True
1171,1791553353.358742,16.0000,328.2500,0.0000,4.2500,False,left+jump,True
1172,1791553353.375409,16.0000,333.0000,0.0000,4.7500,False,jump,True
1173,1791553353.392076,16.0000,338.2500,0.0000,5.2500,False,jump,True
1174,1791553353.408742,16.0000,344.0000,0.0000,5.7500,False,jump,True
1175,1791553353.425409,16.0000,350.2500,0.0000,6.2500,False,jump,True
1176,1791553353.442075,16.0000,357.0000,0.0000,6.7500,False,jump,True
1177,1791553353.458742,16.0000,364.2500,0.0000,7.2500,False,jump,True
1178,1791553353.475409,16.8000,372.0000,0.8000,7.7500,False,right,True
1179,1791553353.492076,18.4000,380.2500,1.6000,8.2500,False,right,False
1180,1791553353.508742,19.2000,389.0000,0.8000,8.7500,False,left+jump,False
1181,1791553353.525409,19.2000,398.2500,0.0000,9.2500,False,left+jump,False
1182,1791553353.542076,18.4000,408.0000,-0.8000,9.7500,False,left+jump,True
1183,1791553353.558742,16.8000,408.0000,-1.6000,0.0000,True,left+jump,True
1184,1791553353.575409,16.0000,398.2500,0.0000,-9.7500,False,left+jump,True
1185,1791553353.592076,16.8000,389.0000,0.8000,-9.2500,False,right,True
1186,1791553353.608742,18.4000,380.2500,1.6000,-8.7500,False,right,False
1187,1791553353.625409,20.8000,372.0000,2.4000,-8.2500,False,right,False
1188,1791553353.642076,24.0000,364.2500,3.2000,-7.7500,False,right,False
1189,1791553353.658742,28.0000,357.0000,4.0000,-7.2500,False,right,False
1190,1791553353.675409,32.8000,350.2500,4.8000,-6.7500,False,right,False
1191,1791553353.692075,36.8000,344.0000,4.0000,-6.2500,False,left+jump,False
1192,1791553353.708742,40.0000,338.2500,3.2000,-5.7500,False,left+jump,False
1193,1791553353.725409,42.4000,333.0000,2.4000,-5.2500,False,left+jump,False
1194,1791553353.742076,45.6000,328.2500,3.2000,-4.7500,False,right,False
1195,1791553353.758742,49.6000,324.0000,4.0000,-4.2500,False,right,False
1196,1791553353.775409,54.4000,320.2500,4.8000,-3.7500,False,right,False
1197,1791553353.792076,60.0000,317.0000,5.6000,-3.2500,False,right,False
1198,1791553353.808742,66.0000,314.2500,6.0000,-2.7500,False,right,False
1199,1791553353.825409,72.0000,312.0000,6.0000,-2.2500,False,right,False
1200,1791553353.842076,77.2000,310.2500,5.2000,-1.7500,False,left,False
1201,1791553353.858742,81.6000,309.0000,4.4000,-1.2500,False,left,False
1202,1791553353.875409,85.2000,308.2500,3.6000,-0.7500,False,left,False
1203,1791553353.892076,88.0000,308.0000,2.8000,-0.2500,False,left,False
1204,1791553353.908742,90.0000,308.2500,2.0000,0.2500,False,left,False
1205,1791553353.925409,91.2000,309.0000,1.2000,0.7500,False,left,False
1206,1791553353.942075,91.6000,310.2500,0.4000,1.2500,False,left+jump,False
1207,1791553353.958742,91.2000,312.0000,-0.4000,1.7500,False,left+jump,False
1208,1791553353.975409,90.0000,314.2500,-1.2000,2.2500,False,left+jump,False
1209,1791553353.992076,88.0000,317.0000,-2.0000,2.7500,False,left+jump,False
1210,1791553354.008742,85.2000,320.2500,-2.8000,3.2500,False,left+jump,False
1211,1791553354.025409,81.6000,324.0000,-3.6000,3.7500,False,left+jump,False
1212,1791553354.042076,77.2000,328.2500,-4.4000,4.2500,False,left,False
1213,1791553354.058742,72.0000,333.0000,-5.2000,4.7500,False,left,False
1214,1791553354.075409,66.0000,338.2500,-6.0000,5.2500,False,left,False
1215,1791553354.092076,60.0000,344.0000,-6.0000,5.7500,False,left+jump,False
1216,1791553354.108742,54.0000,350.2500,-6.0000,6.2500,False,left+jump,False
1217,1791553354.125409,48.0000,357.0000,-6.0000,6.7500,False,left+jump,False
1218,1791553354.142076,42.0000,364.2500,-6.0000,7.2500,False,left+jump,False
1219,1791553354.158742,36.8000,372.0000,-5.2000,7.7500,False,right,False
1220,1791553354.175409,32.4000,380.2500,-4.4000,8.2500,False,right,False
1221,1791553354.192075,28.8000,389.0000,-3.6000,8.7500,False,right,False
1222,1791553354.208742,26.0000,398.2500,-2.8000,9.2500,False,right,False
1223,1791553354.225409,22.4000,408.0000,-3.6000,9.7500,False,left,True
1224,1791553354.242076,18.0000,408.0000,-4.4000,0.0000,True,left,True
1225,1791553354.258742,16.0000,408.0000,0.0000,0.0000,True,left,True
1226,1791553354.275409,16.0000,398.2500,0.0000,-9.7500,False,left+jump,True
1227,1791553354.292076,16.0000,389.0000,0.0000,-9.2500,False,left+jump,True
1228,1791553354.308742,16.0000,380.2500,0.0000,-8.7500,False,left+jump,True
1229,1791553354.325409,16.8000,372.0000,0.8000,-8.2500,False,right,True
1230,1791553354.342076,18.4000,364.2500,1.6000,-7.7500,False,right,False
1231,1791553354.358742,20.8000,357.0000,2.4000,-7.2500,False,right,False
1232,1791553354.375409,24.0000,350.2500,3.2000,-6.7500,False,right,False
1233,1791553354.392076,28.0000,344.0000,4.0000,-6.2500,False,right,False
1234,1791553354.408742,32.8000,338.2500,4.8000,-5.7500,False,right,False
1235,1791553354.425409,37.6000,333.0000,4.8000,-5.2500,False,jump,False
1236,1791553354.442075,42.4000,328.2500,4.8000,-4.7500,False,jump,False
1237,1791553354.458742,47.2000,324.0000,4.8000,-4.2500,False,jump,False
1238,1791553354.475409,52.0000,320.2500,4.8000,-3.7500,False,jump,False
1239,1791553354.492076,56.0000,317.0000,4.0000,-3.2500,False,left+jump,False
1240,1791553354.508742,59.2000,314.2500,3.2000,-2.7500,False,left+jump,False
1241,1791553354.525409,61.6000,312.0000,2.4000,-2.2500,False,left+jump,False
1242,1791553354.542076,63.2000,310.2500,1.6000,-1.7500,False,left+jump,False
1243,1791553354.558742,64.0000,309.0000,0.8000,-1.2500,False,left+jump,False
1244,1791553354.575409,65.6000,308.2500,1.6000,-0.7500,False,right,False
1245,1791553354.592076,68.0000,308.0000,2.4000,-0.2500,False,right,False
1246,1791553354.608742,69.6000,308.2500,1.6000,0.2500,False,left,False
1247,1791553354.625409,70.4000,309.0000,0.8000,0.7500,False,left,False
1248,1791553354.642076,70.4000,310.2500,0.0000,1.2500,False,left,False
1249,1791553354.658742,69.6000,312.0000,-0.8000,1.7500,False,left,False
1250,1791553354.675409,68.0000,314.2500,-1.6000,2.2500,False,left,False
1251,1791553354.692075,65.6000,317.0000,-2.4000,2.7500,False,left,False
1252,1791553354.708742,62.4000,320.2500,-3.2000,3.2500,False,left,False
1253,1791553354.725409,58.4000,324.0000,-4.0000,3.7500,False,left,False
1254,1791553354.742076,53.6000,328.2500,-4.8000,4.2500,False,left,False
1255,1791553354.758742,48.0000,333.0000,-5.6000,4.7500,False,left,False
1256,1791553354.775409,42.0000,338.2500,-6.0000,5.2500,False,left,False
1257,1791553354.792076,36.0000,344.0000,-6.0000,5.7500,False,left,False
1258,1791553354.808742,30.0000,350.2500,-6.0000,6.2500,False,left,False
1259,1791553354.825409,24.0000,357.0000,-6.0000,6.7500,False,left,False
1260,1791553354.842076,18.0000,364.2500,-6.0000,7.2500,False,left,False
1261,1791553354.858742,16.0000,372.0000,0.0000,7.7500,False,left,True
1262,1791553354.875409,16.0000,380.2500,0.0000,8.2500,False,left+jump,True
1263,1791553354.892076,16.0000,389.0000,0.0000,8.7500,False,left+jump,True
1264,1791553354.908742,16.0000,398.2500,0.0000,9.2500,False,left+jump,True
1265,1791553354.925409,16.0000,408.0000,0.0000,9.7500,False,left+jump,True
1266,1791553354.942075,16.0000,408.0000,0.0000,0.0000,True,left+jump,True
1267,1791553354.958742,16.0000,398.2500,0.0000,-9.7500,False,left+jump,True
1268,1791553354.975409,16.0000,389.0000,0.0000,-9.2500,False,left+jump,True
1269,1791553354.992076,16.0000,380.2500,0.0000,-8.7500,False,left+jump,True
1270,1791553355.008742,16.0000,372.0000,0.0000,-8.2500,False,jump,True
1271,1791553355.025409,16.0000,364.2500,0.0000,-7.7500,False,jump,True
1272,1791553355.042076,16.0000,357.0000,0.0000,-7.2500,False,jump,True
1273,1791553355.058742,16.0000,350.2500,0.0000,-6.7500,False,jump,True
1274,1791553355.075409,16.0000,344.0000,0.0000,-6.2500,False,left+jump,True
1275,1791553355.092076,16.0000,338.2500,0.0000,-5.7500,False,left+jump,True
1276,1791553355.108742,16.0000,333.0000,0.0000,-5.2500,False,left+jump,True
1277,1791553355.125409,16.0000,328.2500,0.0000,-4.7500,False,left+jump,True
1278,1791553355.142076,16.0000,324.0000,0.0000,-4.2500,False,left+jump,True
1279,1791553355.158742,16.0000,320.2500,0.0000,-3.7500,False,left+jump,True
1280,1791553355.175409,16.0000,317.0000,0.0000,-3.2500,False,left,True
1281,1791553355.192075,16.0000,314.2500,0.0000,-2.7500,False,left,True
1282,1791553355.208742,16.0000,312.0000,0.0000,-2.2500,False,left,True
1283,1791553355.225409,16.0000,310.2500,0.0000,-1.7500,False,left,True
1284,1791553355.242076,16.0000,309.0000,0.0000,-1.2500,False,left,True
1285,1791553355.258742,16.0000,308.2500,0.0000,-0.7500,False,left,True
1286,1791553355.275409,16.0000,308.0000,0.0000,-0.2500,False,left,True
1287,1791553355.292076,16.8000,308.2500,0.8000,0.2500,False,right,True
1288,1791553355.308742,18.4000,309.0000,1.6000,0.7500,False,right,False
1289,1791553355.325409,20.8000,310.2500,2.4000,1.2500,False,right,False
1290,1791553355.342076,24.0000,312.0000,3.2000,1.7500,False,right,False
1291,1791553355.358742,28.0000,314.2500,4.0000,2.2500,False,right,False
1292,1791553355.375409,31.2000,317.0000,3.2000,2.7500,False,left+jump,False
1293,1791553355.392076,33.6000,320.2500,2.4000,3.2500,False,left+jump,False
1294,1791553355.408742,36.0000,324.0000,2.4000,3.7500,False,jump,False
1295,1791553355.425409,38.4000,328.2500,2.4000,4.2500,False,jump,False
1296,1791553355.442075,40.8000,333.0000,2.4000,4.7500,False,jump,False
1297,1791553355.458742,43.2000,338.2500,2.4000,5.2500,False,jump,False
1298,1791553355.475409,45.6000,344.0000,2.4000,5.7500,False,jump,False
1299,1791553355.492076,48.0000,350.2500,2.4000,6.2500,False,jump,False
1300,1791553355.508742,49.6000,357.0000,1.6000,6.7500,False,left,False
1301,1791553355.525409,50.4000,364.2500,0.8000,7.2500,False,left,False
1302,1791553355.542076,50.4000,372.0000,0.0000,7.7500,False,left,False
1303,1791553355.558742,49.6000,380.2500,-0.8000,8.2500,False,left,False
1304,1791553355.575409,48.0000,389.0000,-1.6000,8.7500,False,left,False
1305,1791553355.592076,45.6000,398.2500,-2.4000,9.2500,False,left,False
1306,1791553355.608742,42.4000,408.0000,-3.2000,9.7500,False,left,True
1307,1791553355.625409,38.4000,408.0000,-4.0000,0.0000,True,left,True
1308,1791553355.642076,33.6000,408.0000,-4.8000,0.0000,True,left,True
1309,1791553355.658742,28.0000,398.2500,-5.6000,-9.7500,False,left+jump,False
1310,1791553355.675409,22.0000,389.0000,-6.0000,-9.2500,False,left+jump,False
1311,1791553355.692075,16.0000,380.2500,0.0000,-8.7500,False,left+jump,True
1312,1791553355.708742,16.0000,372.0000,0.0000,-8.2500,False,left+jump,True
1313,1791553355.725409,16.0000,364.2500,0.0000,-7.7500,False,left+jump,True
1314,1791553355.742076,16.0000,357.0000,0.0000,-7.2500,False,left+jump,True
1315,1791553355.758742,16.8000,350.2500,0.8000,-6.7500,False,right+jump,True
1316,1791553355.775409,18.4000,344.0000,1.6000,-6.2500,False,right+jump,False
1317,1791553355.792076,19.2000,338.2500,0.8000,-5.7500,False,left,False
1318,1791553355.808742,19.2000,333.0000,0.0000,-5.2500,False,left,False
1319,1791553355.825409,18.4000,328.2500,-0.8000,-4.7500,False,left,False
1320,1791553355.842076,18.4000,324.0000,0.0000,-4.2500,False,right+jump,False
1321,1791553355.858742,19.2000,320.2500,0.8000,-3.7500,False,right+jump,False
1322,1791553355.875409,20.8000,317.0000,1.6000,-3.2500,False,right,False
1323,1791553355.892076,23.2000,314.2500,2.4000,-2.7500,False,right,False
1324,1791553355.908742,26.4000,312.0000,3.2000,-2.2500,False,right,False
1325,1791553355.925409,30.4000,310.2500,4.0000,-1.7500,False,right,False
1326,1791553355.942075,35.2000,309.0000,4.8000,-1.2500,False,right,False
1327,1791553355.958742,40.8000,308.2500,5.6000,-0.7500,False,right,False
1328,1791553355.975409,46.8000,308.0000,6.0000,-0.2500,False,right,False
1329,1791553355.992076,52.8000,308.2500,6.0000,0.2500,False,right,False
1330,1791553356.008742,58.8000,309.0000,6.0000,0.7500,False,right,False
1331,1791553356.025409,64.8000,310.2500,6.0000,1.2500,False,right,False
1332,1791553356.042076,70.8000,312.0000,6.0000,1.7500,False,right,False
1333,1791553356.058742,76.8000,314.2500,6.0000,2.2500,False,right,False
1334,1791553356.075409,82.8000,317.0000,6.0000,2.7500,False,right,False
1335,1791553356.092076,88.8000,320.2500,6.0000,3.2500,False,right,False
1336,1791553356.108742,94.8000,324.0000,6.0000,3.7500,False,right,False
1337,1791553356.125409,100.8000,328.2500,6.0000,4.2500,False,right,False
1338,1791553356.142076,106.8000,333.0000,6.0000,4.7500,False,right,False
1339,1791553356.158742,112.8000,338.2500,6.0000,5.2500,False,right,False
1340,1791553356.175409,118.8000,344.0000,6.0000,5.7500,False,right,False
1341,1791553356.192075,124.8000,350.2500,6.0000,6.2500,False,right,False
1342,1791553356.208742,130.8000,357.0000,6.0000,6.7500,False,right,False
1343,1791553356.225409,136.8000,364.2500,6.0000,7.2500,False,right,False
1344,1791553356.242076,142.8000,372.0000,6.0000,7.7500,False,right,False
1345,1791553356.258742,148.8000,380.2500,6.0000,8.2500,False,right,False
1346,1791553356.275409,154.8000,389.0000,6.0000,8.7500,False,right,False
1347,1791553356.292076,160.8000,398.2500,6.0000,9.2500,False,right,False
1348,1791553356.308742,166.8000,408.0000,6.0000,9.7500,False,right,True
1349,1791553356.325409,172.8000,408.0000,6.0000,0.0000,True,right,True
1350,1791553356.342076,178.8000,408.0000,6.0000,0.0000,True,right,True
1351,1791553356.358742,184.8000,408.0000,6.0000,0.0000,True,right,True
1352,1791553356.375409,190.8000,408.0000,6.0000,0.0000,True,right,True
1353,1791553356.392076,196.8000,408.0000,6.0000,0.0000,True,right,True
1354,1791553356.408742,202.8000,408.0000,6.0000,0.0000,True,right,True
1355,1791553356.425409,208.8000,408.0000,6.0000,0.0000,True,right,True
1356,1791553356.442075,213.9000,408.0000,5.1000,0.0000,True,none,True
1357,1791553356.458742,218.2350,408.0000,4.3350,0.0000,True,none,True
1358,1791553356.475409,221.9198,408.0000,3.6847,0.0000,True,none,True
1359,1791553356.492076,225.0518,408.0000,3.1320,0.0000,True,none,True
1360,1791553356.508742,227.7140,408.0000,2.6622,0.0000,True,none,True
1361,1791553356.525409,229.9769,408.0000,2.2629,0.0000,True,none,True
1362,1791553356.542076,231.9004,408.0000,1.9235,0.0000,True,none,True
1363,1791553356.558742,233.5353,408.0000,1.6349,0.0000,True,none,True
1364,1791553356.575409,234.9250,408.0000,1.3897,0.0000,True,none,True
1365,1791553356.592076,236.1063,408.0000,1.1812,0.0000,True,none,True
1366,1791553356.608742,237.1103,408.0000,1.0041,0.0000,True,none,True
1367,1791553356.625409,237.9638,408.0000,0.8535,0.0000,True,none,True
1368,1791553356.642076,238.6892,408.0000,0.7254,0.0000,True,none,True
1369,1791553356.658742,239.3058,408.0000,0.6166,0.0000,True,none,True
1370,1791553356.675409,239.8300,408.0000,0.5241,0.0000,True,none,True
1371,1791553356.692075,240.2755,408.5000,0.4455,0.5000,False,none,True
1372,1791553356.708742,241.5210,409.5000,1.2455,1.0000,False,right,False
1373,1791553356.725409,243.5665,411.0000,2.0455,1.5000,False,right,False
1374,1791553356.742076,246.4120,413.0000,2.8455,2.0000,False,right,False
1375,1791553356.758742,250.0575,415.5000,3.6455,2.5000,False,right,False
1376,1791553356.775409,254.5030,418.5000,4.4455,3.0000,False,right,False
1377,1791553356.792076,259.7485,422.0000,5.2455,3.5000,False,right,False
1378,1791553356.808742,265.7485,426.0000,6.0000,4.0000,False,right,False
1379,1791553356.825409,268.0000,430.5000,0.0000,4.5000,False,right,True
1380,1791553356.842076,268.0000,435.5000,0.0000,5.0000,False,right+jump,True
1381,1791553356.858742,268.0000,441.0000,0.0000,5.5000,False,right+jump,True
1382,1791553356.875409,268.0000,447.0000,0.0000,6.0000,False,right+jump,True
1383,1791553356.892076,268.0000,453.5000,0.0000,6.5000,False,right+jump,True
1384,1791553356.908742,268.0000,460.5000,0.0000,7.0000,False,right+jump,True
1385,1791553356.925409,268.0000,468.0000,0.0000,7.5000,False,right+jump,True
1386,1791553356.942075,268.0000,476.0000,0.0000,8.0000,False,right+jump,True
1387,1791553356.958742,268.0000,484.5000,0.0000,8.5000,False,right+jump,True
1388,1791553356.975409,268.0000,493.5000,0.0000,9.0000,False,right+jump,True
1389,1791553356.992076,268.0000,503.0000,0.0000,9.5000,False,right+jump,True
1390,1791553357.008742,268.0000,513.0000,0.0000,10.0000,False,right+jump,True
1391,1791553357.025409,268.0000,523.5000,0.0000,10.5000,False,right+jump,True
1392,1791553357.042076,268.0000,534.5000,0.0000,11.0000,False,right,True
1393,1791553357.058742,268.0000,546.0000,0.0000,11.5000,False,right,True
1394,1791553357.075409,268.0000,558.0000,0.0000,12.0000,False,right,True
1395,1791553357.092076,268.0000,570.5000,0.0000,12.5000,False,right,True
1396,1791553357.108742,268.0000,583.5000,0.0000,13.0000,False,right+jump,True
1397,1791553357.125409,268.0000,597.0000,0.0000,13.5000,False,right+jump,True
1398,1791553357.142076,267.2000,611.0000,-0.8000,14.0000,False,left,False
1399,1791553357.158742,265.6000,625.5000,-1.6000,14.5000,False,left,False
1400,1791553357.175409,263.2000,640.5000,-2.4000,15.0000,False,left,False
1401,1791553357.192075,260.0000,656.0000,-3.2000,15.5000,False,left,False
1402,1791553357.208742,256.0000,672.0000,-4.0000,16.0000,False,left,False
1403,1791553357.225409,252.8000,688.5000,-3.2000,16.5000,False,right,False
1404,1791553357.242076,250.4000,705.5000,-2.4000,17.0000,False,right,False
1405,1791553357.258742,248.8000,723.0000,-1.6000,17.5000,False,right,False
1406,1791553357.275409,248.0000,741.0000,-0.8000,18.0000,False,right,False
1407,1791553357.292076,248.0000,759.5000,-0.0000,18.5000,False,right,False
1408,1791553357.308742,248.8000,778.5000,0.8000,19.0000,False,right,False
1409,1791553357.325409,250.4000,798.0000,1.6000,19.5000,False,right,False
1410,1791553357.342076,251.2000,818.0000,0.8000,20.0000,False,left,False
1411,1791553357.358742,251.2000,838.5000,-0.0000,20.5000,False,left,False
1412,1791553357.375409,250.4000,859.5000,-0.8000,21.0000,False,left,False
1413,1791553357.392076,248.8000,881.0000,-1.6000,21.5000,False,left,False
1414,1791553357.408742,248.0000,903.0000,-0.8000,22.0000,False,right+jump,False
1415,1791553357.425409,248.0000,925.5000,-0.0000,22.5000,False,right+jump,False
1416,1791553357.442075,248.0000,948.5000,-0.0000,23.0000,False,jump,False
1417,1791553357.458742,248.0000,972.0000,-0.0000,23.5000,False,jump,False
1418,1791553357.475409,248.0000,996.0000,-0.0000,24.0000,False,jump,False
1419,1791553357.492076,247.2000,1020.5000,-0.8000,24.5000,False,left,False
1420,1791553357.508742,245.6000,1045.5000,-1.6000,25.0000,False,left,False
1421,1791553357.525409,243.2000,1071.0000,-2.4000,25.5000,False,left,False
1422,1791553357.542076,240.0000,1097.0000,-3.2000,26.0000,False,left,False
1423,1791553357.558742,236.0000,1123.5000,-4.0000,26.5000,False,left,False
1424,1791553357.575409,232.8000,1150.5000,-3.2000,27.0000,False,right+jump,False
1425,1791553357.592076,230.4000,1178.0000,-2.4000,27.5000,False,right+jump,False
1426,1791553357.608742,228.8000,1206.0000,-1.6000,28.0000,False,right+jump,False
1427,1791553357.625409,228.0000,1234.5000,-0.8000,28.5000,False,right+jump,False
1428,1791553357.642076,226.4000,1263.5000,-1.6000,29.0000,False,left,False
1429,1791553357.658742,224.0000,1293.0000,-2.4000,29.5000,False,left,False
1430,1791553357.675409,220.8000,1323.0000,-3.2000,30.0000,False,left,False
1431,1791553357.692075,216.8000,1353.5000,-4.0000,30.5000,False,left,False
1432,1791553357.708742,212.8000,1384.5000,-4.0000,31.0000,False,jump,False
1433,1791553357.725409,208.8000,1416.0000,-4.0000,31.5000,False,jump,False
1434,1791553357.742076,204.8000,1448.0000,-4.0000,32.0000,False,jump,False
1435,1791553357.758742,201.6000,1480.5000,-3.2000,32.5000,False,right+jump,False
1436,1791553357.775409,199.2000,1513.5000,-2.4000,33.0000,False,right+jump,False
1437,1791553357.792076,197.6000,1547.0000,-1.6000,33.5000,False,right+jump,False
1438,1791553357.808742,196.8000,1581.0000,-0.8000,34.0000,False,right+jump,False
1439,1791553357.825409,196.8000,1615.5000,-0.0000,34.5000,False,right+jump,False
1440,1791553357.842076,197.6000,1650.5000,0.8000,35.0000,False,right+jump,False
1441,1791553357.858742,199.2000,1686.0000,1.6000,35.5000,False,right+jump,False
1442,1791553357.875409,201.6000,1722.0000,2.4000,36.0000,False,right+jump,False
1443,1791553357.892076,204.8000,1758.5000,3.2000,36.5000,False,right+jump,False
1444,1791553357.908742,208.8000,1795.5000,4.0000,37.0000,False,right+jump,False
1445,1791553357.925409,213.6000,1833.0000,4.8000,37.5000,False,right+jump,False
1446,1791553357.942075,219.2000,1871.0000,5.6000,38.0000,False,right+jump,False
1447,1791553357.958742,225.2000,1909.5000,6.0000,38.5000,False,right+jump,False
1448,1791553357.975409,230.4000,1948.5000,5.2000,39.0000,False,left+jump,False
1449,1791553357.992076,234.8000,1988.0000,4.4000,39.5000,False,left,False
1450,1791553358.008742,238.4000,2028.0000,3.6000,40.0000,False,left,False
1451,1791553358.025409,241.2000,2068.5000,2.8000,40.5000,False,left,False
1452,1791553358.042076,243.2000,2109.5000,2.0000,41.0000,False,left,False
1453,1791553358.058742,244.4000,2151.0000,1.2000,41.5000,False,left,False
1454,1791553358.075409,244.8000,2193.0000,0.4000,42.0000,False,left,False
1455,1791553358.092076,244.4000,2235.5000,-0.4000,42.5000,False,left,False
1456,1791553358.108742,243.2000,2278.5000,-1.2000,43.0000,False,left,False
1457,1791553358.125409,241.2000,2322.0000,-2.0000,43.5000,False,left,False
1458,1791553358.142076,238.4000,2366.0000,-2.8000,44.0000,False,left,False
1459,1791553358.158742,234.8000,2410.5000,-3.6000,44.5000,False,left,False
1460,1791553358.175409,230.4000,2455.5000,-4.4000,45.0000,False,left,False
1461,1791553358.192075,225.2000,2501.0000,-5.2000,45.5000,False,left,False
1462,1791553358.208742,219.2000,2547.0000,-6.0000,46.0000,False,left,False
1463,1791553358.225409,213.2000,2593.5000,-6.0000,46.5000,False,left,False
1464,1791553358.242076,207.2000,2640.5000,-6.0000,47.0000,False,left,False
1465,1791553358.258742,201.2000,2688.0000,-6.0000,47.5000,False,left,False
1466,1791553358.275409,195.2000,2736.0000,-6.0000,48.0000,False,left,False
1467,1791553358.292076,189.2000,2784.5000,-6.0000,48.5000,False,left,False
1468,1791553358.308742,183.2000,2833.5000,-6.0000,49.0000,False,left,False
1469,1791553358.325409,177.2000,2883.0000,-6.0000,49.5000,False,left,False
1470,1791553358.342076,171.2000,2933.0000,-6.0000,50.0000,False,left,False
1471,1791553358.358742,165.2000,2983.5000,-6.0000,50.5000,False,left,False
1472,1791553358.375409,159.2000,3034.5000,-6.0000,51.0000,False,left,False
1473,1791553358.392076,153.2000,3086.0000,-6.0000,51.5000,False,left,False
1474,1791553358.408742,147.2000,3138.0000,-6.0000,52.0000,False,left,False
1475,1791553358.425409,141.2000,3190.5000,-6.0000,52.5000,False,left,False
1476,1791553358.442075,135.2000,3243.5000,-6.0000,53.0000,False,left,False
1477,1791553358.458742,129.2000,3297.0000,-6.0000,53.5000,False,left,False
1478,1791553358.475409,123.2000,3351.0000,-6.0000,54.0000,False,left,False
1479,1791553358.492076,117.2000,3405.5000,-6.0000,54.5000,False,left,False
1480,1791553358.508742,111.2000,3460.5000,-6.0000,55.0000,False,left,False
1481,1791553358.525409,105.2000,3516.0000,-6.0000,55.5000,False,left,False
1482,1791553358.542076,99.2000,3572.0000,-6.0000,56.0000,False,left,False
1483,1791553358.558742,93.2000,3628.5000,-6.0000,56.5000,False,left,False
1484,1791553358.575409,87.2000,3685.5000,-6.0000,57.0000,False,left,False
1485,1791553358.592076,81.2000,3743.0000,-6.0000,57.5000,False,left,False
1486,1791553358.608742,75.2000,3801.0000,-6.0000,58.0000,False,left,False
1487,1791553358.625409,69.2000,3859.5000,-6.0000,58.5000,False,left,False
1488,1791553358.642076,63.2000,3918.5000,-6.0000,59.0000,False,left,False
1489,1791553358.658742,57.2000,3978.0000,-6.0000,59.5000,False,left,False
1490,1791553358.675409,51.2000,4038.0000,-6.0000,60.0000,False,left,False
1491,1791553358.692075,45.2000,4098.5000,-6.0000,60.5000,False,left,False
1492,1791553358.708742,39.2000,4159.5000,-6.0000,61.0000,False,left,False
1493,1791553358.725409,33.2000,4221.0000,-6.0000,61.5000,False,left,False
1494,1791553358.742076,27.2000,4283.0000,-6.0000,62.0000,False,left,False
1495,1791553358.758742,21.2000,4345.5000,-6.0000,62.5000,False,left,False
1496,1791553358.775409,15.2000,4408.5000,-6.0000,63.0000,False,left,False
1497,1791553358.792076,9.2000,4472.0000,-6.0000,63.5000,False,left,False
1498,1791553358.808742,3.2000,4536.0000,-6.0000,64.0000,False,left,False
1499,1791553358.825409,-2.8000,4600.5000,-6.0000,64.5000,False,left,False
1500,1791553358.842076,-8.8000,4665.5000,-6.0000,65.0000,False,left,False
1501,1791553358.858742,-14.8000,4731.0000,-6.0000,65.5000,False,left,False
1502,1791553358.875409,-20.8000,4797.0000,-6.0000,66.0000,False,left,False
1503,1791553358.892076,-26.8000,4863.5000,-6.0000,66.5000,False,left,False
1504,1791553358.908742,-32.8000,4930.5000,-6.0000,67.0000,False,left,False
1505,1791553358.925409,-38.8000,4998.0000,-6.0000,67.5000,False,left,False
1506,1791553358.942075,-44.8000,5066.0000,-6.0000,68.0000,False,left,False
1507,1791553358.958742,-50.8000,5134.5000,-6.0000,68.5000,False,left,False
1508,1791553358.975409,-56.8000,5203.5000,-6.0000,69.0000,False,left,False
1509,1791553358.992076,-62.8000,5273.0000,-6.0000,69.5000,False,left,False
1510,1791553359.008742,-68.8000,5343.0000,-6.0000,70.0000,False,left,False
1511,1791553359.025409,-74.8000,5413.5000,-6.0000,70.5000,False,left,False
1512,1791553359.042076,-80.8000,5484.5000,-6.0000,71.0000,False,left,False
1513,1791553359.058742,-86.8000,5556.0000,-6.0000,71.5000,False,left,False
1514,1791553359.075409,-92.8000,5628.0000,-6.0000,72.0000,False,left,False
1515,1791553359.092076,-98.8000,5700.5000,-6.0000,72.5000,False,left,False
1516,1791553359.108742,-104.8000,5773.5000,-6.0000,73.0000,False,left,False
1517,1791553359.125409,-110.8000,5847.0000,-6.0000,73.5000,False,left,False
1518,1791553359.142076,-116.8000,5921.0000,-6.0000,74.0000,False,left,False
1519,1791553359.158742,-122.8000,5995.5000,-6.0000,74.5000,False,left,False
1520,1791553359.175409,-128.8000,6070.5000,-6.0000,75.0000,False,left,False
1521,1791553359.192075,-134.8000,6146.0000,-6.0000,75.5000,False,left,False
1522,1791553359.208742,-140.8000,6222.0000,-6.0000,76.0000,False,left,False
1523,1791553359.225409,-146.8000,6298.5000,-6.0000,76.5000,False,left,False
1524,1791553359.242076,-152.8000,6375.5000,-6.0000,77.0000,False,left,False
1525,1791553359.258742,-158.8000,6453.0000,-6.0000,77.5000,False,left,False
1526,1791553359.275409,-164.8000,6531.0000,-6.0000,78.0000,False,left,False
1527,1791553359.292076,-170.8000,6609.5000,-6.0000,78.5000,False,left,False
1528,1791553359.308742,-176.8000,6688.5000,-6.0000,79.0000,False,left,False
1529,1791553359.325409,-182.8000,6768.0000,-6.0000,79.5000,False,left,False
1530,1791553359.342076,-188.8000,6848.0000,-6.0000,80.0000,False,left,False
1531,1791553359.358742,-194.8000,6928.5000,-6.0000,80.5000,False,left,False
1532,1791553359.375409,-200.8000,7009.5000,-6.0000,81.0000,False,left,False
1533,1791553359.392076,-206.8000,7091.0000,-6.0000,81.5000,False,left,False
1534,1791553359.408742,-212.8000,7173.0000,-6.0000,82.0000,False,left,False
1535,1791553359.425409,-218.8000,7255.5000,-6.0000,82.5000,False,left,False
1536,1791553359.442075,-224.8000,7338.5000,-6.0000,83.0000,False,left,False
1537,1791553359.458742,-230.8000,7422.0000,-6.0000,83.5000,False,left,False
1538,1791553359.475409,-236.8000,7506.0000,-6.0000,84.0000,False,left,False
1539,1791553359.492076,-242.8000,7590.5000,-6.0000,84.5000,False,left,False
1540,1791553359.508742,-248.8000,7675.5000,-6.0000,85.0000,False,left,False
1541,1791553359.525409,-254.8000,7761.0000,-6.0000,85.5000,False,left,False
1542,1791553359.542076,-260.8000,7847.0000,-6.0000,86.0000,False,left,False
1543,1791553359.558742,-266.8000,7933.5000,-6.0000,86.5000,False,left,False
1544,1791553359.575409,-272.8000,8020.5000,-6.0000,87.0000,False,left,False
1545,1791553359.592076,-278.8000,8108.0000,-6.0000,87.5000,False,left,False
1546,1791553359.608742,-284.8000,8196.0000,-6.0000,88.0000,False,left,False
1547,1791553359.625409,-290.8000,8284.5000,-6.0000,88.5000,False,left,False
1548,1791553359.642076,-296.8000,8373.5000,-6.0000,89.0000,False,left,False
1549,1791553359.658742,-302.8000,8463.0000,-6.0000,89.5000,False,left,False
1550,1791553359.675409,-308.8000,8553.0000,-6.0000,90.0000,False,left,False
1551,1791553359.692075,-314.8000,8643.5000,-6.0000,90.5000,False,left,False
1552,1791553359.708742,-320.8000,8734.5000,-6.0000,91.0000,False,left,False
1553,1791553359.725409,-326.8000,8826.0000,-6.0000,91.5000,False,left,False
1554,1791553359.742076,-332.8000,8918.0000,-6.0000,92.0000,False,left,False
1555,1791553359.758742,-338.8000,9010.5000,-6.0000,92.5000,False,left,False
1556,1791553359.775409,-344.8000,9103.5000,-6.0000,93.0000,False,left,False
1557,1791553359.792076,-350.8000,9197.0000,-6.0000,93.5000,False,left,False
1558,1791553359.808742,-356.8000,9291.0000,-6.0000,94.0000,False,left,False
1559,1791553359.825409,-362.8000,9385.5000,-6.0000,94.5000,False,left,False
1560,1791553359.842076,-368.8000,9480.5000,-6.0000,95.0000,False,left,False
1561,1791553359.858742,-374.8000,9576.0000,-6.0000,95.5000,False,left,False
1562,1791553359.875409,-380.8000,9672.0000,-6.0000,96.0000,False,left,False
1563,1791553359.892076,-386.8000,9768.5000,-6.0000,96.5000,False,left,False
1564,1791553359.908742,-392.8000,9865.5000,-6.0000,97.0000,False,left,False
1565,1791553359.925409,-398.8000,9963.0000,-6.0000,97.5000,False,left,False
1566,1791553359.942075,-404.8000,10061.0000,-6.0000,98.0000,False,left,False
1567,1791553359.958742,-410.8000,10159.5000,-6.0000,98.5000,False,left,False
1568,1791553359.975409,-416.8000,10258.5000,-6.0000,99.0000,False,left,False
1569,1791553359.992076,-422.8000,10358.0000,-6.0000,99.5000,False,left,False
1570,1791553360.008742,-428.8000,10458.0000,-6.0000,100.0000,False,left,False
1571,1791553360.025409,-434.8000,10558.5000,-6.0000,100.5000,False,left,False
1572,1791553360.042076,-440.8000,10659.5000,-6.0000,101.0000,False,left,False
1573,1791553360.058742,-446.8000,10761.0000,-6.0000,101.5000,False,left,False
1574,1791553360.075409,-452.8000,10863.0000,-6.0000,102.0000,False,left,False
1575,1791553360.092076,-458.8000,10965.5000,-6.0000,102.5000,False,left,False
1576,1791553360.108742,-464.8000,11068.5000,-6.0000,103.0000,False,left,False
1577,1791553360.125409,-470.8000,11172.0000,-6.0000,103.5000,False,left,False
1578,1791553360.142076,-476.8000,11276.0000,-6.0000,104.0000,False,left,False
1579,1791553360.158742,-482.8000,11380.5000,-6.0000,104.5000,False,left,False
1580,1791553360.175409,-488.8000,11485.5000,-6.0000,105.0000,False,left,False
1581,1791553360.192075,-494.8000,11591.0000,-6.0000,105.5000,False,left,False
1582,1791553360.208742,-500.8000,11697.0000,-6.0000,106.0000,False,left,False
1583,1791553360.225409,-506.8000,11803.5000,-6.0000,106.5000,False,left,False
1584,1791553360.242076,-512.8000,11910.5000,-6.0000,107.0000,False,left,False
1585,1791553360.258742,-518.8000,12018.0000,-6.0000,107.5000,False,left,False
1586,1791553360.275409,-524.8000,12126.0000,-6.0000,108.0000,False,left,False
1587,1791553360.292076,-530.8000,12234.5000,-6.0000,108.5000,False,left,False
1588,1791553360.308742,-536.8000,12343.5000,-6.0000,109.0000,False,left,False
1589,1791553360.325409,-542.8000,12453.0000,-6.0000,109.5000,False,left,False
1590,1791553360.342076,-548.8000,12563.0000,-6.0000,110.0000,False,left,False
1591,1791553360.358742,-554.8000,12673.5000,-6.0000,110.5000,False,left,False
1592,1791553360.375409,-560.8000,12784.5000,-6.0000,111.0000,False,left,False
1593,1791553360.392076,-566.8000,12896.0000,-6.0000,111.5000,False,left,False
1594,1791553360.408742,-572.8000,13008.0000,-6.0000,112.0000,False,left,False
1595,1791553360.425409,-578.8000,13120.5000,-6.0000,112.5000,False,left,False
1596,1791553360.442075,-584.8000,13233.5000,-6.0000,113.0000,False,left,False
1597,1791553360.458742,-590.8000,13347.0000,-6.0000,113.5000,False,left,False
1598,1791553360.475409,-596.8000,13461.0000,-6.0000,114.0000,False,left,False
1599,1791553360.492076,-602.8000,13575.5000,-6.0000,114.5000,False,left,False
1600,1791553360.508742,-608.8000,13690.5000,-6.0000,115.0000,False,left,False
1601,1791553360.525409,-614.8000,13806.0000,-6.0000,115.5000,False,left,False
1602,1791553360.542076,-620.8000,13922.0000,-6.0000,116.0000,False,left,False
1603,1791553360.558742,-626.8000,14038.5000,-6.0000,116.5000,False,left,False
1604,1791553360.575409,-632.8000,14155.5000,-6.0000,117.0000,False,left,False
1605,1791553360.592076,-638.8000,14273.0000,-6.0000,117.5000,False,left,False
1606,1791553360.608742,-644.8000,14391.0000,-6.0000,118.0000,False,left,False
1607,1791553360.625409,-650.8000,14509.5000,-6.0000,118.5000,False,left,False
1608,1791553360.642076,-656.8000,14628.5000,-6.0000,119.0000,False,left,False
1609,1791553360.658742,-662.8000,14748.0000,-6.0000,119.5000,False,left,False
1610,1791553360.675409,-668.8000,14868.0000,-6.0000,120.0000,False,left,False
1611,1791553360.692075,-674.8000,14988.5000,-6.0000,120.5000,False,left,False
1612,1791553360.708742,-680.8000,15109.5000,-6.0000,121.0000,False,left,False
1613,1791553360.725409,-686.8000,15231.0000,-6.0000,121.5000,False,left,False
1614,1791553360.742076,-692.8000,15353.0000,-6.0000,122.0000,False,left,False
1615,1791553360.758742,-698.8000,15475.5000,-6.0000,122.5000,False,left,False
1616,1791553360.775409,-704.8000,15598.5000,-6.0000,123.0000,False,left,False
1617,1791553360.792076,-710.8000,15722.0000,-6.0000,123.5000,False,left,False
1618,1791553360.808742,-716.8000,15846.0000,-6.0000,124.0000,False,left,False
1619,1791553360.825409,-722.8000,15970.5000,-6.0000,124.5000,False,left,False
1620,1791553360.842076,-728.8000,16095.5000,-6.0000,125.0000,False,left,False
1621,1791553360.858742,-734.8000,16221.0000,-6.0000,125.5000,False,left,False
1622,1791553360.875409,-740.8000,16347.0000,-6.0000,126.0000,False,left,False
1623,1791553360.892076,-746.8000,16473.5000,-6.0000,126.5000,False,left,False
1624,1791553360.908742,-752.8000,16600.5000,-6.0000,127.0000,False,left,False
1625,1791553360.925409,-758.8000,16728.0000,-6.0000,127.5000,False,left,False
1626,1791553360.942075,-764.8000,16856.0000,-6.0000,128.0000,False,left,False
1627,1791553360.958742,-770.8000,16984.5000,-6.0000,128.5000,False,left,False
1628,1791553360.975409,-776.8000,17113.5000,-6.0000,129.0000,False,left,False
1629,1791553360.992076,-782.8000,17243.0000,-6.0000,129.5000,False,left,False
1630,1791553361.008742,-788.8000,17373.0000,-6.0000,130.0000,False,left,False
1631,1791553361.025409,-794.8000,17503.5000,-6.0000,130.5000,False,left,False
1632,1791553361.042076,-800.8000,17634.5000,-6.0000,131.0000,False,left,False
1633,1791553361.058742,-806.8000,17766.0000,-6.0000,131.5000,False,left,False
1634,1791553361.075409,-812.8000,17898.0000,-6.0000,132.0000,False,left,False
1635,1791553361.092076,-818.8000,18030.5000,-6.0000,132.5000,False,left,False
1636,1791553361.108742,-824.8000,18163.5000,-6.0000,133.0000,False,left,False
1637,1791553361.125409,-830.8000,18297.0000,-6.0000,133.5000,False,left,False
1638,1791553361.142076,-836.8000,18431.0000,-6.0000,134.0000,False,left,False
1639,1791553361.158742,-842.8000,18565.5000,-6.0000,134.5000,False,left,False
1640,1791553361.175409,-848.8000,18700.5000,-6.0000,135.0000,False,left,False
1641,1791553361.192075,-854.8000,18836.0000,-6.0000,135.5000,False,left,False
1642,1791553361.208742,-860.8000,18972.0000,-6.0000,136.0000,False,left,False
1643,1791553361.225409,-866.8000,19108.5000,-6.0000,136.5000,False,left,False
1644,1791553361.242076,-872.8000,19245.5000,-6.0000,137.0000,False,left,False
1645,1791553361.258742,-878.8000,19383.0000,-6.0000,137.5000,False,left,False
1646,1791553361.275409,-884.8000,19521.0000,-6.0000,138.0000,False,left,False
1647,1791553361.292076,-890.8000,19659.5000,-6.0000,138.5000,False,left,False
1648,1791553361.308742,-896.8000,19798.5000,-6.0000,139.0000,False,left,False
1649,1791553361.325409,-902.8000,19938.0000,-6.0000,139.5000,False,left,False
1650,1791553361.342076,-908.8000,20078.0000,-6.0000,140.0000,False,left,False
1651,1791553361.358742,-914.8000,20218.5000,-6.0000,140.5000,False,left,False
1652,1791553361.375409,-920.8000,20359.5000,-6.0000,141.0000,False,left,False
1653,1791553361.392076,-926.8000,20501.0000,-6.0000,141.5000,False,left,False
1654,1791553361.408742,-932.8000,20643.0000,-6.0000,142.0000,False,left,False
1655,1791553361.425409,-938.8000,20785.5000,-6.0000,142.5000,False,left,False
1656,1791553361.442075,-944.8000,20928.5000,-6.0000,143.0000,False,left,False
1657,1791553361.458742,-950.8000,21072.0000,-6.0000,143.5000,False,left,False
1658,1791553361.475409,-956.8000,21216.0000,-6.0000,144.0000,False,left,False
1659,1791553361.492076,-962.8000,21360.5000,-6.0000,144.5000,False,left,False
1660,1791553361.508742,-968.8000,21505.5000,-6.0000,145.0000,False,left,False
1661,1791553361.525409,-974.8000,21651.0000,-6.0000,145.5000,False,left,False
1662,1791553361.542076,-980.8000,21797.0000,-6.0000,146.0000,False,left,False
1663,1791553361.558742,-986.8000,21943.5000,-6.0000,146.5000,False,left,False
1664,1791553361.575409,-992.8000,22090.5000,-6.0000,147.0000,False,left,False
1665,1791553361.592076,-998.8000,22238.0000,-6.0000,147.5000,False,left,False
1666,1791553361.608742,-1004.8000,22386.0000,-6.0000,148.0000,False,left,False
1667,1791553361.625409,-1010.8000,22534.5000,-6.0000,148.5000,False,left,False
1668,1791553361.642076,-1016.8000,22683.5000,-6.0000,149.0000,False,left,False
1669,1791553361.658742,-1022.8000,22833.0000,-6.0000,149.5000,False,left,False
1670,1791553361.675409,-1028.8000,22983.0000,-6.0000,150.0000,False,left,False
1671,1791553361.692075,-1034.8000,23133.5000,-6.0000,150.5000,False,left,False
1672,1791553361.708742,-1040.8000,23284.5000,-6.0000,151.0000,False,left,False
1673,1791553361.725409,-1046.8000,23436.0000,-6.0000,151.5000,False,left,False
1674,1791553361.742076,-1052.8000,23588.0000,-6.0000,152.0000,False,left,False
1675,1791553361.758742,-1058.8000,23740.5000,-6.0000,152.5000,False,left,False
1676,1791553361.775409,-1064.8000,23893.5000,-6.0000,153.0000,False,left,False
1677,1791553361.792076,-1070.8000,24047.0000,-6.0000,153.5000,False,left,False
1678,1791553361.808742,-1076.8000,24201.0000,-6.0000,154.0000,False,left,False
1679,1791553361.825409,-1082.8000,24355.5000,-6.0000,154.5000,False,left,False
1680,1791553361.842076,-1088.8000,24510.5000,-6.0000,155.0000,False,left,False
1681,1791553361.858742,-1094.8000,24666.0000,-6.0000,155.5000,False,left,False
1682,1791553361.875409,-1100.8000,24822.0000,-6.0000,156.0000,False,left,False
1683,1791553361.892076,-1106.8000,24978.5000,-6.0000,156.5000,False,left,False
1684,1791553361.908742,-1112.8000,25135.5000,-6.0000,157.0000,False,left,False
1685,1791553361.925409,-1118.8000,25293.0000,-6.0000,157.5000,False,left,False
1686,1791553361.942075,-1124.8000,25451.0000,-6.0000,158.0000,False,left,False
1687,1791553361.958742,-1130.8000,25609.5000,-6.0000,158.5000,False,left,False
1688,1791553361.975409,-1136.8000,25768.5000,-6.0000,159.0000,False,left,False
1689,1791553361.992076,-1142.8000,25928.0000,-6.0000,159.5000,False,left,False
1690,1791553362.008742,-1148.8000,26088.0000,-6.0000,160.0000,False,left,False
1691,1791553362.025409,-1154.8000,26248.5000,-6.0000,160.5000,False,left,False
1692,1791553362.042076,-1160.8000,26409.5000,-6.0000,161.0000,False,left,False
1693,1791553362.058742,-1166.8000,26571.0000,-6.0000,161.5000,False,left,False
1694,1791553362.075409,-1172.8000,26733.0000,-6.0000,162.0000,False,left,False
1695,1791553362.092076,-1178.8000,26895.5000,-6.0000,162.5000,False,left,False
1696,1791553362.108742,-1184.8000,27058.5000,-6.0000,163.0000,False,left,False
1697,1791553362.125409,-1190.8000,27222.0000,-6.0000,163.5000,False,left,False
1698,1791553362.142076,-1196.8000,27386.0000,-6.0000,164.0000,False,left,False
1699,1791553362.158742,339.2000,404.5000,-0.8000,0.5000,False,left,False
1700,1791553362.175409,339.2000,405.5000,0.0000,1.0000,False,right,False
1701,1791553362.192075,340.0000,407.0000,0.8000,1.5000,False,right,False
1702,1791553362.208742,341.6000,408.0000,1.6000,0.0000,True,right,True
1703,1791553362.225409,344.0000,408.0000,2.4000,0.0000,True,right,True
1704,1791553362.242076,347.2000,408.0000,3.2000,0.0000,True,right,True
1705,1791553362.258742,351.2000,408.0000,4.0000,0.0000,True,right,True
1706,1791553362.275409,356.0000,408.0000,4.8000,0.0000,True,right,True
1707,1791553362.292076,361.6000,408.0000,5.6000,0.0000,True,right,True
1708,1791553362.308742,367.6000,408.0000,6.0000,0.0000,True,right,True
1709,1791553362.325409,373.6000,408.0000,6.0000,0.0000,True,right,True
1710,1791553362.342076,379.6000,408.0000,6.0000,0.0000,True,right,True
1711,1791553362.358742,385.6000,408.0000,6.0000,0.0000,True,right,True
1712,1791553362.375409,391.6000,408.0000,6.0000,0.0000,True,right,True
1713,1791553362.392076,397.6000,408.0000,6.0000,0.0000,True,right,True
1714,1791553362.408742,403.6000,408.0000,6.0000,0.0000,True,right,True
1715,1791553362.425409,409.6000,408.0000,6.0000,0.0000,True,right,True
1716,1791553362.442075,414.7000,408.0000,5.1000,0.0000,True,none,True
1717,1791553362.458742,419.0350,408.0000,4.3350,0.0000,True,none,True
1718,1791553362.475409,422.7198,408.0000,3.6847,0.0000,True,none,True
1719,1791553362.492076,425.8518,408.0000,3.1320,0.0000,True,none,True
1720,1791553362.508742,428.5140,408.0000,2.6622,0.0000,True,none,True
1721,1791553362.525409,430.7769,408.0000,2.2629,0.0000,True,none,True
1722,1791553362.542076,432.7004,408.0000,1.9235,0.0000,True,none,True
1723,1791553362.558742,435.4238,398.2500,2.7235,-9.7500,False,right+jump,False
1724,1791553362.575409,438.9473,389.0000,3.5235,-9.2500,False,right,False
1725,1791553362.592076,443.2708,380.2500,4.3235,-8.7500,False,right,False
1726,1791553362.608742,448.3942,372.0000,5.1235,-8.2500,False,right,False
1727,1791553362.625409,454.3177,364.2500,5.9235,-7.7500,False,right,False
1728,1791553362.642076,460.3177,357.0000,6.0000,-7.2500,False,right,False
1729,1791553362.658742,466.3177,350.2500,6.0000,-6.7500,False,right,False
1730,1791553362.675409,472.3177,344.0000,6.0000,-6.2500,False,right,False
1731,1791553362.692075,478.3177,338.2500,6.0000,-5.7500,False,right,False
1732,1791553362.708742,484.3177,333.0000,6.0000,-5.2500,False,right,False
1733,1791553362.725409,490.3177,328.2500,6.0000,-4.7500,False,right,False
1734,1791553362.742076,496.3177,324.0000,6.0000,-4.2500,False,right,False
1735,1791553362.758742,502.3177,320.2500,6.0000,-3.7500,False,right,False
1736,1791553362.775409,508.3177,317.0000,6.0000,-3.2500,False,right,False
1737,1791553362.792076,514.3177,314.2500,6.0000,-2.7500,False,right,False
1738,1791553362.808742,520.3177,312.0000,6.0000,-2.2500,False,right,False
1739,1791553362.825409,526.3177,310.2500,6.0000,-1.7500,False,right,False
1740,1791553362.842076,532.3177,309.0000,6.0000,-1.2500,False,right,False
1741,1791553362.858742,538.3177,308.2500,6.0000,-0.7500,False,right,False
1742,1791553362.875409,544.3177,308.0000,6.0000,-0.2500,False,right,False
1743,1791553362.892076,550.3177,308.2500,6.0000,0.2500,False,right,False
1744,1791553362.908742,556.3177,309.0000,6.0000,0.7500,False,right,False
1745,1791553362.925409,562.3177,310.2500,6.0000,1.2500,False,right,False
1746,1791553362.942075,568.3177,312.0000,6.0000,1.7500,False,right,False
1747,1791553362.958742,574.3177,314.2500,6.0000,2.2500,False,right,False
1748,1791553362.975409,580.3177,317.0000,6.0000,2.7500,False,right,False
1749,1791553362.992076,586.3177,320.2500,6.0000,3.2500,False,right,False
1750,1791553363.008742,592.3177,324.0000,6.0000,3.7500,False,right,False
1751,1791553363.025409,598.3177,328.0000,6.0000,0.0000,True,right,True
1752,1791553363.042076,604.3177,328.0000,6.0000,0.0000,True,right,True
1753,1791553363.058742,610.3177,328.0000,6.0000,0.0000,True,right,True
1754,1791553363.075409,616.3177,328.0000,6.0000,0.0000,True,right,True
1755,1791553363.092076,622.3177,328.0000,6.0000,0.0000,True,right,True
1756,1791553363.108742,628.3177,328.0000,6.0000,0.0000,True,right,True
1757,1791553363.125409,634.3177,328.0000,6.0000,0.0000,True,right,True
1758,1791553363.142076,640.3177,328.0000,6.0000,0.0000,True,right,True
1759,1791553363.158742,646.3177,328.0000,6.0000,0.0000,True,right,True
1760,1791553363.175409,651.4177,328.0000,5.1000,0.0000,True,none,True
1761,1791553363.192075,655.7527,328.0000,4.3350,0.0000,True,none,True
1762,1791553363.208742,659.4374,328.0000,3.6847,0.0000,True,none,True
1763,1791553363.225409,662.5695,328.0000,3.1320,0.0000,True,none,True
1764,1791553363.242076,665.2317,328.0000,2.6622,0.0000,True,none,True
1765,1791553363.258742,667.4946,328.0000,2.2629,0.0000,True,none,True
1766,1791553363.275409,669.4181,328.0000,1.9235,0.0000,True,none,True
1767,1791553363.292076,671.0530,328.0000,1.6349,0.0000,True,none,True
1768,1791553363.308742,672.4427,328.0000,1.3897,0.0000,True,none,True
1769,1791553363.325409,673.6240,328.0000,1.1812,0.0000,True,none,True
1770,1791553363.342076,674.6280,328.0000,1.0041,0.0000,True,none,True
1771,1791553363.358742,675.4815,328.0000,0.8535,0.0000,True,none,True
1772,1791553363.375409,676.2069,328.0000,0.7254,0.0000,True,none,True
1773,1791553363.392076,676.8235,328.0000,0.6166,0.0000,True,none,True
1774,1791553363.408742,678.2401,318.2500,1.4166,-9.7500,False,right+jump,False
1775,1791553363.425409,680.4568,309.0000,2.2166,-9.2500,False,right,False
1776,1791553363.442075,683.4734,300.2500,3.0166,-8.7500,False,right,False
1777,1791553363.458742,687.2900,292.0000,3.8166,-8.2500,False,right,False
1778,1791553363.475409,691.9066,284.2500,4.6166,-7.7500,False,right,False
1779,1791553363.492076,697.3232,277.0000,5.4166,-7.2500,False,right,False
1780,1791553363.508742,703.3232,270.2500,6.0000,-6.7500,False,right,False
1781,1791553363.525409,709.3232,264.0000,6.0000,-6.2500,False,right,False
1782,1791553363.542076,715.3232,258.2500,6.0000,-5.7500,False,right,False
1783,1791553363.558742,721.3232,253.0000,6.0000,-5.2500,False,right,False
1784,1791553363.575409,727.3232,248.2500,6.0000,-4.7500,False,right,False
1785,1791553363.592076,733.3232,244.0000,6.0000,-4.2500,False,right,False
1786,1791553363.608742,739.3232,240.2500,6.0000,-3.7500,False,right,False
1787,1791553363.625409,745.3232,237.0000,6.0000,-3.2500,False,right,False
1788,1791553363.642076,751.3232,234.2500,6.0000,-2.7500,False,right,True
1789,1791553363.658742,752.0000,232.0000,0.0000,-2.2500,False,left+jump,True
1790,1791553363.675409,751.2000,230.2500,-0.8000,-1.7500,False,left+jump,True
1791,1791553363.692075,749.6000,229.0000,-1.6000,-1.2500,False,left+jump,False
1792,1791553363.708742,747.2000,228.2500,-2.4000,-0.7500,False,left+jump,False
1793,1791553363.725409,744.0000,228.0000,-3.2000,-0.2500,False,left+jump,False
1794,1791553363.742076,740.0000,228.2500,-4.0000,0.2500,False,left+jump,False
1795,1791553363.758742,735.2000,229.0000,-4.8000,0.7500,False,left,False
1796,1791553363.775409,729.6000,230.2500,-5.6000,1.2500,False,left,False
1797,1791553363.792076,724.8000,232.0000,-4.8000,1.7500,False,right,False
1798,1791553363.808742,720.8000,234.2500,-4.0000,2.2500,False,right,False
1799,1791553363.825409,717.6000,237.0000,-3.2000,2.7500,False,right,False
1800,1791553363.842076,715.2000,240.2500,-2.4000,3.2500,False,right,False
1801,1791553363.858742,713.6000,244.0000,-1.6000,3.7500,False,right+jump,False
1802,1791553363.875409,712.8000,248.2500,-0.8000,4.2500,False,right+jump,False
1803,1791553363.892076,712.8000,253.0000,-0.0000,4.7500,False,right+jump,False
1804,1791553363.908742,713.6000,258.2500,0.8000,5.2500,False,right+jump,False
1805,1791553363.925409,715.2000,264.0000,1.6000,5.7500,False,right+jump,False
1806,1791553363.942075,717.6000,270.2500,2.4000,6.2500,False,right+jump,False
1807,1791553363.958742,719.2000,277.0000,1.6000,6.7500,False,left,False
1808,1791553363.975409,720.0000,284.2500,0.8000,7.2500,False,left,False
1809,1791553363.992076,720.0000,292.0000,-0.0000,7.7500,False,left,False
1810,1791553364.008742,719.2000,300.2500,-0.8000,8.2500,False,left,False
1811,1791553364.025409,717.6000,309.0000,-1.6000,8.7500,False,left,False
1812,1791553364.042076,715.2000,318.2500,-2.4000,9.2500,False,left,False
1813,1791553364.058742,713.6000,328.0000,-1.6000,9.7500,False,right,False
1814,1791553364.075409,712.8000,338.2500,-0.8000,10.2500,False,right,False
1815,1791553364.092076,712.8000,349.0000,-0.0000,10.7500,False,right+jump,False
1816,1791553364.108742,713.6000,360.2500,0.8000,11.2500,False,right+jump,False
1817,1791553364.125409,715.2000,372.0000,1.6000,11.7500,False,right+jump,False
1818,1791553364.142076,717.6000,384.2500,2.4000,12.2500,False,right+jump,False
1819,1791553364.158742,720.8000,397.0000,3.2000,12.7500,False,right+jump,False
1820,1791553364.175409,724.8000,408.0000,4.0000,0.0000,True,right+jump,True
1821,1791553364.192075,729.6000,398.2500,4.8000,-9.7500,False,right+jump,False
1822,1791553364.208742,735.2000,389.0000,5.6000,-9.2500,False,right+jump,False
1823,1791553364.225409,741.2000,380.2500,6.0000,-8.7500,False,right+jump,False
1824,1791553364.242076,747.2000,372.0000,6.0000,-8.2500,False,right+jump,False
1825,1791553364.258742,752.0000,364.2500,0.0000,-7.7500,False,right+jump,True
1826,1791553364.275409,752.0000,357.0000,0.0000,-7.2500,False,right+jump,True
1827,1791553364.292076,752.0000,350.2500,0.0000,-6.7500,False,right+jump,True
1828,1791553364.308742,752.0000,344.0000,0.0000,-6.2500,False,right+jump,True
1829,1791553364.325409,752.0000,338.2500,0.0000,-5.7500,False,right+jump,True
1830,1791553364.342076,752.0000,333.0000,0.0000,-5.2500,False,right+jump,True
1831,1791553364.358742,752.0000,328.2500,0.0000,-4.7500,False,right+jump,True
1832,1791553364.375409,752.0000,324.0000,0.0000,-4.2500,False,right+jump,True
1833,1791553364.392076,752.0000,320.2500,0.0000,-3.7500,False,right+jump,True
1834,1791553364.408742,752.0000,317.0000,0.0000,-3.2500,False,right,True
1835,1791553364.425409,752.0000,314.2500,0.0000,-2.7500,False,right,True
1836,1791553364.442075,752.0000,312.0000,0.0000,-2.2500,False,right,True
1837,1791553364.458742,752.0000,310.2500,0.0000,-1.7500,False,right,True
1838,1791553364.475409,752.0000,309.0000,0.0000,-1.2500,False,right,True
1839,1791553364.492076,752.0000,308.2500,0.0000,-0.7500,False,right,True
1840,1791553364.508742,752.0000,308.0000,0.0000,-0.2500,False,right,True
1841,1791553364.525409,752.0000,308.2500,0.0000,0.2500,False,right,True
1842,1791553364.542076,752.0000,309.0000,0.0000,0.7500,False,jump,True
1843,1791553364.558742,752.0000,310.2500,0.0000,1.2500,False,jump,True
1844,1791553364.575409,752.0000,312.0000,0.0000,1.7500,False,jump,True
1845,1791553364.592076,752.0000,314.2500,0.0000,2.2500,False,jump,True
1846,1791553364.608742,752.0000,317.0000,0.0000,2.7500,False,right+jump,True
1847,1791553364.625409,752.0000,320.2500,0.0000,3.2500,False,right+jump,True
1848,1791553364.642076,752.0000,324.0000,0.0000,3.7500,False,right+jump,True
1849,1791553364.658742,752.0000,328.2500,0.0000,4.2500,False,right,True
1850,1791553364.675409,752.0000,333.0000,0.0000,4.7500,False,right,True
1851,1791553364.692075,752.0000,338.2500,0.0000,5.2500,False,right,True
1852,1791553364.708742,752.0000,344.0000,0.0000,5.7500,False,right+jump,True
1853,1791553364.725409,752.0000,350.2500,0.0000,6.2500,False,right+jump,True
1854,1791553364.742076,752.0000,357.0000,0.0000,6.7500,False,right+jump,True
1855,1791553364.758742,752.0000,364.2500,0.0000,7.2500,False,right+jump,True
1856,1791553364.775409,752.0000,372.0000,0.0000,7.7500,False,right+jump,True
1857,1791553364.792076,752.0000,380.2500,0.0000,8.2500,False,right+jump,True
1858,1791553364.808742,800.0000,389.0000,0.8000,8.7500,False,right+jump,True
1859,1791553364.825409,801.6000,398.2500,1.6000,9.2500,False,right+jump,False
1860,1791553364.842076,804.0000,408.0000,2.4000,9.7500,False,right+jump,False
1861,1791553364.858742,806.4000,418.2500,2.4000,10.2500,False,jump,False
1862,1791553364.875409,808.8000,429.0000,2.4000,10.7500,False,jump,False
1863,1791553364.892076,812.0000,440.2500,3.2000,11.2500,False,right,False
1864,1791553364.908742,816.0000,452.0000,4.0000,11.7500,False,right,False
1865,1791553364.925409,820.8000,464.2500,4.8000,12.2500,False,right,False
1866,1791553364.942075,826.4000,477.0000,5.6000,12.7500,False,right,False
1867,1791553364.958742,832.4000,490.2500,6.0000,13.2500,False,right+jump,False
1868,1791553364.975409,838.4000,504.0000,6.0000,13.7500,False,right+jump,False
1869,1791553364.992076,844.4000,518.2500,6.0000,14.2500,False,right+jump,False
1870,1791553365.008742,850.4000,533.0000,6.0000,14.7500,False,right+jump,False
1871,1791553365.025409,856.4000,548.2500,6.0000,15.2500,False,right+jump,False
1872,1791553365.042076,862.4000,564.0000,6.0000,15.7500,False,right+jump,False
1873,1791553365.058742,868.4000,580.2500,6.0000,16.2500,False,right+jump,False
1874,1791553365.075409,874.4000,597.0000,6.0000,16.7500,False,right+jump,False
1875,1791553365.092076,880.4000,614.2500,6.0000,17.2500,False,right+jump,False
1876,1791553365.108742,886.4000,632.0000,6.0000,17.7500,False,right+jump,False
1877,1791553365.125409,892.4000,650.2500,6.0000,18.2500,False,right+jump,False
1878,1791553365.142076,898.4000,669.0000,6.0000,18.7500,False,right+jump,False
1879,1791553365.158742,904.4000,688.2500,6.0000,19.2500,False,right+jump,False
1880,1791553365.175409,909.6000,708.0000,5.2000,19.7500,False,left+jump,False
1881,1791553365.192075,914.0000,728.2500,4.4000,20.2500,False,left+jump,False
1882,1791553365.208742,917.6000,749.0000,3.6000,20.7500,False,left+jump,False
1883,1791553365.225409,920.4000,770.2500,2.8000,21.2500,False,left+jump,False
1884,1791553365.242076,922.4000,792.0000,2.0000,21.7500,False,left+jump,False
1885,1791553365.258742,925.2000,814.2500,2.8000,22.2500,False,right+jump,False
1886,1791553365.275409,928.8000,837.0000,3.6000,22.7500,False,right,False
1887,1791553365.292076,933.2000,860.2500,4.4000,23.2500,False,right,False
1888,1791553365.308742,938.4000,884.0000,5.2000,23.7500,False,right,False
1889,1791553365.325409,944.4000,908.2500,6.0000,24.2500,False,right,False
1890,1791553365.342076,950.4000,933.0000,6.0000,24.7500,False,right,False
1891,1791553365.358742,956.4000,958.2500,6.0000,25.2500,False,right,False
1892,1791553365.375409,962.4000,984.0000,6.0000,25.7500,False,right,False
1893,1791553365.392076,968.4000,1010.2500,6.0000,26.2500,False,right,False
1894,1791553365.408742,974.4000,1037.0000,6.0000,26.7500,False,right,False
1895,1791553365.425409,980.4000,1064.2500,6.0000,27.2500,False,right,False
1896,1791553365.442075,986.4000,1092.0000,6.0000,27.7500,False,right,False
1897,1791553365.458742,992.4000,1120.2500,6.0000,28.2500,False,right,False
1898,1791553365.475409,998.4000,1149.0000,6.0000,28.7500,False,right,False
1899,1791553365.492076,1004.4000,1178.2500,6.0000,29.2500,False,right,False
1900,1791553365.508742,1010.4000,1208.0000,6.0000,29.7500,False,right,False
1901,1791553365.525409,1016.4000,1238.2500,6.0000,30.2500,False,right,False
1902,1791553365.542076,1022.4000,1269.0000,6.0000,30.7500,False,right,False
1903,1791553365.558742,1028.4000,1300.2500,6.0000,31.2500,False,right,False
1904,1791553365.575409,1034.4000,1332.0000,6.0000,31.7500,False,right,False
1905,1791553365.592076,1040.4000,1364.2500,6.0000,32.2500,False,right,False
1906,1791553365.608742,1046.4000,1397.0000,6.0000,32.7500,False,right,False
1907,1791553365.625409,1052.4000,1430.2500,6.0000,33.2500,False,right,False
1908,1791553365.642076,1058.4000,1464.0000,6.0000,33.7500,False,right,False
1909,1791553365.658742,1064.4000,1498.2500,6.0000,34.2500,False,right,False
1910,1791553365.675409,1070.4000,1533.0000,6.0000,34.7500,False,right,False
1911,1791553365.692075,1076.4000,1568.2500,6.0000,35.2500,False,right,False
1912,1791553365.708742,1082.4000,1604.0000,6.0000,35.7500,False,right,False
1913,1791553365.725409,1088.4000,1640.2500,6.0000,36.2500,False,right,False
1914,1791553365.742076,1094.4000,1677.0000,6.0000,36.7500,False,right,False
1915,1791553365.758742,1100.4000,1714.2500,6.0000,37.2500,False,right,False
1916,1791553365.775409,1106.4000,1752.0000,6.0000,37.7500,False,right,False
1917,1791553365.792076,1112.4000,1790.2500,6.0000,38.2500,False,right,False
1918,1791553365.808742,1118.4000,1829.0000,6.0000,38.7500,False,right,False
1919,1791553365.825409,1124.4000,1868.2500,6.0000,39.2500,False,right,False
1920,1791553365.842076,1130.4000,1908.0000,6.0000,39.7500,False,right,False
1921,1791553365.858742,1136.4000,1948.2500,6.0000,40.2500,False,right,False
1922,1791553365.875409,1142.4000,1989.0000,6.0000,40.7500,False,right,False
1923,1791553365.892076,1148.4000,2030.2500,6.0000,41.2500,False,right,False
1924,1791553365.908742,1154.4000,2072.0000,6.0000,41.7500,False,right,False
1925,1791553365.925409,1160.4000,2114.2500,6.0000,42.2500,False,right,False
1926,1791553365.942075,1166.4000,2157.0000,6.0000,42.7500,False,right,False
1927,1791553365.958742,1172.4000,2200.2500,6.0000,43.2500,False,right,False
1928,1791553365.975409,1178.4000,2244.0000,6.0000,43.7500,False,right,False
1929,1791553365.992076,1184.4000,2288.2500,6.0000,44.2500,False,right,False
1930,1791553366.008742,1190.4000,2333.0000,6.0000,44.7500,False,right,False
1931,1791553366.025409,1196.4000,2378.2500,6.0000,45.2500,False,right,False
1932,1791553366.042076,1202.4000,2424.0000,6.0000,45.7500,False,right,False
1933,1791553366.058742,1208.4000,2470.2500,6.0000,46.2500,False,right,False
1934,1791553366.075409,1214.4000,2517.0000,6.0000,46.7500,False,right,False
1935,1791553366.092076,1220.4000,2564.2500,6.0000,47.2500,False,right,False
1936,1791553366.108742,1226.4000,2612.0000,6.0000,47.7500,False,right,False
1937,1791553366.125409,1232.4000,2660.2500,6.0000,48.2500,False,right,False
1938,1791553366.142076,1238.4000,2709.0000,6.0000,48.7500,False,right,False
1939,1791553366.158742,1244.4000,2758.2500,6.0000,49.2500,False,right,False
1940,1791553366.175409,1250.4000,2808.0000,6.0000,49.7500,False,right,False
1941,1791553366.192075,1256.4000,2858.2500,6.0000,50.2500,False,right,False
1942,1791553366.208742,1262.4000,2909.0000,6.0000,50.7500,False,right,False
1943,1791553366.225409,1268.4000,2960.2500,6.0000,51.2500,False,right,False
1944,1791553366.242076,1274.4000,3012.0000,6.0000,51.7500,False,right,False
1945,1791553366.258742,1280.4000,3064.2500,6.0000,52.2500,False,right,False
1946,1791553366.275409,1286.4000,3117.0000,6.0000,52.7500,False,right,False
1947,1791553366.292076,1292.4000,3170.2500,6.0000,53.2500,False,right,False
1948,1791553366.308742,1298.4000,3224.0000,6.0000,53.7500,False,right,False
1949,1791553366.325409,1304.4000,3278.2500,6.0000,54.2500,False,right,False
1950,1791553366.342076,1310.4000,3333.0000,6.0000,54.7500,False,right,False
1951,1791553366.358742,1316.4000,3388.2500,6.0000,55.2500,False,right,False
1952,1791553366.375409,1322.4000,3444.0000,6.0000,55.7500,False,right,False
1953,1791553366.392076,1328.4000,3500.2500,6.0000,56.2500,False,right,False
1954,1791553366.408742,1334.4000,3557.0000,6.0000,56.7500,False,right,False
1955,1791553366.425409,1340.4000,3614.2500,6.0000,57.2500,False,right,False
1956,1791553366.442075,1346.4000,3672.0000,6.0000,57.7500,False,right,False
1957,1791553366.458742,1352.4000,3730.2500,6.0000,58.2500,False,right,False
1958,1791553366.475409,1358.4000,3789.0000,6.0000,58.7500,False,right,False
1959,1791553366.492076,1364.4000,3848.2500,6.0000,59.2500,False,right,False
1960,1791553366.508742,1370.4000,3908.0000,6.0000,59.7500,False,right,False
1961,1791553366.525409,1376.4000,3968.2500,6.0000,60.2500,False,right,False
1962,1791553366.542076,1382.4000,4029.0000,6.0000,60.7500,False,right,False
1963,1791553366.558742,1388.4000,4090.2500,6.0000,61.2500,False,right,False
1964,1791553366.575409,1394.4000,4152.0000,6.0000,61.7500,False,right,False
1965,1791553366.592076,1400.4000,4214.2500,6.0000,62.2500,False,right,False
1966,1791553366.608742,1406.4000,4277.0000,6.0000,62.7500,False,right,False
1967,1791553366.625409,1412.4000,4340.2500,6.0000,63.2500,False,right,False
1968,1791553366.642076,1418.4000,4404.0000,6.0000,63.7500,False,right,False
1969,1791553366.658742,1424.4000,4468.2500,6.0000,64.2500,False,right,False
1970,1791553366.675409,1430.4000,4533.0000,6.0000,64.7500,False,right,False
1971,1791553366.692075,1436.4000,4598.2500,6.0000,65.2500,False,right,False
1972,1791553366.708742,1442.4000,4664.0000,6.0000,65.7500,False,right,False
1973,1791553366.725409,1448.4000,4730.2500,6.0000,66.2500,False,right,False
1974,1791553366.742076,1454.4000,4797.0000,6.0000,66.7500,False,right,False
1975,1791553366.758742,1460.4000,4864.2500,6.0000,67.2500,False,right,False
1976,1791553366.775409,1466.4000,4932.0000,6.0000,67.7500,False,right,False
1977,1791553366.792076,1472.4000,5000.2500,6.0000,68.2500,False,right,False
1978,1791553366.808742,1478.4000,5069.0000,6.0000,68.7500,False,right,False
1979,1791553366.825409,1484.4000,5138.2500,6.0000,69.2500,False,right,False
1980,1791553366.842076,1490.4000,5208.0000,6.0000,69.7500,False,right,False
1981,1791553366.858742,1496.4000,5278.2500,6.0000,70.2500,False,right,False
1982,1791553366.875409,1502.4000,5349.0000,6.0000,70.7500,False,right,False
1983,1791553366.892076,1508.4000,5420.2500,6.0000,71.2500,False,right,False
1984,1791553366.908742,1514.4000,5492.0000,6.0000,71.7500,False,right,False
1985,1791553366.925409,1520.4000,5564.2500,6.0000,72.2500,False,right,False
1986,1791553366.942075,1526.4000,5637.0000,6.0000,72.7500,False,right,False
1987,1791553366.958742,1532.4000,5710.2500,6.0000,73.2500,False,right,False
1988,1791553366.975409,1538.4000,5784.0000,6.0000,73.7500,False,right,False
1989,1791553366.992076,1544.4000,5858.2500,6.0000,74.2500,False,right,False
1990,1791553367.008742,1550.4000,5933.0000,6.0000,74.7500,False,right,False
1991,1791553367.025409,1556.4000,6008.2500,6.0000,75.2500,False,right,False
1992,1791553367.042076,1562.4000,6084.0000,6.0000,75.7500,False,right,False
1993,1791553367.058742,1568.4000,6160.2500,6.0000,76.2500,False,right,False
1994,1791553367.075409,1574.4000,6237.0000,6.0000,76.7500,False,right,False
1995,1791553367.092076,1580.4000,6314.2500,6.0000,77.2500,False,right,False
1996,1791553367.108742,1586.4000,6392.0000,6.0000,77.7500,False,right,False
1997,1791553367.125409,1592.4000,6470.2500,6.0000,78.2500,False,right,False
1998,1791553367.142076,1598.4000,6549.0000,6.0000,78.7500,False,right,False
1999,1791553367.158742,1604.4000,6628.2500,6.0000,79.2500,False,right,False
2000,1791553367.175409,1610.4000,6708.0000,6.0000,79.7500,False,right,False
2001,1791553367.192075,1616.4000,6788.2500,6.0000,80.2500,False,right,False
2002,1791553367.208742,1622.4000,6869.0000,6.0000,80.7500,False,right,False
2003,1791553367.225409,1628.4000,6950.2500,6.0000,81.2500,False,right,False
2004,1791553367.242076,1634.4000,7032.0000,6.0000,81.7500,False,right,False
2005,1791553367.258742,1640.4000,7114.2500,6.0000,82.2500,False,right,False
2006,1791553367.275409,1646.4000,7197.0000,6.0000,82.7500,False,right,False
2007,1791553367.292076,1652.4000,7280.2500,6.0000,83.2500,False,right,False
2008,1791553367.308742,1658.4000,7364.0000,6.0000,83.7500,False,right,False
2009,1791553367.325409,1664.4000,7448.2500,6.0000,84.2500,False,right,False
2010,1791553367.342076,1670.4000,7533.0000,6.0000,84.7500,False,right,False
2011,1791553367.358742,1676.4000,7618.2500,6.0000,85.2500,False,right,False
2012,1791553367.375409,1682.4000,7704.0000,6.0000,85.7500,False,right,False
2013,1791553367.392076,1688.4000,7790.2500,6.0000,86.2500,False,right,False
2014,1791553367.408742,1694.4000,7877.0000,6.0000,86.7500,False,right,False
2015,1791553367.425409,1700.4000,7964.2500,6.0000,87.2500,False,right,False
2016,1791553367.442075,1706.4000,8052.0000,6.0000,87.7500,False,right,False
2017,1791553367.458742,1712.4000,8140.2500,6.0000,88.2500,False,right,False
2018,1791553367.475409,1718.4000,8229.0000,6.0000,88.7500,False,right,False
2019,1791553367.492076,1724.4000,8318.2500,6.0000,89.2500,False,right,False
2020,1791553367.508742,1730.4000,8408.0000,6.0000,89.7500,False,right,False
2021,1791553367.525409,1736.4000,8498.2500,6.0000,90.2500,False,right,False
2022,1791553367.542076,1742.4000,8589.0000,6.0000,90.7500,False,right,False
2023,1791553367.558742,1748.4000,8680.2500,6.0000,91.2500,False,right,False
2024,1791553367.575409,1754.4000,8772.0000,6.0000,91.7500,False,right,False
2025,1791553367.592076,1760.4000,8864.2500,6.0000,92.2500,False,right,False
2026,1791553367.608742,1766.4000,8957.0000,6.0000,92.7500,False,right,False
2027,1791553367.625409,1772.4000,9050.2500,6.0000,93.2500,False,right,False
2028,1791553367.642076,1778.4000,9144.0000,6.0000,93.7500,False,right,False
2029,1791553367.658742,1784.4000,9238.2500,6.0000,94.2500,False,right,False
2030,1791553367.675409,1790.4000,9333.0000,6.0000,94.7500,False,right,False
2031,1791553367.692075,1796.4000,9428.2500,6.0000,95.2500,False,right,False
2032,1791553367.708742,1802.4000,9524.0000,6.0000,95.7500,False,right,False
2033,1791553367.725409,1808.4000,9620.2500,6.0000,96.2500,False,right,False
2034,1791553367.742076,1814.4000,9717.0000,6.0000,96.7500,False,right,False
2035,1791553367.758742,1820.4000,9814.2500,6.0000,97.2500,False,right,False
2036,1791553367.775409,1826.4000,9912.0000,6.0000,97.7500,False,right,False
2037,1791553367.792076,1832.4000,10010.2500,6.0000,98.2500,False,right,False
2038,1791553367.808742,1838.4000,10109.0000,6.0000,98.7500,False,right,False
2039,1791553367.825409,1844.4000,10208.2500,6.0000,99.2500,False,right,False
2040,1791553367.842076,1850.4000,10308.0000,6.0000,99.7500,False,right,False
2041,1791553367.858742,1856.4000,10408.2500,6.0000,100.2500,False,right,False
2042,1791553367.875409,1862.4000,10509.0000,6.0000,100.7500,False,right,False
2043,1791553367.892076,1868.4000,10610.2500,6.0000,101.2500,False,right,False
2044,1791553367.908742,1874.4000,10712.0000,6.0000,101.7500,False,right,False
2045,1791553367.925409,1880.4000,10814.2500,6.0000,102.2500,False,right,False
2046,1791553367.942075,1886.4000,10917.0000,6.0000,102.7500,False,right,False
2047,1791553367.958742,1892.4000,11020.2500,6.0000,103.2500,False,right,False
2048,1791553367.975409,1898.4000,11124.0000,6.0000,103.7500,False,right,False
2049,1791553367.992076,1904.4000,11228.2500,6.0000,104.2500,False,right,False
2050,1791553368.008742,1910.4000,11333.0000,6.0000,104.7500,False,right,False
2051,1791553368.025409,1916.4000,11438.2500,6.0000,105.2500,False,right,False
2052,1791553368.042076,1922.4000,11544.0000,6.0000,105.7500,False,right,False
2053,1791553368.058742,1928.4000,11650.2500,6.0000,106.2500,False,right,False
2054,1791553368.075409,1934.4000,11757.0000,6.0000,106.7500,False,right,False
2055,1791553368.092076,1940.4000,11864.2500,6.0000,107.2500,False,right,False
2056,1791553368.108742,1946.4000,11972.0000,6.0000,107.7500,False,right,False
2057,1791553368.125409,1952.4000,12080.2500,6.0000,108.2500,False,right,False
2058,1791553368.142076,1958.4000,12189.0000,6.0000,108.7500,False,right,False
2059,1791553368.158742,1964.4000,12298.2500,6.0000,109.2500,False,right,False
2060,1791553368.175409,1970.4000,12408.0000,6.0000,109.7500,False,right,False
2061,1791553368.192075,1976.4000,12518.2500,6.0000,110.2500,False,right,False
2062,1791553368.208742,1982.4000,12629.0000,6.0000,110.7500,False,right,False
2063,1791553368.225409,1988.4000,12740.2500,6.0000,111.2500,False,right,False
2064,1791553368.242076,1994.4000,12852.0000,6.0000,111.7500,False,right,False
2065,1791553368.258742,2000.4000,12964.2500,6.0000,112.2500,False,right,False
2066,1791553368.275409,2006.4000,13077.0000,6.0000,112.7500,False,right,False
2067,1791553368.292076,2012.4000,13190.2500,6.0000,113.2500,False,right,False
2068,1791553368.308742,2018.4000,13304.0000,6.0000,113.7500,False,right,False
2069,1791553368.325409,2024.4000,13418.2500,6.0000,114.2500,False,right,False
2070,1791553368.342076,2030.4000,13533.0000,6.0000,114.7500,False,right,False
2071,1791553368.358742,2036.4000,13648.2500,6.0000,115.2500,False,right,False
2072,1791553368.375409,2042.4000,13764.0000,6.0000,115.7500,False,right,False
2073,1791553368.392076,2048.4000,13880.2500,6.0000,116.2500,False,right,False
2074,1791553368.408742,2054.4000,13997.0000,6.0000,116.7500,False,right,False
2075,1791553368.425409,2060.4000,14114.2500,6.0000,117.2500,False,right,False
2076,1791553368.442075,2066.4000,14232.0000,6.0000,117.7500,False,right,False
2077,1791553368.458742,2072.4000,14350.2500,6.0000,118.2500,False,right,False
2078,1791553368.475409,2078.4000,14469.0000,6.0000,118.7500,False,right,False
2079,1791553368.492076,2084.4000,14588.2500,6.0000,119.2500,False,right,False
2080,1791553368.508742,2090.4000,14708.0000,6.0000,119.7500,False,right,False
2081,1791553368.525409,2096.4000,14828.2500,6.0000,120.2500,False,right,False
2082,1791553368.542076,2102.4000,14949.0000,6.0000,120.7500,False,right,False
2083,1791553368.558742,2108.4000,15070.2500,6.0000,121.2500,False,right,False
2084,1791553368.575409,2114.4000,15192.0000,6.0000,121.7500,False,right,False
2085,1791553368.592076,2120.4000,15314.2500,6.0000,122.2500,False,right,False
2086,1791553368.608742,2126.4000,15437.0000,6.0000,122.7500,False,right,False
2087,1791553368.625409,2132.4000,15560.2500,6.0000,123.2500,False,right,False
2088,1791553368.642076,2138.4000,15684.0000,6.0000,123.7500,False,right,False
2089,1791553368.658742,2144.4000,15808.2500,6.0000,124.2500,False,right,False
2090,1791553368.675409,2150.4000,15933.0000,6.0000,124.7500,False,right,False
2091,1791553368.692075,2156.4000,16058.2500,6.0000,125.2500,False,right,False
2092,1791553368.708742,2162.4000,16184.0000,6.0000,125.7500,False,right,False
2093,1791553368.725409,2168.4000,16310.2500,6.0000,126.2500,False,right,False
2094,1791553368.742076,2174.4000,16437.0000,6.0000,126.7500,False,right,False
2095,1791553368.758742,2180.4000,16564.2500,6.0000,127.2500,False,right,False
2096,1791553368.775409,2186.4000,16692.0000,6.0000,127.7500,False,right,False
2097,1791553368.792076,2192.4000,16820.2500,6.0000,128.2500,False,right,False
2098,1791553368.808742,2198.4000,16949.0000,6.0000,128.7500,False,right,False
2099,1791553368.825409,2204.4000,17078.2500,6.0000,129.2500,False,right,False
2100,1791553368.842076,2210.4000,17208.0000,6.0000,129.7500,False,right,False
2101,1791553368.858742,2216.4000,17338.2500,6.0000,130.2500,False,right,False
2102,1791553368.875409,2222.4000,17469.0000,6.0000,130.7500,False,right,False
2103,1791553368.892076,2228.4000,17600.2500,6.0000,131.2500,False,right,False
2104,1791553368.908742,2234.4000,17732.0000,6.0000,131.7500,False,right,False
2105,1791553368.925409,2240.4000,17864.2500,6.0000,132.2500,False,right,False
2106,1791553368.942075,2246.4000,17997.0000,6.0000,132.7500,False,right,False
2107,1791553368.958742,2252.4000,18130.2500,6.0000,133.2500,False,right,False
2108,1791553368.975409,2258.4000,18264.0000,6.0000,133.7500,False,right,False
2109,1791553368.992076,2264.4000,18398.2500,6.0000,134.2500,False,right,False
2110,1791553369.008742,2270.4000,18533.0000,6.0000,134.7500,False,right,False
2111,1791553369.025409,2276.4000,18668.2500,6.0000,135.2500,False,right,False
2112,1791553369.042076,2282.4000,18804.0000,6.0000,135.7500,False,right,False
2113,1791553369.058742,2288.4000,18940.2500,6.0000,136.2500,False,right,False
2114,1791553369.075409,2294.4000,19077.0000,6.0000,136.7500,False,right,False
2115,1791553369.092076,2300.4000,19214.2500,6.0000,137.2500,False,right,False
2116,1791553369.108742,2306.4000,19352.0000,6.0000,137.7500,False,right,False
2117,1791553369.125409,2312.4000,19490.2500,6.0000,138.2500,False,right,False
2118,1791553369.142076,2318.4000,19629.0000,6.0000,138.7500,False,right,False
2119,1791553369.158742,2324.4000,19768.2500,6.0000,139.2500,False,right,False
2120,1791553369.175409,2330.4000,19908.0000,6.0000,139.7500,False,right,False
2121,1791553369.192075,2336.4000,20048.2500,6.0000,140.2500,False,right,False
2122,1791553369.208742,2342.4000,20189.0000,6.0000,140.7500,False,right,False
2123,1791553369.225409,2348.4000,20330.2500,6.0000,141.2500,False,right,False
2124,1791553369.242076,2354.4000,20472.0000,6.0000,141.7500,False,right,False
2125,1791553369.258742,2360.4000,20614.2500,6.0000,142.2500,False,right,False
2126,1791553369.275409,2366.4000,20757.0000,6.0000,142.7500,False,right,False
2127,1791553369.292076,2372.4000,20900.2500,6.0000,143.2500,False,right,False
2128,1791553369.308742,2378.4000,21044.0000,6.0000,143.7500,False,right,False
2129,1791553369.325409,2384.4000,21188.2500,6.0000,144.2500,False,right,False
2130,1791553369.342076,2390.4000,21333.0000,6.0000,144.7500,False,right,False
2131,1791553369.358742,2396.4000,21478.2500,6.0000,145.2500,False,right,False
2132,1791553369.375409,2402.4000,21624.0000,6.0000,145.7500,False,right,False
2133,1791553369.392076,2408.4000,21770.2500,6.0000,146.2500,False,right,False
2134,1791553369.408742,2414.4000,21917.0000,6.0000,146.7500,False,right,False
2135,1791553369.425409,2420.4000,22064.2500,6.0000,147.2500,False,right,False
2136,1791553369.442075,2426.4000,22212.0000,6.0000,147.7500,False,right,False
2137,1791553369.458742,2432.4000,22360.2500,6.0000,148.2500,False,right,False
2138,1791553369.475409,2438.4000,22509.0000,6.0000,148.7500,False,right,False
2139,1791553369.492076,2444.4000,22658.2500,6.0000,149.2500,False,right,False
2140,1791553369.508742,2450.4000,22808.0000,6.0000,149.7500,False,right,False
2141,1791553369.525409,2456.4000,22958.2500,6.0000,150.2500,False,right,False
2142,1791553369.542076,2462.4000,23109.0000,6.0000,150.7500,False,right,False
2143,1791553369.558742,2468.4000,23260.2500,6.0000,151.2500,False,right,False
2144,1791553369.575409,2474.4000,23412.0000,6.0000,151.7500,False,right,False
2145,1791553369.592076,2480.4000,23564.2500,6.0000,152.2500,False,right,False
2146,1791553369.608742,2486.4000,23717.0000,6.0000,152.7500,False,right,False
2147,1791553369.625409,2492.4000,23870.2500,6.0000,153.2500,False,right,False
2148,1791553369.642076,2498.4000,24024.0000,6.0000,153.7500,False,right,False
2149,1791553369.658742,2504.4000,24178.2500,6.0000,154.2500,False,right,False
2150,1791553369.675409,2510.4000,24333.0000,6.0000,154.7500,False,right,False
2151,1791553369.692075,2516.4000,24488.2500,6.0000,155.2500,False,right,False
2152,1791553369.708742,2522.4000,24644.0000,6.0000,155.7500,False,right,False
2153,1791553369.725409,2528.4000,24800.2500,6.0000,156.2500,False,right,False
2154,1791553369.742076,2534.4000,24957.0000,6.0000,156.7500,False,right,False
2155,1791553369.758742,2540.4000,25114.2500,6.0000,157.2500,False,right,False
2156,1791553369.775409,2546.4000,25272.0000,6.0000,157.7500,False,right,False
2157,1791553369.792076,2552.4000,25430.2500,6.0000,158.2500,False,right,False
2158,1791553369.808742,2558.4000,25589.0000,6.0000,158.7500,False,right,False
2159,1791553369.825409,2564.4000,25748.2500,6.0000,159.2500,False,right,False
2160,1791553369.842076,40.8000,404.5000,0.8000,0.5000,False,right,False
2161,1791553369.858742,42.4000,405.5000,1.6000,1.0000,False,right,False
2162,1791553369.875409,44.8000,407.0000,2.4000,1.5000,False,right,False
2163,1791553369.892076,48.0000,408.0000,3.2000,0.0000,True,right,True
2164,1791553369.908742,52.0000,408.0000,4.0000,0.0000,True,right,True
2165,1791553369.925409,56.8000,408.0000,4.8000,0.0000,True,right,True
2166,1791553369.942075,62.4000,408.0000,5.6000,0.0000,True,right,True
2167,1791553369.958742,68.4000,408.0000,6.0000,0.0000,True,right,True
2168,1791553369.975409,74.4000,408.0000,6.0000,0.0000,True,right,True
2169,1791553369.992076,80.4000,408.0000,6.0000,0.0000,True,right,True
2170,1791553370.008742,86.4000,408.0000,6.0000,0.0000,True,right,True
2171,1791553370.025409,92.4000,408.0000,6.0000,0.0000,True,right,True
2172,1791553370.042076,98.4000,408.0000,6.0000,0.0000,True,right,True
2173,1791553370.058742,104.4000,408.0000,6.0000,0.0000,True,right,True
2174,1791553370.075409,110.4000,408.0000,6.0000,0.0000,True,right,True
2175,1791553370.092076,116.4000,408.0000,6.0000,0.0000,True,right,True
2176,1791553370.108742,122.4000,408.0000,6.0000,0.0000,True,right,True
2177,1791553370.125409,128.4000,408.0000,6.0000,0.0000,True,right,True
2178,1791553370.142076,134.4000,408.0000,6.0000,0.0000,True,right,True
2179,1791553370.158742,140.4000,408.0000,6.0000,0.0000,True,right,True
2180,1791553370.175409,146.4000,408.0000,6.0000,0.0000,True,right,True
2181,1791553370.192075,152.4000,408.0000,6.0000,0.0000,True,right,True
2182,1791553370.208742,158.4000,408.0000,6.0000,0.0000,True,right,True
2183,1791553370.225409,164.4000,408.0000,6.0000,0.0000,True,right,True
2184,1791553370.242076,170.4000,408.0000,6.0000,0.0000,True,right,True
2185,1791553370.258742,176.4000,408.0000,6.0000,0.0000,True,right,True
2186,1791553370.275409,182.4000,408.0000,6.0000,0.0000,True,right,True
2187,1791553370.292076,188.4000,408.0000,6.0000,0.0000,True,right,True
2188,1791553370.308742,194.4000,408.0000,6.0000,0.0000,True,right,True
2189,1791553370.325409,200.4000,408.0000,6.0000,0.0000,True,right,True
2190,1791553370.342076,206.4000,408.0000,6.0000,0.0000,True,right,True
2191,1791553370.358742,211.5000,408.0000,5.1000,0.0000,True,none,True
2192,1791553370.375409,215.8350,408.0000,4.3350,0.0000,True,none,True
2193,1791553370.392076,219.5198,408.0000,3.6847,0.0000,True,none,True
2194,1791553370.408742,222.6518,408.0000,3.1320,0.0000,True,none,True
2195,1791553370.425409,225.3140,408.0000,2.6622,0.0000,True,none,True
2196,1791553370.442075,227.5769,408.0000,2.2629,0.0000,True,none,True
2197,1791553370.458742,229.5004,408.0000,1.9235,0.0000,True,none,True
2198,1791553370.475409,231.1353,408.0000,1.6349,0.0000,True,none,True
2199,1791553370.492076,232.5250,408.0000,1.3897,0.0000,True,none,True
2200,1791553370.508742,233.7063,408.0000,1.1812,0.0000,True,none,True
2201,1791553370.525409,234.7103,408.0000,1.0041,0.0000,True,none,True
2202,1791553370.542076,235.5638,408.0000,0.8535,0.0000,True,none,True
2203,1791553370.558742,236.2892,408.0000,0.7254,0.0000,True,none,True
2204,1791553370.575409,236.9058,408.0000,0.6166,0.0000,True,none,True
2205,1791553370.592076,237.4300,408.0000,0.5241,0.0000,True,none,True
2206,1791553370.608742,237.8755,408.0000,0.4455,0.0000,True,none,True
2207,1791553370.625409,239.1210,408.0000,1.2455,0.0000,True,right,True
2208,1791553370.642076,240.1797,408.5000,1.0587,0.5000,False,none,True
2209,1791553370.658742,242.0383,409.5000,1.8587,1.0000,False,right,False
2210,1791553370.675409,244.6970,411.0000,2.6587,1.5000,False,right,False
2211,1791553370.692075,248.1557,413.0000,3.4587,2.0000,False,right,False
2212,1791553370.708742,252.4144,415.5000,4.2587,2.5000,False,right,False
2213,1791553370.725409,257.4731,418.5000,5.0587,3.0000,False,right,False
2214,1791553370.742076,263.3317,422.0000,5.8587,3.5000,False,right,False
2215,1791553370.758742,268.0000,426.0000,0.0000,4.0000,False,right,True
2216,1791553370.775409,268.0000,430.5000,0.0000,4.5000,False,right,True
2217,1791553370.792076,268.0000,435.5000,0.0000,5.0000,False,right,True
2218,1791553370.808742,268.0000,441.0000,0.0000,5.5000,False,right,True
2219,1791553370.825409,267.2000,447.0000,-0.8000,6.0000,False,left,True
2220,1791553370.842076,265.6000,453.5000,-1.6000,6.5000,False,left,False
2221,1791553370.858742,264.8000,460.5000,-0.8000,7.0000,False,right,False
2222,1791553370.875409,264.8000,468.0000,0.0000,7.5000,False,right,False
2223,1791553370.892076,265.6000,476.0000,0.8000,8.0000,False,right+jump,False
2224,1791553370.908742,267.2000,484.5000,1.6000,8.5000,False,right+jump,True
2225,1791553370.925409,268.0000,493.5000,0.0000,9.0000,False,right+jump,True
2226,1791553370.942075,268.0000,503.0000,0.0000,9.5000,False,right+jump,True
2227,1791553370.958742,268.0000,513.0000,0.0000,10.0000,False,right+jump,True
2228,1791553370.975409,268.0000,523.5000,0.0000,10.5000,False,right+jump,True
2229,1791553370.992076,268.0000,534.5000,0.0000,11.0000,False,right+jump,True
2230,1791553371.008742,268.0000,546.0000,0.0000,11.5000,False,right+jump,True
2231,1791553371.025409,268.0000,558.0000,0.0000,12.0000,False,right+jump,True
2232,1791553371.042076,268.0000,570.5000,0.0000,12.5000,False,right+jump,True
2233,1791553371.058742,268.0000,583.5000,0.0000,13.0000,False,right+jump,True
2234,1791553371.075409,268.0000,597.0000,0.0000,13.5000,False,right+jump,True
2235,1791553371.092076,268.0000,611.0000,0.0000,14.0000,False,right+jump,True
2236,1791553371.108742,268.8000,625.5000,0.8000,14.5000,False,right+jump,False
2237,1791553371.125409,270.4000,640.5000,1.6000,15.0000,False,right+jump,False
2238,1791553371.142076,271.2000,656.0000,0.8000,15.5000,False,left,False
2239,1791553371.158742,271.2000,672.0000,0.0000,16.0000,False,left,False
2240,1791553371.175409,270.4000,688.5000,-0.8000,16.5000,False,left,False
2241,1791553371.192075,270.4000,705.5000,0.0000,17.0000,False,right,False
2242,1791553371.208742,271.2000,723.0000,0.8000,17.5000,False,right,False
2243,1791553371.225409,272.8000,741.0000,1.6000,18.0000,False,right,False
2244,1791553371.242076,275.2000,759.5000,2.4000,18.5000,False,right,False
2245,1791553371.258742,278.4000,778.5000,3.2000,19.0000,False,right,False
2246,1791553371.275409,282.4000,798.0000,4.0000,19.5000,False,right,False
2247,1791553371.292076,287.2000,818.0000,4.8000,20.0000,False,right,False
2248,1791553371.308742,292.8000,838.5000,5.6000,20.5000,False,right,False
2249,1791553371.325409,298.8000,859.5000,6.0000,21.0000,False,right+jump,False
2250,1791553371.342076,304.8000,881.0000,6.0000,21.5000,False,right+jump,False
2251,1791553371.358742,310.8000,903.0000,6.0000,22.0000,False,right+jump,False
2252,1791553371.375409,316.8000,925.5000,6.0000,22.5000,False,right+jump,False
2253,1791553371.392076,322.8000,948.5000,6.0000,23.0000,False,right,False
2254,1791553371.408742,328.8000,972.0000,6.0000,23.5000,False,right,False
2255,1791553371.425409,334.8000,996.0000,6.0000,24.0000,False,right,False
2256,1791553371.442075,340.0000,1020.5000,5.2000,24.5000,False,left,False
2257,1791553371.458742,344.4000,1045.5000,4.4000,25.0000,False,left,False
2258,1791553371.475409,348.0000,1071.0000,3.6000,25.5000,False,left,False
2259,1791553371.492076,350.8000,1097.0000,2.8000,26.0000,False,left,False
2260,1791553371.508742,352.8000,1123.5000,2.0000,26.5000,False,left,False
2261,1791553371.525409,354.0000,1150.5000,1.2000,27.0000,False,left,False
2262,1791553371.542076,354.4000,1178.0000,0.4000,27.5000,False,left,False
2263,1791553371.558742,354.0000,1206.0000,-0.4000,28.0000,False,left,False
2264,1791553371.575409,352.8000,1234.5000,-1.2000,28.5000,False,left,False
2265,1791553371.592076,350.8000,1263.5000,-2.0000,29.0000,False,left,False
2266,1791553371.608742,348.0000,1293.0000,-2.8000,29.5000,False,left,False
2267,1791553371.625409,344.4000,1323.0000,-3.6000,30.0000,False,left,False
2268,1791553371.642076,340.0000,1353.5000,-4.4000,30.5000,False,left,False
2269,1791553371.658742,334.8000,1384.5000,-5.2000,31.0000,False,left,False
2270,1791553371.675409,328.8000,1416.0000,-6.0000,31.5000,False,left,False
2271,1791553371.692075,322.8000,1448.0000,-6.0000,32.0000,False,left,False
2272,1791553371.708742,317.6000,1480.5000,-5.2000,32.5000,False,right+jump,False
2273,1791553371.725409,313.2000,1513.5000,-4.4000,33.0000,False,right+jump,False
2274,1791553371.742076,309.6000,1547.0000,-3.6000,33.5000,False,right+jump,False
2275,1791553371.758742,306.8000,1581.0000,-2.8000,34.0000,False,right+jump,False
2276,1791553371.775409,304.8000,1615.5000,-2.0000,34.5000,False,right+jump,False
2277,1791553371.792076,303.6000,1650.5000,-1.2000,35.0000,False,right+jump,False
2278,1791553371.808742,303.2000,1686.0000,-0.4000,35.5000,False,right+jump,False
2279,1791553371.825409,303.6000,1722.0000,0.4000,36.0000,False,right+jump,False
2280,1791553371.842076,304.8000,1758.5000,1.2000,36.5000,False,right+jump,False
2281,1791553371.858742,306.8000,1795.5000,2.0000,37.0000,False,right+jump,False
2282,1791553371.875409,309.6000,1833.0000,2.8000,37.5000,False,right+jump,False
2283,1791553371.892076,313.2000,1871.0000,3.6000,38.0000,False,right+jump,False
2284,1791553371.908742,317.6000,1909.5000,4.4000,38.5000,False,right+jump,False
2285,1791553371.925409,322.8000,1948.5000,5.2000,39.0000,False,right+jump,False
2286,1791553371.942075,328.8000,1988.0000,6.0000,39.5000,False,right+jump,False
2287,1791553371.958742,334.8000,2028.0000,6.0000,40.0000,False,right+jump,False
2288,1791553371.975409,340.8000,2068.5000,6.0000,40.5000,False,right+jump,False
2289,1791553371.992076,346.8000,2109.5000,6.0000,41.0000,False,right+jump,False
2290,1791553372.008742,352.8000,2151.0000,6.0000,41.5000,False,right+jump,False
2291,1791553372.025409,358.8000,2193.0000,6.0000,42.0000,False,right,False
2292,1791553372.042076,364.8000,2235.5000,6.0000,42.5000,False,right,False
2293,1791553372.058742,370.8000,2278.5000,6.0000,43.0000,False,right,False
2294,1791553372.075409,376.8000,2322.0000,6.0000,43.5000,False,right,False
2295,1791553372.092076,382.8000,2366.0000,6.0000,44.0000,False,right,False
2296,1791553372.108742,388.8000,2410.5000,6.0000,44.5000,False,right,False
2297,1791553372.125409,394.8000,2455.5000,6.0000,45.0000,False,right,False
2298,1791553372.142076,400.8000,2501.0000,6.0000,45.5000,False,right,False
2299,1791553372.158742,406.8000,2547.0000,6.0000,46.0000,False,right,False
2300,1791553372.175409,412.8000,2593.5000,6.0000,46.5000,False,right,False
2301,1791553372.192075,418.8000,2640.5000,6.0000,47.0000,False,right,False
2302,1791553372.208742,424.8000,2688.0000,6.0000,47.5000,False,right,False
2303,1791553372.225409,430.8000,2736.0000,6.0000,48.0000,False,right,False
2304,1791553372.242076,436.8000,2784.5000,6.0000,48.5000,False,right,False
2305,1791553372.258742,442.8000,2833.5000,6.0000,49.0000,False,right,False
2306,1791553372.275409,448.8000,2883.0000,6.0000,49.5000,False,right,False
2307,1791553372.292076,454.8000,2933.0000,6.0000,50.0000,False,right,False
2308,1791553372.308742,460.8000,2983.5000,6.0000,50.5000,False,right,False
2309,1791553372.325409,466.8000,3034.5000,6.0000,51.0000,False,right,False
2310,1791553372.342076,472.8000,3086.0000,6.0000,51.5000,False,right,False
2311,1791553372.358742,478.8000,3138.0000,6.0000,52.0000,False,right,False
2312,1791553372.375409,484.8000,3190.5000,6.0000,52.5000,False,right,False
2313,1791553372.392076,490.8000,3243.5000,6.0000,53.0000,False,right,False
2314,1791553372.408742,496.8000,3297.0000,6.0000,53.5000,False,right,False
2315,1791553372.425409,502.8000,3351.0000,6.0000,54.0000,False,right,False
2316,1791553372.442075,508.8000,3405.5000,6.0000,54.5000,False,right,False
2317,1791553372.458742,514.8000,3460.5000,6.0000,55.0000,False,right,False
2318,1791553372.475409,520.8000,3516.0000,6.0000,55.5000,False,right,False
2319,1791553372.492076,526.8000,3572.0000,6.0000,56.0000,False,right,False
2320,1791553372.508742,532.8000,3628.5000,6.0000,56.5000,False,right,False
2321,1791553372.525409,538.8000,3685.5000,6.0000,57.0000,False,right,False
2322,1791553372.542076,544.8000,3743.0000,6.0000,57.5000,False,right,False
2323,1791553372.558742,550.8000,3801.0000,6.0000,58.0000,False,right,False
2324,1791553372.575409,556.8000,3859.5000,6.0000,58.5000,False,right,False
2325,1791553372.592076,562.8000,3918.5000,6.0000,59.0000,False,right,False
2326,1791553372.608742,568.8000,3978.0000,6.0000,59.5000,False,right,False
2327,1791553372.625409,574.8000,4038.0000,6.0000,60.0000,False,right,False
2328,1791553372.642076,580.8000,4098.5000,6.0000,60.5000,False,right,False
2329,1791553372.658742,586.8000,4159.5000,6.0000,61.0000,False,right,False
2330,1791553372.675409,592.8000,4221.0000,6.0000,61.5000,False,right,False
2331,1791553372.692075,598.8000,4283.0000,6.0000,62.0000,False,right,False
2332,1791553372.708742,604.8000,4345.5000,6.0000,62.5000,False,right,False
2333,1791553372.725409,610.8000,4408.5000,6.0000,63.0000,False,right,False
2334,1791553372.742076,616.8000,4472.0000,6.0000,63.5000,False,right,False
2335,1791553372.758742,622.8000,4536.0000,6.0000,64.0000,False,right,False
2336,1791553372.775409,628.8000,4600.5000,6.0000,64.5000,False,right,False
2337,1791553372.792076,634.8000,4665.5000,6.0000,65.0000,False,right,False
2338,1791553372.808742,640.8000,4731.0000,6.0000,65.5000,False,right,False
2339,1791553372.825409,646.8000,4797.0000,6.0000,66.0000,False,right,False
2340,1791553372.842076,652.8000,4863.5000,6.0000,66.5000,False,right,False
2341,1791553372.858742,658.8000,4930.5000,6.0000,67.0000,False,right,False
2342,1791553372.875409,664.8000,4998.0000,6.0000,67.5000,False,right,False
2343,1791553372.892076,670.8000,5066.0000,6.0000,68.0000,False,right,False
2344,1791553372.908742,676.8000,5134.5000,6.0000,68.5000,False,right,False
2345,1791553372.925409,682.8000,5203.5000,6.0000,69.0000,False,right,False
2346,1791553372.942075,688.8000,5273.0000,6.0000,69.5000,False,right,False
2347,1791553372.958742,694.8000,5343.0000,6.0000,70.0000,False,right,False
2348,1791553372.975409,700.8000,5413.5000,6.0000,70.5000,False,right,False
2349,1791553372.992076,706.8000,5484.5000,6.0000,71.0000,False,right,False
2350,1791553373.008742,712.8000,5556.0000,6.0000,71.5000,False,right,False
2351,1791553373.025409,718.8000,5628.0000,6.0000,72.0000,False,right,False
2352,1791553373.042076,724.8000,5700.5000,6.0000,72.5000,False,right,False
2353,1791553373.058742,730.8000,5773.5000,6.0000,73.0000,False,right,False
2354,1791553373.075409,736.8000,5847.0000,6.0000,73.5000,False,right,False
2355,1791553373.092076,742.8000,5921.0000,6.0000,74.0000,False,right,False
2356,1791553373.108742,748.8000,5995.5000,6.0000,74.5000,False,right,False
2357,1791553373.125409,754.8000,6070.5000,6.0000,75.0000,False,right,False
2358,1791553373.142076,760.8000,6146.0000,6.0000,75.5000,False,right,False
2359,1791553373.158742,766.8000,6222.0000,6.0000,76.0000,False,right,False
2360,1791553373.175409,772.8000,6298.5000,6.0000,76.5000,False,right,False
2361,1791553373.192075,778.8000,6375.5000,6.0000,77.0000,False,right,False
2362,1791553373.208742,784.8000,6453.0000,6.0000,77.5000,False,right,False
2363,1791553373.225409,790.8000,6531.0000,6.0000,78.0000,False,right,False
2364,1791553373.242076,796.8000,6609.5000,6.0000,78.5000,False,right,False
2365,1791553373.258742,802.8000,6688.5000,6.0000,79.0000,False,right,False
2366,1791553373.275409,808.8000,6768.0000,6.0000,79.5000,False,right,False
2367,1791553373.292076,814.8000,6848.0000,6.0000,80.0000,False,right,False
2368,1791553373.308742,820.8000,6928.5000,6.0000,80.5000,False,right,False
2369,1791553373.325409,826.8000,7009.5000,6.0000,81.0000,False,right,False
2370,1791553373.342076,832.8000,7091.0000,6.0000,81.5000,False,right,False
2371,1791553373.358742,838.8000,7173.0000,6.0000,82.0000,False,right,False
2372,1791553373.375409,844.8000,7255.5000,6.0000,82.5000,False,right,False
2373,1791553373.392076,850.8000,7338.5000,6.0000,83.0000,False,right,False
2374,1791553373.408742,856.8000,7422.0000,6.0000,83.5000,False,right,False
2375,1791553373.425409,862.8000,7506.0000,6.0000,84.0000,False,right,False
2376,1791553373.442075,868.8000,7590.5000,6.0000,84.5000,False,right,False
2377,1791553373.458742,874.8000,7675.5000,6.0000,85.0000,False,right,False
2378,1791553373.475409,880.8000,7761.0000,6.0000,85.5000,False,right,False
2379,1791553373.492076,886.8000,7847.0000,6.0000,86.0000,False,right,False
2380,1791553373.508742,892.8000,7933.5000,6.0000,86.5000,False,right,False
2381,1791553373.525409,898.8000,8020.5000,6.0000,87.0000,False,right,False
2382,1791553373.542076,904.8000,8108.0000,6.0000,87.5000,False,right,False
2383,1791553373.558742,910.8000,8196.0000,6.0000,88.0000,False,right,False
2384,1791553373.575409,916.8000,8284.5000,6.0000,88.5000,False,right,False
2385,1791553373.592076,922.8000,8373.5000,6.0000,89.0000,False,right,False
2386,1791553373.608742,928.8000,8463.0000,6.0000,89.5000,False,right,False
2387,1791553373.625409,934.8000,8553.0000,6.0000,90.0000,False,right,False
2388,1791553373.642076,940.8000,8643.5000,6.0000,90.5000,False,right,False
2389,1791553373.658742,946.8000,8734.5000,6.0000,91.0000,False,right,False
2390,1791553373.675409,952.8000,8826.0000,6.0000,91.5000,False,right,False
2391,1791553373.692075,958.8000,8918.0000,6.0000,92.0000,False,right,False
2392,1791553373.708742,964.8000,9010.5000,6.0000,92.5000,False,right,False
2393,1791553373.725409,970.8000,9103.5000,6.0000,93.0000,False,right,False
2394,1791553373.742076,976.8000,9197.0000,6.0000,93.5000,False,right,False
2395,1791553373.758742,982.8000,9291.0000,6.0000,94.0000,False,right,False
2396,1791553373.775409,988.8000,9385.5000,6.0000,94.5000,False,right,False
2397,1791553373.792076,994.8000,9480.5000,6.0000,95.0000,False,right,False
2398,1791553373.808742,1000.8000,9576.0000,6.0000,95.5000,False,right,False
2399,1791553373.825409,1006.8000,9672.0000,6.0000,96.0000,False,right,False
2400,1791553373.842076,1012.8000,9768.5000,6.0000,96.5000,False,right,False
2401,1791553373.858742,1018.8000,9865.5000,6.0000,97.0000,False,right,False
2402,1791553373.875409,1024.8000,9963.0000,6.0000,97.5000,False,right,False
2403,1791553373.892076,1030.8000,10061.0000,6.0000,98.0000,False,right,False
2404,1791553373.908742,1036.8000,10159.5000,6.0000,98.5000,False,right,False
2405,1791553373.925409,1042.8000,10258.5000,6.0000,99.0000,False,right,False
2406,1791553373.942075,1048.8000,10358.0000,6.0000,99.5000,False,right,False
2407,1791553373.958742,1054.8000,10458.0000,6.0000,100.0000,False,right,False
2408,1791553373.975409,1060.8000,10558.5000,6.0000,100.5000,False,right,False
2409,1791553373.992076,1066.8000,10659.5000,6.0000,101.0000,False,right,False
2410,1791553374.008742,1072.8000,10761.0000,6.0000,101.5000,False,right,False
2411,1791553374.025409,1078.8000,10863.0000,6.0000,102.0000,False,right,False
2412,1791553374.042076,1084.8000,10965.5000,6.0000,102.5000,False,right,False
2413,1791553374.058742,1090.8000,11068.5000,6.0000,103.0000,False,right,False
2414,1791553374.075409,1096.8000,11172.0000,6.0000,103.5000,False,right,False
2415,1791553374.092076,1102.8000,11276.0000,6.0000,104.0000,False,right,False
2416,1791553374.108742,1108.8000,11380.5000,6.0000,104.5000,False,right,False
2417,1791553374.125409,1114.8000,11485.5000,6.0000,105.0000,False,right,False
2418,1791553374.142076,1120.8000,11591.0000,6.0000,105.5000,False,right,False
2419,1791553374.158742,1126.8000,11697.0000,6.0000,106.0000,False,right,False
2420,1791553374.175409,1132.8000,11803.5000,6.0000,106.5000,False,right,False
2421,1791553374.192075,1138.8000,11910.5000,6.0000,107.0000,False,right,False
2422,1791553374.208742,1144.8000,12018.0000,6.0000,107.5000,False,right,False
2423,1791553374.225409,1150.8000,12126.0000,6.0000,108.0000,False,right,False
2424,1791553374.242076,1156.8000,12234.5000,6.0000,108.5000,False,right,False
2425,1791553374.258742,1162.8000,12343.5000,6.0000,109.0000,False,right,False
2426,1791553374.275409,1168.8000,12453.0000,6.0000,109.5000,False,right,False
2427,1791553374.292076,1174.8000,12563.0000,6.0000,110.0000,False,right,False
2428,1791553374.308742,1180.8000,12673.5000,6.0000,110.5000,False,right,False
2429,1791553374.325409,1186.8000,12784.5000,6.0000,111.0000,False,right,False
2430,1791553374.342076,1192.8000,12896.0000,6.0000,111.5000,False,right,False
2431,1791553374.358742,1198.8000,13008.0000,6.0000,112.0000,False,right,False
2432,1791553374.375409,1204.8000,13120.5000,6.0000,112.5000,False,right,False
2433,1791553374.392076,1210.8000,13233.5000,6.0000,113.0000,False,right,False
2434,1791553374.408742,1216.8000,13347.0000,6.0000,113.5000,False,right,False
2435,1791553374.425409,1222.8000,13461.0000,6.0000,114.0000,False,right,False
2436,1791553374.442075,1228.8000,13575.5000,6.0000,114.5000,False,right,False
2437,1791553374.458742,1234.8000,13690.5000,6.0000,115.0000,False,right,False
2438,1791553374.475409,1240.8000,13806.0000,6.0000,115.5000,False,right,False
2439,1791553374.492076,1246.8000,13922.0000,6.0000,116.0000,False,right,False
2440,1791553374.508742,1252.8000,14038.5000,6.0000,116.5000,False,right,False
2441,1791553374.525409,1258.8000,14155.5000,6.0000,117.0000,False,right,False
2442,1791553374.542076,1264.8000,14273.0000,6.0000,117.5000,False,right,False
2443,1791553374.558742,1270.8000,14391.0000,6.0000,118.0000,False,right,False
2444,1791553374.575409,1276.8000,14509.5000,6.0000,118.5000,False,right,False
2445,1791553374.592076,1282.8000,14628.5000,6.0000,119.0000,False,right,False
2446,1791553374.608742,1288.8000,14748.0000,6.0000,119.5000,False,right,False
2447,1791553374.625409,1294.8000,14868.0000,6.0000,120.0000,False,right,False
2448,1791553374.642076,1300.8000,14988.5000,6.0000,120.5000,False,right,False
2449,1791553374.658742,1306.8000,15109.5000,6.0000,121.0000,False,right,False
2450,1791553374.675409,1312.8000,15231.0000,6.0000,121.5000,False,right,False
2451,1791553374.692075,1318.8000,15353.0000,6.0000,122.0000,False,right,False
2452,1791553374.708742,1324.8000,15475.5000,6.0000,122.5000,False,right,False
2453,1791553374.725409,1330.8000,15598.5000,6.0000,123.0000,False,right,False
2454,1791553374.742076,1336.8000,15722.0000,6.0000,123.5000,False,right,False
2455,1791553374.758742,1342.8000,15846.0000,6.0000,124.0000,False,right,False
2456,1791553374.775409,1348.8000,15970.5000,6.0000,124.5000,False,right,False
2457,1791553374.792076,1354.8000,16095.5000,6.0000,125.0000,False,right,False
2458,1791553374.808742,1360.8000,16221.0000,6.0000,125.5000,False,right,False
2459,1791553374.825409,1366.8000,16347.0000,6.0000,126.0000,False,right,False
2460,1791553374.842076,1372.8000,16473.5000,6.0000,126.5000,False,right,False
2461,1791553374.858742,1378.8000,16600.5000,6.0000,127.0000,False,right,False
2462,1791553374.875409,1384.8000,16728.0000,6.0000,127.5000,False,right,False
2463,1791553374.892076,1390.8000,16856.0000,6.0000,128.0000,False,right,False
2464,1791553374.908742,1396.8000,16984.5000,6.0000,128.5000,False,right,False
2465,1791553374.925409,1402.8000,17113.5000,6.0000,129.0000,False,right,False
2466,1791553374.942075,1408.8000,17243.0000,6.0000,129.5000,False,right,False
2467,1791553374.958742,1414.8000,17373.0000,6.0000,130.0000,False,right,False
2468,1791553374.975409,1420.8000,17503.5000,6.0000,130.5000,False,right,False
2469,1791553374.992076,1426.8000,17634.5000,6.0000,131.0000,False,right,False
2470,1791553375.008742,1432.8000,17766.0000,6.0000,131.5000,False,right,False
2471,1791553375.025409,1438.8000,17898.0000,6.0000,132.0000,False,right,False
2472,1791553375.042076,1444.8000,18030.5000,6.0000,132.5000,False,right,False
2473,1791553375.058742,1450.8000,18163.5000,6.0000,133.0000,False,right,False
2474,1791553375.075409,1456.8000,18297.0000,6.0000,133.5000,False,right,False
2475,1791553375.092076,1462.8000,18431.0000,6.0000,134.0000,False,right,False
2476,1791553375.108742,1468.8000,18565.5000,6.0000,134.5000,False,right,False
2477,1791553375.125409,1474.8000,18700.5000,6.0000,135.0000,False,right,False
2478,1791553375.142076,1480.8000,18836.0000,6.0000,135.5000,False,right,False
2479,1791553375.158742,1486.8000,18972.0000,6.0000,136.0000,False,right,False
2480,1791553375.175409,1492.8000,19108.5000,6.0000,136.5000,False,right,False
2481,1791553375.192075,1498.8000,19245.5000,6.0000,137.0000,False,right,False
2482,1791553375.208742,1504.8000,19383.0000,6.0000,137.5000,False,right,False
2483,1791553375.225409,1510.8000,19521.0000,6.0000,138.0000,False,right,False
2484,1791553375.242076,1516.8000,19659.5000,6.0000,138.5000,False,right,False
2485,1791553375.258742,1522.8000,19798.5000,6.0000,139.0000,False,right,False
2486,1791553375.275409,1528.8000,19938.0000,6.0000,139.5000,False,right,False
2487,1791553375.292076,1534.8000,20078.0000,6.0000,140.0000,False,right,False
2488,1791553375.308742,1540.8000,20218.5000,6.0000,140.5000,False,right,False
2489,1791553375.325409,1546.8000,20359.5000,6.0000,141.0000,False,right,False
2490,1791553375.342076,1552.8000,20501.0000,6.0000,141.5000,False,right,False
2491,1791553375.358742,1558.8000,20643.0000,6.0000,142.0000,False,right,False
2492,1791553375.375409,1564.8000,20785.5000,6.0000,142.5000,False,right,False
2493,1791553375.392076,1570.8000,20928.5000,6.0000,143.0000,False,right,False
2494,1791553375.408742,1576.8000,21072.0000,6.0000,143.5000,False,right,False
2495,1791553375.425409,1582.8000,21216.0000,6.0000,144.0000,False,right,False
2496,1791553375.442075,1588.8000,21360.5000,6.0000,144.5000,False,right,False
2497,1791553375.458742,1594.8000,21505.5000,6.0000,145.0000,False,right,False
2498,1791553375.475409,1600.8000,21651.0000,6.0000,145.5000,False,right,False
2499,1791553375.492076,1606.8000,21797.0000,6.0000,146.0000,False,right,False
2500,1791553375.508742,1612.8000,21943.5000,6.0000,146.5000,False,right,False
2501,1791553375.525409,1618.8000,22090.5000,6.0000,147.0000,False,right,False
2502,1791553375.542076,1624.8000,22238.0000,6.0000,147.5000,False,right,False
2503,1791553375.558742,1630.8000,22386.0000,6.0000,148.0000,False,right,False
2504,1791553375.575409,1636.8000,22534.5000,6.0000,148.5000,False,right,False
2505,1791553375.592076,1642.8000,22683.5000,6.0000,149.0000,False,right,False
2506,1791553375.608742,1648.8000,22833.0000,6.0000,149.5000,False,right,False
2507,1791553375.625409,1654.8000,22983.0000,6.0000,150.0000,False,right,False
2508,1791553375.642076,1660.8000,23133.5000,6.0000,150.5000,False,right,False
2509,1791553375.658742,1666.8000,23284.5000,6.0000,151.0000,False,right,False
2510,1791553375.675409,1672.8000,23436.0000,6.0000,151.5000,False,right,False
2511,1791553375.692075,1678.8000,23588.0000,6.0000,152.0000,False,right,False
2512,1791553375.708742,1684.8000,23740.5000,6.0000,152.5000,False,right,False
2513,1791553375.725409,1690.8000,23893.5000,6.0000,153.0000,False,right,False
2514,1791553375.742076,1696.8000,24047.0000,6.0000,153.5000,False,right,False
2515,1791553375.758742,1702.8000,24201.0000,6.0000,154.0000,False,right,False
2516,1791553375.775409,1708.8000,24355.5000,6.0000,154.5000,False,right,False
2517,1791553375.792076,1714.8000,24510.5000,6.0000,155.0000,False,right,False
2518,1791553375.808742,1720.8000,24666.0000,6.0000,155.5000,False,right,False
2519,1791553375.825409,1726.8000,24822.0000,6.0000,156.0000,False,right,False
2520,1791553375.842076,1732.8000,24978.5000,6.0000,156.5000,False,right,False
2521,1791553375.858742,1738.8000,25135.5000,6.0000,157.0000,False,right,False
2522,1791553375.875409,1744.8000,25293.0000,6.0000,157.5000,False,right,False
2523,1791553375.892076,1750.8000,25451.0000,6.0000,158.0000,False,right,False
2524,1791553375.908742,1756.8000,25609.5000,6.0000,158.5000,False,right,False
2525,1791553375.925409,1762.8000,25768.5000,6.0000,159.0000,False,right,False
2526,1791553375.942075,1768.8000,25928.0000,6.0000,159.5000,False,right,False
2527,1791553375.958742,1774.8000,26088.0000,6.0000,160.0000,False,right,False
2528,1791553375.975409,1780.8000,26248.5000,6.0000,160.5000,False,right,False
2529,1791553375.992076,1786.8000,26409.5000,6.0000,161.0000,False,right,False
2530,1791553376.008742,1792.8000,26571.0000,6.0000,161.5000,False,right,False
2531,1791553376.025409,1798.8000,26733.0000,6.0000,162.0000,False,right,False
2532,1791553376.042076,1804.8000,26895.5000,6.0000,162.5000,False,right,False
2533,1791553376.058742,1810.8000,27058.5000,6.0000,163.0000,False,right,False
2534,1791553376.075409,1816.8000,27222.0000,6.0000,163.5000,False,right,False
2535,1791553376.092076,1822.8000,27386.0000,6.0000,164.0000,False,right,False
2536,1791553376.108742,1828.8000,27550.5000,6.0000,164.5000,False,right,False
2537,1791553376.125409,640.8000,404.5000,0.8000,0.5000,False,right,False
2538,1791553376.142076,640.8000,405.5000,0.0000,1.0000,False,left,False
2539,1791553376.158742,640.0000,407.0000,-0.8000,1.5000,False,left,False
2540,1791553376.175409,638.4000,408.0000,-1.6000,0.0000,True,left,True
2541,1791553376.192075,636.0000,408.0000,-2.4000,0.0000,True,left,True
2542,1791553376.208742,632.8000,408.0000,-3.2000,0.0000,True,left,True
2543,1791553376.225409,628.8000,408.0000,-4.0000,0.0000,True,left,True
2544,1791553376.242076,624.0000,408.0000,-4.8000,0.0000,True,left,True
2545,1791553376.258742,618.4000,408.0000,-5.6000,0.0000,True,left,True
2546,1791553376.275409,612.4000,408.0000,-6.0000,0.0000,True,left,True
2547,1791553376.292076,606.4000,408.0000,-6.0000,0.0000,True,left,True
2548,1791553376.308742,600.4000,408.0000,-6.0000,0.0000,True,left,True
2549,1791553376.325409,594.4000,408.0000,-6.0000,0.0000,True,left,True
2550,1791553376.342076,588.4000,408.0000,-6.0000,0.0000,True,left,True
2551,1791553376.358742,582.4000,408.0000,-6.0000,0.0000,True,left,True
2552,1791553376.375409,576.4000,398.2500,-6.0000,-9.7500,False,left+jump,False
2553,1791553376.392076,570.4000,389.0000,-6.0000,-9.2500,False,left,False
2554,1791553376.408742,564.4000,380.2500,-6.0000,-8.7500,False,left,False
2555,1791553376.425409,558.4000,376.0000,-6.0000,0.0000,False,left,True
2556,1791553376.442075,552.4000,376.5000,-6.0000,0.5000,False,left,True
2557,1791553376.458742,546.4000,377.5000,-6.0000,1.0000,False,left,False
2558,1791553376.475409,540.4000,379.0000,-6.0000,1.5000,False,left,False
2559,1791553376.492076,534.4000,381.0000,-6.0000,2.0000,False,left,False
2560,1791553376.508742,528.4000,383.5000,-6.0000,2.5000,False,left,False
2561,1791553376.525409,522.4000,386.5000,-6.0000,3.0000,False,left,False
2562,1791553376.542076,516.4000,390.0000,-6.0000,3.5000,False,left,False
2563,1791553376.558742,510.4000,394.0000,-6.0000,4.0000,False,left,False
2564,1791553376.575409,504.4000,398.5000,-6.0000,4.5000,False,left,False
2565,1791553376.592076,498.4000,403.5000,-6.0000,5.0000,False,left,False
2566,1791553376.608742,492.4000,408.0000,-6.0000,0.0000,True,left,True
2567,1791553376.625409,486.4000,408.0000,-6.0000,0.0000,True,left,True
2568,1791553376.642076,480.4000,408.0000,-6.0000,0.0000,True,left,True
2569,1791553376.658742,475.3000,408.0000,-5.1000,0.0000,True,none,True
2570,1791553376.675409,470.9650,408.0000,-4.3350,0.0000,True,none,True
2571,1791553376.692075,467.2802,408.0000,-3.6847,0.0000,True,none,True
2572,1791553376.708742,464.1482,408.0000,-3.1320,0.0000,True,none,True
2573,1791553376.725409,461.4860,408.0000,-2.6622,0.0000,True,none,True
2574,1791553376.742076,459.2231,408.0000,-2.2629,0.0000,True,none,True
2575,1791553376.758742,457.2996,408.0000,-1.9235,0.0000,True,none,True
2576,1791553376.775409,455.6647,408.0000,-1.6349,0.0000,True,none,True
2577,1791553376.792076,454.2750,408.0000,-1.3897,0.0000,True,none,True
2578,1791553376.808742,453.0937,408.0000,-1.1812,0.0000,True,none,True
2579,1791553376.825409,452.0897,408.0000,-1.0041,0.0000,True,none,True
2580,1791553376.842076,451.2362,408.0000,-0.8535,0.0000,True,none,True
2581,1791553376.858742,450.5108,408.0000,-0.7254,0.0000,True,none,True
2582,1791553376.875409,449.8942,408.0000,-0.6166,0.0000,True,none,True
2583,1791553376.892076,449.3700,408.0000,-0.5241,0.0000,True,none,True
2584,1791553376.908742,448.0459,408.0000,-1.3241,0.0000,True,left,True
2585,1791553376.925409,446.9204,408.5000,-1.1255,0.5000,False,none,False
2586,1791553376.942075,444.9949,409.5000,-1.9255,1.0000,False,left,False
2587,1791553376.958742,442.2694,411.0000,-2.7255,1.5000,False,left,False
2588,1791553376.975409,440.0000,413.0000,0.0000,2.0000,False,left,True
2589,1791553376.992076,440.0000,415.5000,0.0000,2.5000,False,left+jump,True
2590,1791553377.008742,440.0000,418.5000,0.0000,3.0000,False,left+jump,True
2591,1791553377.025409,440.0000,422.0000,0.0000,3.5000,False,left+jump,True
2592,1791553377.042076,440.0000,426.0000,0.0000,4.0000,False,left+jump,True
2593,1791553377.058742,440.0000,430.5000,0.0000,4.5000,False,left+jump,True
2594,1791553377.075409,440.0000,435.5000,0.0000,5.0000,False,left+jump,True
2595,1791553377.092076,440.0000,441.0000,0.0000,5.5000,False,left+jump,True
2596,1791553377.108742,440.0000,447.0000,0.0000,6.0000,False,left+jump,True
2597,1791553377.125409,440.0000,453.5000,0.0000,6.5000,False,left+jump,True
2598,1791553377.142076,440.0000,460.5000,0.0000,7.0000,False,left+jump,True
2599,1791553377.158742,440.0000,468.0000,0.0000,7.5000,False,left+jump,True
2600,1791553377.175409,440.0000,476.0000,0.0000,8.0000,False,left+jump,True
2601,1791553377.192075,440.0000,484.5000,0.0000,8.5000,False,left+jump,True
2602,1791553377.208742,440.0000,493.5000,0.0000,9.0000,False,left+jump,True
2603,1791553377.225409,440.0000,503.0000,0.0000,9.5000,False,left,True
2604,1791553377.242076,440.0000,513.0000,0.0000,10.0000,False,left,True
2605,1791553377.258742,440.0000,523.5000,0.0000,10.5000,False,left,True
2606,1791553377.275409,440.0000,534.5000,0.0000,11.0000,False,left,True
2607,1791553377.292076,440.0000,546.0000,0.0000,11.5000,False,left+jump,True
2608,1791553377.308742,440.0000,558.0000,0.0000,12.0000,False,left+jump,True
2609,1791553377.325409,440.0000,558.0000,0.0000,0.0000,True,left+jump,True
2610,1791553377.342076,440.0000,548.2500,0.0000,-9.7500,False,left+jump,True
2611,1791553377.358742,440.0000,539.0000,0.0000,-9.2500,False,left,True
2612,1791553377.375409,440.0000,530.2500,0.0000,-8.7500,False,left,True
2613,1791553377.392076,440.0000,522.0000,0.0000,-8.2500,False,left,True
2614,1791553377.408742,440.0000,514.2500,0.0000,-7.7500,False,left+jump,True
2615,1791553377.425409,440.0000,507.0000,0.0000,-7.2500,False,left+jump,True
2616,1791553377.442075,440.0000,500.2500,0.0000,-6.7500,False,left+jump,True
2617,1791553377.458742,440.0000,494.0000,0.0000,-6.2500,False,left+jump,True
2618,1791553377.475409,440.0000,488.2500,0.0000,-5.7500,False,left+jump,True
2619,1791553377.492076,440.0000,483.0000,0.0000,-5.2500,False,left+jump,True
2620,1791553377.508742,440.0000,478.2500,0.0000,-4.7500,False,left+jump,True
2621,1791553377.525409,440.0000,474.0000,0.0000,-4.2500,False,left+jump,True
2622,1791553377.542076,440.0000,470.2500,0.0000,-3.7500,False,left+jump,True
2623,1791553377.558742,440.0000,467.0000,0.0000,-3.2500,False,left+jump,True
2624,1791553377.575409,440.8000,464.2500,0.8000,-2.7500,False,right,True
2625,1791553377.592076,442.4000,462.0000,1.6000,-2.2500,False,right,False
2626,1791553377.608742,443.2000,460.2500,0.8000,-1.7500,False,left+jump,False
2627,1791553377.625409,443.2000,459.0000,0.0000,-1.2500,False,left+jump,False
2628,1791553377.642076,442.4000,458.2500,-0.8000,-0.7500,False,left+jump,False
2629,1791553377.658742,440.8000,458.0000,-1.6000,-0.2500,False,left+jump,True
2630,1791553377.675409,440.0000,458.2500,0.0000,0.2500,False,left+jump,True
2631,1791553377.692075,440.0000,459.0000,0.0000,0.7500,False,left,True
2632,1791553377.708742,440.0000,460.2500,0.0000,1.2500,False,left,True
2633,1791553377.725409,440.0000,462.0000,0.0000,1.7500,False,left,True
2634,1791553377.742076,440.0000,464.2500,0.0000,2.2500,False,jump,True
2635,1791553377.758742,440.0000,467.0000,0.0000,2.7500,False,jump,True
2636,1791553377.775409,440.0000,470.2500,0.0000,3.2500,False,jump,True
2637,1791553377.792076,440.0000,474.0000,0.0000,3.7500,False,jump,True
2638,1791553377.808742,440.0000,478.2500,0.0000,4.2500,False,jump,True
2639,1791553377.825409,440.0000,483.0000,0.0000,4.7500,False,jump,True
2640,1791553377.842076,440.0000,488.2500,0.0000,5.2500,False,jump,True
2641,1791553377.858742,440.0000,494.0000,0.0000,5.7500,False,jump,True
2642,1791553377.875409,440.0000,500.2500,0.0000,6.2500,False,jump,True
2643,1791553377.892076,440.0000,507.0000,0.0000,6.7500,False,jump,True
2644,1791553377.908742,440.0000,514.2500,0.0000,7.2500,False,left+jump,True
2645,1791553377.925409,440.0000,522.0000,0.0000,7.7500,False,left+jump,True
2646,1791553377.942075,440.0000,530.2500,0.0000,8.2500,False,left+jump,True
2647,1791553377.958742,440.0000,539.0000,0.0000,8.7500,False,left+jump,True
2648,1791553377.975409,440.0000,548.2500,0.0000,9.2500,False,left+jump,True
2649,1791553377.992076,440.0000,558.0000,0.0000,9.7500,False,left+jump,True
2650,1791553378.008742,440.0000,558.0000,0.0000,0.0000,True,left,True
2651,1791553378.025409,440.0000,558.0000,0.0000,0.0000,True,left,True
2652,1791553378.042076,440.0000,558.0000,0.0000,0.0000,True,left,True
2653,1791553378.058742,440.0000,548.2500,0.0000,-9.7500,False,left+jump,True
2654,1791553378.075409,440.0000,539.0000,0.0000,-9.2500,False,left+jump,True
2655,1791553378.092076,440.0000,530.2500,0.0000,-8.7500,False,left+jump,True
2656,1791553378.108742,440.0000,522.0000,0.0000,-8.2500,False,left+jump,True
2657,1791553378.125409,440.0000,514.2500,0.0000,-7.7500,False,left+jump,True
2658,1791553378.142076,440.8000,507.0000,0.8000,-7.2500,False,right,True
2659,1791553378.158742,442.4000,500.2500,1.6000,-6.7500,False,right,False
2660,1791553378.175409,444.8000,494.0000,2.4000,-6.2500,False,right,False
2661,1791553378.192075,448.0000,488.2500,3.2000,-5.7500,False,right,True
2662,1791553378.208742,448.0000,483.0000,0.0000,-5.2500,False,right,True
2663,1791553378.225409,448.0000,478.2500,0.0000,-4.7500,False,right,True
2664,1791553378.242076,448.0000,474.0000,0.0000,-4.2500,False,right,True
2665,1791553378.258742,447.2000,470.2500,-0.8000,-3.7500,False,left,True
2666,1791553378.275409,445.6000,467.0000,-1.6000,-3.2500,False,left,False
2667,1791553378.292076,443.2000,464.2500,-2.4000,-2.7500,False,left,False
2668,1791553378.308742,440.0000,462.0000,-3.2000,-2.2500,False,left,True
2669,1791553378.325409,440.0000,460.2500,0.0000,-1.7500,False,left,True
2670,1791553378.342076,440.0000,459.0000,0.0000,-1.2500,False,left,True
2671,1791553378.358742,440.0000,458.2500,0.0000,-0.7500,False,left+jump,True
2672,1791553378.375409,440.0000,458.0000,0.0000,-0.2500,False,left+jump,True
2673,1791553378.392076,440.0000,458.2500,0.0000,0.2500,False,left+jump,True
2674,1791553378.408742,440.0000,459.0000,0.0000,0.7500,False,left+jump,True
2675,1791553378.425409,440.0000,460.2500,0.0000,1.2500,False,jump,True
2676,1791553378.442075,440.0000,462.0000,0.0000,1.7500,False,jump,True
2677,1791553378.458742,440.0000,464.2500,0.0000,2.2500,False,jump,True
2678,1791553378.475409,440.0000,467.0000,0.0000,2.7500,False,jump,True
2679,1791553378.492076,440.0000,470.2500,0.0000,3.2500,False,jump,True
2680,1791553378.508742,440.0000,474.0000,0.0000,3.7500,False,left+jump,True
2681,1791553378.525409,440.0000,478.2500,0.0000,4.2500,False,left+jump,True
2682,1791553378.542076,440.0000,483.0000,0.0000,4.7500,False,left+jump,True
2683,1791553378.558742,440.0000,488.2500,0.0000,5.2500,False,left+jump,True
2684,1791553378.575409,440.0000,494.0000,0.0000,5.7500,False,left+jump,True
2685,1791553378.592076,440.0000,500.2500,0.0000,6.2500,False,left+jump,True
2686,1791553378.608742,440.0000,507.0000,0.0000,6.7500,False,left+jump,True
2687,1791553378.625409,440.0000,514.2500,0.0000,7.2500,False,left+jump,True
2688,1791553378.642076,440.0000,522.0000,0.0000,7.7500,False,left+jump,True
2689,1791553378.658742,440.0000,530.2500,0.0000,8.2500,False,left+jump,True
2690,1791553378.675409,440.0000,539.0000,0.0000,8.7500,False,left+jump,True
2691,1791553378.692075,440.0000,548.2500,0.0000,9.2500,False,left+jump,True
2692,1791553378.708742,440.0000,558.0000,0.0000,9.7500,False,left+jump,True
2693,1791553378.725409,440.0000,558.0000,0.0000,0.0000,True,left+jump,True
2694,1791553378.742076,440.0000,548.2500,0.0000,-9.7500,False,left+jump,True
2695,1791553378.758742,440.0000,539.0000,0.0000,-9.2500,False,left+jump,True
2696,1791553378.775409,440.8000,530.2500,0.8000,-8.7500,False,right,True
2697,1791553378.792076,442.4000,522.0000,1.6000,-8.2500,False,right,False
2698,1791553378.808742,443.2000,514.2500,0.8000,-7.7500,False,left+jump,False
2699,1791553378.825409,443.2000,507.0000,0.0000,-7.2500,False,left+jump,False
2700,1791553378.842076,442.4000,500.2500,-0.8000,-6.7500,False,left+jump,False
2701,1791553378.858742,440.8000,494.0000,-1.6000,-6.2500,False,left+jump,True
2702,1791553378.875409,440.0000,488.2500,0.0000,-5.7500,False,left+jump,True
2703,1791553378.892076,440.0000,483.0000,0.0000,-5.2500,False,left+jump,True
2704,1791553378.908742,440.0000,478.2500,0.0000,-4.7500,False,left+jump,True
2705,1791553378.925409,440.0000,474.0000,0.0000,-4.2500,False,left+jump,True
2706,1791553378.942075,440.0000,470.2500,0.0000,-3.7500,False,left+jump,True
2707,1791553378.958742,440.0000,467.0000,0.0000,-3.2500,False,left+jump,True
2708,1791553378.975409,440.0000,464.2500,0.0000,-2.7500,False,left+jump,True
2709,1791553378.992076,440.0000,462.0000,0.0000,-2.2500,False,left,True
2710,1791553379.008742,440.0000,460.2500,0.0000,-1.7500,False,left,True
2711,1791553379.025409,440.0000,459.0000,0.0000,-1.2500,False,left,True
2712,1791553379.042076,440.0000,458.2500,0.0000,-0.7500,False,left,True
2713,1791553379.058742,440.0000,458.0000,0.0000,-0.2500,False,left,True
2714,1791553379.075409,440.0000,458.2500,0.0000,0.2500,False,left,True
2715,1791553379.092076,440.0000,459.0000,0.0000,0.7500,False,left+jump,True
2716,1791553379.108742,440.0000,460.2500,0.0000,1.2500,False,left+jump,True
2717,1791553379.125409,440.0000,462.0000,0.0000,1.7500,False,left+jump,True
2718,1791553379.142076,440.0000,464.2500,0.0000,2.2500,False,left+jump,True
2719,1791553379.158742,440.0000,467.0000,0.0000,2.7500,False,left+jump,True
2720,1791553379.175409,440.0000,470.2500,0.0000,3.2500,False,left+jump,True
2721,1791553379.192075,440.0000,474.0000,0.0000,3.7500,False,left+jump,True
2722,1791553379.208742,440.0000,478.2500,0.0000,4.2500,False,left+jump,True
2723,1791553379.225409,440.0000,483.0000,0.0000,4.7500,False,left+jump,True
2724,1791553379.242076,440.0000,488.2500,0.0000,5.2500,False,jump,True
2725,1791553379.258742,440.0000,494.0000,0.0000,5.7500,False,jump,True
2726,1791553379.275409,440.0000,500.2500,0.0000,6.2500,False,jump,True
2727,1791553379.292076,440.0000,507.0000,0.0000,6.7500,False,jump,True
2728,1791553379.308742,440.0000,514.2500,0.0000,7.2500,False,jump,True
2729,1791553379.325409,440.0000,522.0000,0.0000,7.7500,False,left,True
2730,1791553379.342076,440.0000,530.2500,0.0000,8.2500,False,left,True
2731,1791553379.358742,440.0000,539.0000,0.0000,8.7500,False,jump,True
2732,1791553379.375409,440.0000,548.2500,0.0000,9.2500,False,jump,True
2733,1791553379.392076,440.0000,558.0000,0.0000,9.7500,False,left+jump,True
2734,1791553379.408742,440.0000,558.0000,0.0000,0.0000,True,left+jump,True
2735,1791553379.425409,440.0000,548.2500,0.0000,-9.7500,False,left+jump,True
2736,1791553379.442075,440.0000,539.0000,0.0000,-9.2500,False,left+jump,True
2737,1791553379.458742,440.8000,530.2500,0.8000,-8.7500,False,right,True
2738,1791553379.475409,442.4000,522.0000,1.6000,-8.2500,False,right,False
2739,1791553379.492076,444.8000,514.2500,2.4000,-7.7500,False,right,False
2740,1791553379.508742,448.0000,507.0000,3.2000,-7.2500,False,right,True
2741,1791553379.525409,448.0000,500.2500,0.0000,-6.7500,False,right,True
2742,1791553379.542076,448.0000,494.0000,0.0000,-6.2500,False,right,True
2743,1791553379.558742,448.0000,488.2500,0.0000,-5.7500,False,right,True
2744,1791553379.575409,448.0000,483.0000,0.0000,-5.2500,False,right,True
2745,1791553379.592076,448.0000,478.2500,0.0000,-4.7500,False,right,True
2746,1791553379.608742,448.0000,474.0000,0.0000,-4.2500,False,right,True
2747,1791553379.625409,448.0000,470.2500,0.0000,-3.7500,False,right+jump,True
2748,1791553379.642076,448.0000,467.0000,0.0000,-3.2500,False,right+jump,True
2749,1791553379.658742,447.2000,464.2500,-0.8000,-2.7500,False,left,True
2750,1791553379.675409,445.6000,462.0000,-1.6000,-2.2500,False,left,False
2751,1791553379.692075,444.8000,460.2500,-0.8000,-1.7500,False,right,False
2752,1791553379.708742,444.8000,459.0000,0.0000,-1.2500,False,right,False
2753,1791553379.725409,445.6000,458.2500,0.8000,-0.7500,False,right,False
2754,1791553379.742076,447.2000,458.0000,1.6000,-0.2500,False,right,True
2755,1791553379.758742,448.0000,458.2500,0.0000,0.2500,False,right,True
2756,1791553379.775409,448.0000,459.0000,0.0000,0.7500,False,right+jump,True
2757,1791553379.792076,448.0000,460.2500,0.0000,1.2500,False,right+jump,True
2758,1791553379.808742,448.0000,462.0000,0.0000,1.7500,False,right+jump,True
2759,1791553379.825409,447.2000,464.2500,-0.8000,2.2500,False,left+jump,True
2760,1791553379.842076,445.6000,467.0000,-1.6000,2.7500,False,left+jump,False
2761,1791553379.858742,443.2000,470.2500,-2.4000,3.2500,False,left+jump,False
2762,1791553379.875409,441.6000,474.0000,-1.6000,3.7500,False,right+jump,False
2763,1791553379.892076,440.8000,478.2500,-0.8000,4.2500,False,right+jump,True
2764,1791553379.908742,440.8000,483.0000,-0.0000,4.7500,False,right+jump,True
2765,1791553379.925409,441.6000,488.2500,0.8000,5.2500,False,right+jump,False
2766,1791553379.942075,443.2000,494.0000,1.6000,5.7500,False,right+jump,False
2767,1791553379.958742,444.8000,500.2500,1.6000,6.2500,False,jump,False
2768,1791553379.975409,446.4000,507.0000,1.6000,6.7500,False,jump,False
2769,1791553379.992076,448.0000,514.2500,0.0000,7.2500,False,jump,True
2770,1791553380.008742,448.0000,522.0000,0.0000,7.7500,False,jump,True
2771,1791553380.025409,447.2000,530.2500,-0.8000,8.2500,False,left+jump,True
2772,1791553380.042076,445.6000,539.0000,-1.6000,8.7500,False,left+jump,False
2773,1791553380.058742,443.2000,548.2500,-2.4000,9.2500,False,left+jump,False
2774,1791553380.075409,440.0000,558.0000,-3.2000,9.7500,False,left+jump,True
2775,1791553380.092076,440.0000,558.0000,0.0000,0.0000,True,left+jump,True
2776,1791553380.108742,440.0000,558.0000,0.0000,0.0000,True,left,True
2777,1791553380.125409,440.0000,558.0000,0.0000,0.0000,True,left,True
2778,1791553380.142076,440.0000,558.0000,0.0000,0.0000,True,left,True
2779,1791553380.158742,440.0000,558.0000,0.0000,0.0000,True,left,True
2780,1791553380.175409,440.8000,548.2500,0.8000,-9.7500,False,right+jump,True
2781,1791553380.192075,442.4000,539.0000,1.6000,-9.2500,False,right+jump,False
2782,1791553380.208742,443.2000,530.2500,0.8000,-8.7500,False,left,False
2783,1791553380.225409,443.2000,522.0000,0.0000,-8.2500,False,left,False
2784,1791553380.242076,442.4000,514.2500,-0.8000,-7.7500,False,left+jump,False
2785,1791553380.258742,440.8000,507.0000,-1.6000,-7.2500,False,left+jump,True
2786,1791553380.275409,440.0000,500.2500,0.0000,-6.7500,False,left+jump,True
2787,1791553380.292076,440.0000,494.0000,0.0000,-6.2500,False,jump,True
2788,1791553380.308742,440.0000,488.2500,0.0000,-5.7500,False,jump,True
2789,1791553380.325409,440.0000,483.0000,0.0000,-5.2500,False,jump,True
2790,1791553380.342076,440.8000,478.2500,0.8000,-4.7500,False,right,True
2791,1791553380.358742,442.4000,474.0000,1.6000,-4.2500,False,right,False
2792,1791553380.375409,444.8000,470.2500,2.4000,-3.7500,False,right,False
2793,1791553380.392076,448.0000,467.0000,3.2000,-3.2500,False,right,True
2794,1791553380.408742,448.0000,464.2500,0.0000,-2.7500,False,right,True
2795,1791553380.425409,447.2000,462.0000,-0.8000,-2.2500,False,left+jump,True
2796,1791553380.442075,445.6000,460.2500,-1.6000,-1.7500,False,left+jump,False
2797,1791553380.458742,443.2000,459.0000,-2.4000,-1.2500,False,left+jump,False
2798,1791553380.475409,440.0000,458.2500,-3.2000,-0.7500,False,left+jump,True
2799,1791553380.492076,440.0000,458.0000,0.0000,-0.2500,False,left+jump,True
2800,1791553380.508742,440.8000,458.2500,0.8000,0.2500,False,right,True
2801,1791553380.525409,442.4000,459.0000,1.6000,0.7500,False,right,False
2802,1791553380.542076,443.2000,460.2500,0.8000,1.2500,False,left+jump,False
2803,1791553380.558742,443.2000,462.0000,0.0000,1.7500,False,left+jump,False
2804,1791553380.575409,442.4000,464.2500,-0.8000,2.2500,False,left+jump,False
2805,1791553380.592076,440.8000,467.0000,-1.6000,2.7500,False,left+jump,True
2806,1791553380.608742,440.0000,470.2500,0.0000,3.2500,False,left+jump,True
2807,1791553380.625409,440.0000,474.0000,0.0000,3.7500,False,left+jump,True
2808,1791553380.642076,440.0000,478.2500,0.0000,4.2500,False,left+jump,True
2809,1791553380.658742,440.0000,483.0000,0.0000,4.7500,False,left+jump,True
2810,1791553380.675409,440.0000,488.2500,0.0000,5.2500,False,left+jump,True
2811,1791553380.692075,440.0000,494.0000,0.0000,5.7500,False,left+jump,True
2812,1791553380.708742,440.0000,500.2500,0.0000,6.2500,False,left+jump,True
2813,1791553380.725409,440.0000,507.0000,0.0000,6.7500,False,left,True
2814,1791553380.742076,440.0000,514.2500,0.0000,7.2500,False,left,True
2815,1791553380.758742,440.0000,522.0000,0.0000,7.7500,False,left,True
2816,1791553380.775409,440.0000,530.2500,0.0000,8.2500,False,left+jump,True
2817,1791553380.792076,440.0000,539.0000,0.0000,8.7500,False,left+jump,True
2818,1791553380.808742,440.0000,548.2500,0.0000,9.2500,False,left+jump,True
2819,1791553380.825409,440.0000,558.0000,0.0000,9.7500,False,left+jump,True
2820,1791553380.842076,440.0000,558.0000,0.0000,0.0000,True,left+jump,True
2821,1791553380.858742,440.0000,548.2500,0.0000,-9.7500,False,left+jump,True
2822,1791553380.875409,440.0000,539.0000,0.0000,-9.2500,False,left+jump,True
2823,1791553380.892076,440.0000,530.2500,0.0000,-8.7500,False,left+jump,True
2824,1791553380.908742,440.0000,522.0000,0.0000,-8.2500,False,left,True
2825,1791553380.925409,440.0000,514.2500,0.0000,-7.7500,False,left,True
2826,1791553380.942075,440.0000,507.0000,0.0000,-7.2500,False,left,True
2827,1791553380.958742,440.0000,500.2500,0.0000,-6.7500,False,left,True
2828,1791553380.975409,440.0000,494.0000,0.0000,-6.2500,False,left,True
2829,1791553380.992076,440.0000,488.2500,0.0000,-5.7500,False,left,True
2830,1791553381.008742,440.0000,483.0000,0.0000,-5.2500,False,left,True
2831,1791553381.025409,440.0000,478.2500,0.0000,-4.7500,False,left,True
2832,1791553381.042076,440.0000,474.0000,0.0000,-4.2500,False,left,True
2833,1791553381.058742,440.0000,470.2500,0.0000,-3.7500,False,left,True
2834,1791553381.075409,440.0000,467.0000,0.0000,-3.2500,False,left,True
2835,1791553381.092076,440.0000,464.2500,0.0000,-2.7500,False,left,True
2836,1791553381.108742,440.0000,462.0000,0.0000,-2.2500,False,left,True
2837,1791553381.125409,440.0000,460.2500,0.0000,-1.7500,False,left,True
2838,1791553381.142076,440.0000,459.0000,0.0000,-1.2500,False,left,True
2839,1791553381.158742,440.8000,458.2500,0.8000,-0.7500,False,right,True
2840,1791553381.175409,442.4000,458.0000,1.6000,-0.2500,False,right,False
2841,1791553381.192075,444.8000,458.2500,2.4000,0.2500,False,right,False
2842,1791553381.208742,448.0000,459.0000,3.2000,0.7500,False,right,True
2843,1791553381.225409,448.0000,460.2500,0.0000,1.2500,False,jump,True
2844,1791553381.242076,448.0000,462.0000,0.0000,1.7500,False,jump,True
2845,1791553381.258742,447.2000,464.2500,-0.8000,2.2500,False,left,True
2846,1791553381.275409,445.6000,467.0000,-1.6000,2.7500,False,left,False
2847,1791553381.292076,443.2000,470.2500,-2.4000,3.2500,False,left,False
2848,1791553381.308742,440.0000,474.0000,-3.2000,3.7500,False,left+jump,True
2849,1791553381.325409,440.0000,478.2500,0.0000,4.2500,False,left+jump,True
2850,1791553381.342076,440.0000,483.0000,0.0000,4.7500,False,left+jump,True
2851,1791553381.358742,440.8000,488.2500,0.8000,5.2500,False,right+jump,True
2852,1791553381.375409,442.4000,494.0000,1.6000,5.7500,False,right+jump,False
2853,1791553381.392076,444.8000,500.2500,2.4000,6.2500,False,right+jump,False
2854,1791553381.408742,448.0000,507.0000,3.2000,6.7500,False,right+jump,True
2855,1791553381.425409,448.0000,514.2500,0.0000,7.2500,False,right+jump,True
2856,1791553381.442075,448.0000,522.0000,0.0000,7.7500,False,right+jump,True
2857,1791553381.458742,448.0000,530.2500,0.0000,8.2500,False,right+jump,True
2858,1791553381.475409,448.0000,539.0000,0.0000,8.7500,False,right+jump,True
2859,1791553381.492076,448.0000,548.2500,0.0000,9.2500,False,right+jump,True
2860,1791553381.508742,448.0000,558.0000,0.0000,9.7500,False,right+jump,True
2861,1791553381.525409,448.0000,558.0000,0.0000,0.0000,True,right+jump,True
2862,1791553381.542076,448.0000,548.2500,0.0000,-9.7500,False,jump,True
2863,1791553381.558742,448.0000,539.0000,0.0000,-9.2500,False,jump,True
2864,1791553381.575409,448.0000,530.2500,0.0000,-8.7500,False,jump,True
2865,1791553381.592076,448.0000,522.0000,0.0000,-8.2500,False,jump,True
2866,1791553381.608742,448.0000,514.2500,0.0000,-7.7500,False,jump,True
2867,1791553381.625409,448.0000,507.0000,0.0000,-7.2500,False,right,True
2868,1791553381.642076,448.0000,500.2500,0.0000,-6.7500,False,right,True
2869,1791553381.658742,448.0000,494.0000,0.0000,-6.2500,False,right,True
2870,1791553381.675409,448.0000,488.2500,0.0000,-5.7500,False,right,True
2871,1791553381.692075,448.0000,483.0000,0.0000,-5.2500,False,right,True
2872,1791553381.708742,448.0000,478.2500,0.0000,-4.7500,False,right,True
2873,1791553381.725409,448.0000,474.0000,0.0000,-4.2500,False,right,True
2874,1791553381.742076,448.0000,470.2500,0.0000,-3.7500,False,right,True
2875,1791553381.758742,448.0000,467.0000,0.0000,-3.2500,False,right,True
2876,1791553381.775409,448.0000,464.2500,0.0000,-2.7500,False,right,True
2877,1791553381.792076,448.0000,462.0000,0.0000,-2.2500,False,jump,True
2878,1791553381.808742,448.0000,460.2500,0.0000,-1.7500,False,jump,True
2879,1791553381.825409,448.0000,459.0000,0.0000,-1.2500,False,jump,True
2880,1791553381.842076,448.0000,458.2500,0.0000,-0.7500,False,jump,True
2881,1791553381.858742,448.0000,458.0000,0.0000,-0.2500,False,jump,True
2882,1791553381.875409,447.2000,458.2500,-0.8000,0.2500,False,left,True
2883,1791553381.892076,445.6000,459.0000,-1.6000,0.7500,False,left,False
2884,1791553381.908742,443.2000,460.2500,-2.4000,1.2500,False,left,False
2885,1791553381.925409,440.0000,462.0000,-3.2000,1.7500,False,left+jump,True
2886,1791553381.942075,440.0000,464.2500,0.0000,2.2500,False,left+jump,True
2887,1791553381.958742,440.0000,467.0000,0.0000,2.7500,False,left+jump,True
2888,1791553381.975409,440.0000,470.2500,0.0000,3.2500,False,left+jump,True
2889,1791553381.992076,440.0000,474.0000,0.0000,3.7500,False,left+jump,True
2890,1791553382.008742,440.0000,478.2500,0.0000,4.2500,False,left+jump,True
2891,1791553382.025409,440.0000,483.0000,0.0000,4.7500,False,left+jump,True
2892,1791553382.042076,440.0000,488.2500,0.0000,5.2500,False,left+jump,True
2893,1791553382.058742,440.0000,494.0000,0.0000,5.7500,False,left+jump,True
2894,1791553382.075409,440.0000,500.2500,0.0000,6.2500,False,left+jump,True
2895,1791553382.092076,440.0000,507.0000,0.0000,6.7500,False,left+jump,True
2896,1791553382.108742,440.0000,514.2500,0.0000,7.2500,False,left+jump,True
2897,1791553382.125409,440.0000,522.0000,0.0000,7.7500,False,left+jump,True
2898,1791553382.142076,440.0000,530.2500,0.0000,8.2500,False,left+jump,True
2899,1791553382.158742,440.0000,539.0000,0.0000,8.7500,False,left+jump,True
2900,1791553382.175409,440.0000,548.2500,0.0000,9.2500,False,left+jump,True
2901,1791553382.192075,440.0000,558.0000,0.0000,9.7500,False,left+jump,True
2902,1791553382.208742,440.0000,558.0000,0.0000,0.0000,True,left+jump,True
2903,1791553382.225409,440.0000,548.2500,0.0000,-9.7500,False,left+jump,True
2904,1791553382.242076,440.0000,539.0000,0.0000,-9.2500,False,left+jump,True
2905,1791553382.258742,440.0000,530.2500,0.0000,-8.7500,False,left+jump,True
2906,1791553382.275409,440.0000,522.0000,0.0000,-8.2500,False,left+jump,True
2907,1791553382.292076,440.0000,514.2500,0.0000,-7.7500,False,left+jump,True
2908,1791553382.308742,440.0000,507.0000,0.0000,-7.2500,False,left+jump,True
2909,1791553382.325409,440.0000,500.2500,0.0000,-6.7500,False,left+jump,True
2910,1791553382.342076,440.0000,494.0000,0.0000,-6.2500,False,left+jump,True
2911,1791553382.358742,440.0000,488.2500,0.0000,-5.7500,False,left+jump,True
2912,1791553382.375409,440.0000,483.0000,0.0000,-5.2500,False,left+jump,True
2913,1791553382.392076,440.0000,478.2500,0.0000,-4.7500,False,jump,True
2914,1791553382.408742,440.0000,474.0000,0.0000,-4.2500,False,jump,True
2915,1791553382.425409,440.0000,470.2500,0.0000,-3.7500,False,left+jump,True
2916,1791553382.442075,440.0000,467.0000,0.0000,-3.2500,False,left+jump,True
2917,1791553382.458742,440.0000,464.2500,0.0000,-2.7500,False,left+jump,True
2918,1791553382.475409,440.8000,462.0000,0.8000,-2.2500,False,right,True
2919,1791553382.492076,442.4000,460.2500,1.6000,-1.7500,False,right,False
2920,1791553382.508742,443.2000,459.0000,0.8000,-1.2500,False,left+jump,False
2921,1791553382.525409,443.2000,458.2500,0.0000,-0.7500,False,left+jump,False
2922,1791553382.542076,442.4000,458.0000,-0.8000,-0.2500,False,left+jump,False
2923,1791553382.558742,440.8000,458.2500,-1.6000,0.2500,False,left+jump,True
2924,1791553382.575409,440.0000,459.0000,0.0000,0.7500,False,left+jump,True
2925,1791553382.592076,440.0000,460.2500,0.0000,1.2500,False,left+jump,True
2926,1791553382.608742,440.0000,462.0000,0.0000,1.7500,False,jump,True
2927,1791553382.625409,440.0000,464.2500,0.0000,2.2500,False,jump,True
2928,1791553382.642076,440.0000,467.0000,0.0000,2.7500,False,jump,True
2929,1791553382.658742,440.0000,470.2500,0.0000,3.2500,False,jump,True
2930,1791553382.675409,440.8000,474.0000,0.8000,3.7500,False,right+jump,True
2931,1791553382.692075,442.4000,478.2500,1.6000,4.2500,False,right+jump,False
2932,1791553382.708742,444.8000,483.0000,2.4000,4.7500,False,right+jump,False
2933,1791553382.725409,448.0000,488.2500,3.2000,5.2500,False,right+jump,True
2934,1791553382.742076,448.0000,494.0000,0.0000,5.7500,False,right+jump,True
2935,1791553382.758742,448.0000,500.2500,0.0000,6.2500,False,right+jump,True
2936,1791553382.775409,447.2000,507.0000,-0.8000,6.7500,False,left,True
2937,1791553382.792076,445.6000,514.2500,-1.6000,7.2500,False,left,False
2938,1791553382.808742,443.2000,522.0000,-2.4000,7.7500,False,left,False
2939,1791553382.825409,440.0000,530.2500,-3.2000,8.2500,False,left,True
2940,1791553382.842076,440.0000,539.0000,0.0000,8.7500,False,left,True
2941,1791553382.858742,440.0000,548.2500,0.0000,9.2500,False,left,True
2942,1791553382.875409,440.0000,558.0000,0.0000,9.7500,False,left+jump,True
2943,1791553382.892076,440.0000,558.0000,0.0000,0.0000,True,left+jump,True
2944,1791553382.908742,440.0000,548.2500,0.0000,-9.7500,False,left+jump,True
2945,1791553382.925409,440.0000,539.0000,0.0000,-9.2500,False,left+jump,True
2946,1791553382.942075,440.0000,530.2500,0.0000,-8.7500,False,left+jump,True
2947,1791553382.958742,440.0000,522.0000,0.0000,-8.2500,False,jump,True
2948,1791553382.975409,440.0000,514.2500,0.0000,-7.7500,False,jump,True
2949,1791553382.992076,440.0000,507.0000,0.0000,-7.2500,False,jump,True
2950,1791553383.008742,440.0000,500.2500,0.0000,-6.7500,False,jump,True
2951,1791553383.025409,440.0000,494.0000,0.0000,-6.2500,False,jump,True
2952,1791553383.042076,440.0000,488.2500,0.0000,-5.7500,False,left+jump,True
2953,1791553383.058742,440.0000,483.0000,0.0000,-5.2500,False,left+jump,True
2954,1791553383.075409,440.0000,478.2500,0.0000,-4.7500,False,left+jump,True
2955,1791553383.092076,440.0000,474.0000,0.0000,-4.2500,False,left+jump,True
2956,1791553383.108742,440.0000,470.2500,0.0000,-3.7500,False,left+jump,True
2957,1791553383.125409,440.0000,467.0000,0.0000,-3.2500,False,left+jump,True
2958,1791553383.142076,440.0000,464.2500,0.0000,-2.7500,False,left+jump,True
2959,1791553383.158742,440.0000,462.0000,0.0000,-2.2500,False,left+jump,True
2960,1791553383.175409,440.0000,460.2500,0.0000,-1.7500,False,left+jump,True
2961,1791553383.192075,440.0000,459.0000,0.0000,-1.2500,False,left+jump,True
2962,1791553383.208742,440.0000,458.2500,0.0000,-0.7500,False,left+jump,True
2963,1791553383.225409,440.0000,458.0000,0.0000,-0.2500,False,left+jump,True
2964,1791553383.242076,440.0000,458.2500,0.0000,0.2500,False,left+jump,True
2965,1791553383.258742,440.0000,459.0000,0.0000,0.7500,False,left+jump,True
2966,1791553383.275409,440.0000,460.2500,0.0000,1.2500,False,left+jump,True
2967,1791553383.292076,440.0000,462.0000,0.0000,1.7500,False,left+jump,True
2968,1791553383.308742,440.0000,464.2500,0.0000,2.2500,False,left+jump,True
2969,1791553383.325409,440.0000,467.0000,0.0000,2.7500,False,left+jump,True
2970,1791553383.342076,440.0000,470.2500,0.0000,3.2500,False,left+jump,True
2971,1791553383.358742,440.0000,474.0000,0.0000,3.7500,False,left+jump,True
2972,1791553383.375409,440.0000,478.2500,0.0000,4.2500,False,left+jump,True
2973,1791553383.392076,440.0000,483.0000,0.0000,4.7500,False,left+jump,True
2974,1791553383.408742,440.0000,488.2500,0.0000,5.2500,False,left+jump,True
2975,1791553383.425409,440.0000,494.0000,0.0000,5.7500,False,left+jump,True
2976,1791553383.442075,440.8000,500.2500,0.8000,6.2500,False,right+jump,True
2977,1791553383.458742,442.4000,507.0000,1.6000,6.7500,False,right+jump,False
2978,1791553383.475409,443.2000,514.2500,0.8000,7.2500,False,left+jump,False
2979,1791553383.492076,443.2000,522.0000,0.0000,7.7500,False,left+jump,False
2980,1791553383.508742,442.4000,530.2500,-0.8000,8.2500,False,left+jump,False
2981,1791553383.525409,440.8000,539.0000,-1.6000,8.7500,False,left+jump,True
2982,1791553383.542076,440.0000,548.2500,0.0000,9.2500,False,left+jump,True
2983,1791553383.558742,440.0000,558.0000,0.0000,9.7500,False,left+jump,True
2984,1791553383.575409,440.0000,558.0000,0.0000,0.0000,True,left+jump,True
2985,1791553383.592076,440.0000,548.2500,0.0000,-9.7500,False,left+jump,True
2986,1791553383.608742,440.0000,539.0000,0.0000,-9.2500,False,jump,True
2987,1791553383.625409,440.0000,530.2500,0.0000,-8.7500,False,jump,True
2988,1791553383.642076,440.0000,522.0000,0.0000,-8.2500,False,jump,True
2989,1791553383.658742,440.0000,514.2500,0.0000,-7.7500,False,jump,True
2990,1791553383.675409,440.8000,507.0000,0.8000,-7.2500,False,right,True
2991,1791553383.692075,442.4000,500.2500,1.6000,-6.7500,False,right,False
2992,1791553383.708742,444.8000,494.0000,2.4000,-6.2500,False,right,False
2993,1791553383.725409,448.0000,488.2500,3.2000,-5.7500,False,right,True
2994,1791553383.742076,448.0000,483.0000,0.0000,-5.2500,False,right,True
2995,1791553383.758742,447.2000,478.2500,-0.8000,-4.7500,False,left+jump,True
2996,1791553383.775409,445.6000,474.0000,-1.6000,-4.2500,False,left+jump,False
2997,1791553383.792076,443.2000,470.2500,-2.4000,-3.7500,False,left+jump,False
2998,1791553383.808742,440.0000,467.0000,-3.2000,-3.2500,False,left+jump,True
2999,1791553383.825409,440.0000,464.2500,0.0000,-2.7500,False,left+jump,True
3000,1791553383.842076,440.0000,462.0000,0.0000,-2.2500,False,left+jump,True
3001,1791553383.858742,440.0000,460.2500,0.0000,-1.7500,False,left+jump,True
3002,1791553383.875409,440.0000,459.0000,0.0000,-1.2500,False,left+jump,True
3003,1791553383.892076,440.8000,458.2500,0.8000,-0.7500,False,right,True
3004,1791553383.908742,442.4000,458.0000,1.6000,-0.2500,False,right,False
3005,1791553383.925409,444.8000,458.2500,2.4000,0.2500,False,right,False
3006,1791553383.942075,448.0000,459.0000,3.2000,0.7500,False,right,True
3007,1791553383.958742,448.0000,460.2500,0.0000,1.2500,False,right,True
3008,1791553383.975409,448.0000,462.0000,0.0000,1.7500,False,right,True
3009,1791553383.992076,447.2000,464.2500,-0.8000,2.2500,False,left+jump,True
3010,1791553384.008742,445.6000,467.0000,-1.6000,2.7500,False,left+jump,False
3011,1791553384.025409,443.2000,470.2500,-2.4000,3.2500,False,left+jump,False
3012,1791553384.042076,440.0000,474.0000,-3.2000,3.7500,False,left+jump,True
3013,1791553384.058742,440.0000,478.2500,0.0000,4.2500,False,left+jump,True
3014,1791553384.075409,440.8000,483.0000,0.8000,4.7500,False,right+jump,True
3015,1791553384.092076,442.4000,488.2500,1.6000,5.2500,False,right+jump,False
3016,1791553384.108742,444.8000,494.0000,2.4000,5.7500,False,right+jump,False
3017,1791553384.125409,448.0000,500.2500,3.2000,6.2500,False,right+jump,True
3018,1791553384.142076,448.0000,507.0000,0.0000,6.7500,False,right+jump,True
3019,1791553384.158742,448.0000,514.2500,0.0000,7.2500,False,right+jump,True
3020,1791553384.175409,448.0000,522.0000,0.0000,7.7500,False,right+jump,True
3021,1791553384.192075,448.0000,530.2500,0.0000,8.2500,False,right+jump,True
3022,1791553384.208742,448.0000,539.0000,0.0000,8.7500,False,right+jump,True
3023,1791553384.225409,447.2000,548.2500,-0.8000,9.2500,False,left,True
3024,1791553384.242076,445.6000,558.0000,-1.6000,9.7500,False,left,True
3025,1791553384.258742,443.2000,558.0000,-2.4000,0.0000,True,left+jump,True
3026,1791553384.275409,440.0000,548.2500,-3.2000,-9.7500,False,left+jump,True
3027,1791553384.292076,440.0000,539.0000,0.0000,-9.2500,False,left+jump,True
3028,1791553384.308742,440.0000,530.2500,0.0000,-8.7500,False,left+jump,True
3029,1791553384.325409,440.0000,522.0000,0.0000,-8.2500,False,left+jump,True
3030,1791553384.342076,440.0000,514.2500,0.0000,-7.7500,False,left+jump,True
3031,1791553384.358742,440.0000,507.0000,0.0000,-7.2500,False,left+jump,True
3032,1791553384.375409,440.0000,500.2500,0.0000,-6.7500,False,left+jump,True
3033,1791553384.392076,440.0000,494.0000,0.0000,-6.2500,False,left+jump,True
3034,1791553384.408742,440.0000,488.2500,0.0000,-5.7500,False,left,True
3035,1791553384.425409,440.0000,483.0000,0.0000,-5.2500,False,left,True
3036,1791553384.442075,440.0000,478.2500,0.0000,-4.7500,False,left,True
3037,1791553384.458742,440.0000,474.0000,0.0000,-4.2500,False,left,True
3038,1791553384.475409,440.0000,470.2500,0.0000,-3.7500,False,left+jump,True
3039,1791553384.492076,440.0000,467.0000,0.0000,-3.2500,False,left+jump,True
3040,1791553384.508742,440.0000,464.2500,0.0000,-2.7500,False,left+jump,True
3041,1791553384.525409,440.0000,462.0000,0.0000,-2.2500,False,left+jump,True
3042,1791553384.542076,440.0000,460.2500,0.0000,-1.7500,False,left+jump,True
3043,1791553384.558742,440.0000,459.0000,0.0000,-1.2500,False,left+jump,True
3044,1791553384.575409,440.0000,458.2500,0.0000,-0.7500,False,left+jump,True
3045,1791553384.592076,440.0000,458.0000,0.0000,-0.2500,False,left+jump,True
3046,1791553384.608742,440.0000,458.2500,0.0000,0.2500,False,left,True
3047,1791553384.625409,440.0000,459.0000,0.0000,0.7500,False,left,True
3048,1791553384.642076,440.0000,460.2500,0.0000,1.2500,False,left,True
3049,1791553384.658742,440.0000,462.0000,0.0000,1.7500,False,jump,True
3050,1791553384.675409,440.0000,464.2500,0.0000,2.2500,False,jump,True
3051,1791553384.692075,440.0000,467.0000,0.0000,2.7500,False,jump,True
3052,1791553384.708742,440.0000,470.2500,0.0000,3.2500,False,left+jump,True
3053,1791553384.725409,440.0000,474.0000,0.0000,3.7500,False,left+jump,True
3054,1791553384.742076,440.0000,478.2500,0.0000,4.2500,False,left+jump,True
3055,1791553384.758742,440.0000,483.0000,0.0000,4.7500,False,left+jump,True
3056,1791553384.775409,440.0000,488.2500,0.0000,5.2500,False,left+jump,True
3057,1791553384.792076,440.0000,494.0000,0.0000,5.7500,False,left+jump,True
3058,1791553384.808742,440.0000,500.2500,0.0000,6.2500,False,left+jump,True
3059,1791553384.825409,440.0000,507.0000,0.0000,6.7500,False,left+jump,True
3060,1791553384.842076,440.0000,514.2500,0.0000,7.2500,False,left+jump,True
3061,1791553384.858742,440.0000,522.0000,0.0000,7.7500,False,left+jump,True
3062,1791553384.875409,440.0000,530.2500,0.0000,8.2500,False,left,True
3063,1791553384.892076,440.0000,539.0000,0.0000,8.7500,False,left,True
3064,1791553384.908742,440.0000,548.2500,0.0000,9.2500,False,left+jump,True
3065,1791553384.925409,440.0000,558.0000,0.0000,9.7500,False,left+jump,True
3066,1791553384.942075,440.0000,558.0000,0.0000,0.0000,True,left+jump,True
3067,1791553384.958742,440.0000,548.2500,0.0000,-9.7500,False,left+jump,True
3068,1791553384.975409,440.0000,539.0000,0.0000,-9.2500,False,left+jump,True
3069,1791553384.992076,440.0000,530.2500,0.0000,-8.7500,False,left+jump,True
3070,1791553385.008742,440.0000,522.0000,0.0000,-8.2500,False,left+jump,True
3071,1791553385.025409,440.0000,514.2500,0.0000,-7.7500,False,left+jump,True
3072,1791553385.042076,440.0000,507.0000,0.0000,-7.2500,False,left+jump,True
3073,1791553385.058742,440.0000,500.2500,0.0000,-6.7500,False,left+jump,True
3074,1791553385.075409,440.0000,494.0000,0.0000,-6.2500,False,left+jump,True
3075,1791553385.092076,440.8000,488.2500,0.8000,-5.7500,False,right+jump,True
3076,1791553385.108742,442.4000,483.0000,1.6000,-5.2500,False,right+jump,False
3077,1791553385.125409,444.8000,478.2500,2.4000,-4.7500,False,right+jump,False
3078,1791553385.142076,446.4000,474.0000,1.6000,-4.2500,False,left,False
3079,1791553385.158742,447.2000,470.2500,0.8000,-3.7500,False,left,True
3080,1791553385.175409,447.2000,467.0000,0.0000,-3.2500,False,left,True
3081,1791553385.192075,448.0000,464.2500,0.0000,-2.7500,False,right,True
3082,1791553385.208742,448.0000,462.0000,0.0000,-2.2500,False,right,True
3083,1791553385.225409,448.0000,460.2500,0.0000,-1.7500,False,right,True
3084,1791553385.242076,448.0000,459.0000,0.0000,-1.2500,False,right,True
3085,1791553385.258742,448.0000,458.2500,0.0000,-0.7500,False,right,True
3086,1791553385.275409,447.2000,458.0000,-0.8000,-0.2500,False,left,True
3087,1791553385.292076,445.6000,458.2500,-1.6000,0.2500,False,left,False
3088,1791553385.308742,443.2000,459.0000,-2.4000,0.7500,False,left,False
3089,1791553385.325409,440.0000,460.2500,-3.2000,1.2500,False,left,True
3090,1791553385.342076,440.0000,462.0000,0.0000,1.7500,False,left,True
3091,1791553385.358742,440.0000,464.2500,0.0000,2.2500,False,left,True
3092,1791553385.375409,440.0000,467.0000,0.0000,2.7500,False,left,True
3093,1791553385.392076,440.0000,470.2500,0.0000,3.2500,False,left,True
3094,1791553385.408742,440.0000,474.0000,0.0000,3.7500,False,left,True
3095,1791553385.425409,440.0000,478.2500,0.0000,4.2500,False,left,True
3096,1791553385.442075,440.0000,483.0000,0.0000,4.7500,False,left,True
3097,1791553385.458742,440.0000,488.2500,0.0000,5.2500,False,left,True
3098,1791553385.475409,440.0000,494.0000,0.0000,5.7500,False,left,True
3099,1791553385.492076,440.0000,500.2500,0.0000,6.2500,False,left,True
3100,1791553385.508742,440.8000,507.0000,0.8000,6.7500,False,right+jump,True
3101,1791553385.525409,442.4000,514.2500,1.6000,7.2500,False,right+jump,False
3102,1791553385.542076,444.8000,522.0000,2.4000,7.7500,False,right+jump,False
3103,1791553385.558742,447.2000,530.2500,2.4000,8.2500,False,jump,True
3104,1791553385.575409,448.0000,539.0000,0.0000,8.7500,False,jump,True
3105,1791553385.592076,448.0000,548.2500,0.0000,9.2500,False,jump,True
3106,1791553385.608742,448.0000,558.0000,0.0000,9.7500,False,jump,True
3107,1791553385.625409,448.0000,558.0000,0.0000,0.0000,True,jump,True
3108,1791553385.642076,448.0000,548.2500,0.0000,-9.7500,False,jump,True
3109,1791553385.658742,447.2000,539.0000,-0.8000,-9.2500,False,left,True
3110,1791553385.675409,445.6000,530.2500,-1.6000,-8.7500,False,left,False
3111,1791553385.692075,443.2000,522.0000,-2.4000,-8.2500,False,left,False
3112,1791553385.708742,440.0000,514.2500,-3.2000,-7.7500,False,left,True
3113,1791553385.725409,440.0000,507.0000,0.0000,-7.2500,False,left+jump,True
3114,1791553385.742076,440.0000,500.2500,0.0000,-6.7500,False,left+jump,True
3115,1791553385.758742,440.0000,494.0000,0.0000,-6.2500,False,left+jump,True
3116,1791553385.775409,440.0000,488.2500,0.0000,-5.7500,False,left+jump,True
3117,1791553385.792076,440.0000,483.0000,0.0000,-5.2500,False,left+jump,True
3118,1791553385.808742,440.0000,478.2500,0.0000,-4.7500,False,left+jump,True
3119,1791553385.825409,440.0000,474.0000,0.0000,-4.2500,False,left+jump,True
3120,1791553385.842076,440.0000,470.2500,0.0000,-3.7500,False,left+jump,True
3121,1791553385.858742,440.0000,467.0000,0.0000,-3.2500,False,left+jump,True
3122,1791553385.875409,440.0000,464.2500,0.0000,-2.7500,False,left+jump,True
3123,1791553385.892076,440.0000,462.0000,0.0000,-2.2500,False,left+jump,True
3124,1791553385.908742,440.0000,460.2500,0.0000,-1.7500,False,left+jump,True
3125,1791553385.925409,440.0000,459.0000,0.0000,-1.2500,False,left+jump,True
3126,1791553385.942075,440.0000,458.2500,0.0000,-0.7500,False,left+jump,True
3127,1791553385.958742,440.0000,458.0000,0.0000,-0.2500,False,left+jump,True
3128,1791553385.975409,440.0000,458.2500,0.0000,0.2500,False,left+jump,True
3129,1791553385.992076,440.0000,459.0000,0.0000,0.7500,False,left+jump,True
3130,1791553386.008742,440.0000,460.2500,0.0000,1.2500,False,left+jump,True
3131,1791553386.025409,440.0000,462.0000,0.0000,1.7500,False,jump,True
3132,1791553386.042076,440.0000,464.2500,0.0000,2.2500,False,jump,True
3133,1791553386.058742,440.0000,467.0000,0.0000,2.7500,False,left,True
3134,1791553386.075409,440.0000,470.2500,0.0000,3.2500,False,left,True
3135,1791553386.092076,440.0000,474.0000,0.0000,3.7500,False,left,True
3136,1791553386.108742,440.0000,478.2500,0.0000,4.2500,False,left+jump,True
3137,1791553386.125409,440.0000,483.0000,0.0000,4.7500,False,left+jump,True
3138,1791553386.142076,440.0000,488.2500,0.0000,5.2500,False,left+jump,True
3139,1791553386.158742,440.0000,494.0000,0.0000,5.7500,False,left+jump,True
3140,1791553386.175409,440.0000,500.2500,0.0000,6.2500,False,left+jump,True
3141,1791553386.192075,440.0000,507.0000,0.0000,6.7500,False,left+jump,True
3142,1791553386.208742,440.8000,514.2500,0.8000,7.2500,False,right,True
3143,1791553386.225409,442.4000,522.0000,1.6000,7.7500,False,right,False
3144,1791553386.242076,444.8000,530.2500,2.4000,8.2500,False,right,False
3145,1791553386.258742,448.0000,539.0000,3.2000,8.7500,False,right,True
3146,1791553386.275409,448.0000,548.2500,0.0000,9.2500,False,right,True
3147,1791553386.292076,448.0000,558.0000,0.0000,9.7500,False,right,True
3148,1791553386.308742,447.2000,558.0000,-0.8000,0.0000,True,left+jump,True
3149,1791553386.325409,445.6000,548.2500,-1.6000,-9.7500,False,left+jump,False
3150,1791553386.342076,443.2000,539.0000,-2.4000,-9.2500,False,left+jump,False
3151,1791553386.358742,440.0000,530.2500,-3.2000,-8.7500,False,left,True
3152,1791553386.375409,440.0000,522.0000,0.0000,-8.2500,False,left,True
3153,1791553386.392076,440.0000,514.2500,0.0000,-7.7500,False,left,True
3154,1791553386.408742,440.0000,507.0000,0.0000,-7.2500,False,left,True
3155,1791553386.425409,440.8000,500.2500,0.8000,-6.7500,False,right+jump,True
3156,1791553386.442075,442.4000,494.0000,1.6000,-6.2500,False,right+jump,False
3157,1791553386.458742,444.8000,488.2500,2.4000,-5.7500,False,right+jump,False
3158,1791553386.475409,448.0000,483.0000,3.2000,-5.2500,False,right+jump,True
3159,1791553386.492076,448.0000,478.2500,0.0000,-4.7500,False,right+jump,True
3160,1791553386.508742,448.0000,474.0000,0.0000,-4.2500,False,right+jump,True
3161,1791553386.525409,448.0000,470.2500,0.0000,-3.7500,False,right+jump,True
3162,1791553386.542076,448.0000,467.0000,0.0000,-3.2500,False,right+jump,True
3163,1791553386.558742,448.0000,464.2500,0.0000,-2.7500,False,right+jump,True
3164,1791553386.575409,447.2000,462.0000,-0.8000,-2.2500,False,left,True
3165,1791553386.592076,445.6000,460.2500,-1.6000,-1.7500,False,left,False
3166,1791553386.608742,443.2000,459.0000,-2.4000,-1.2500,False,left,False
3167,1791553386.625409,440.0000,458.2500,-3.2000,-0.7500,False,left,True
3168,1791553386.642076,440.0000,458.0000,0.0000,-0.2500,False,left,True
3169,1791553386.658742,440.0000,458.2500,0.0000,0.2500,False,jump,True
3170,1791553386.675409,440.0000,459.0000,0.0000,0.7500,False,jump,True
3171,1791553386.692075,440.0000,460.2500,0.0000,1.2500,False,jump,True
3172,1791553386.708742,440.0000,462.0000,0.0000,1.7500,False,left+jump,True
3173,1791553386.725409,440.0000,464.2500,0.0000,2.2500,False,left+jump,True
3174,1791553386.742076,440.0000,467.0000,0.0000,2.7500,False,left+jump,True
3175,1791553386.758742,440.0000,470.2500,0.0000,3.2500,False,left+jump,True
3176,1791553386.775409,440.0000,474.0000,0.0000,3.7500,False,left+jump,True
3177,1791553386.792076,440.0000,478.2500,0.0000,4.2500,False,left+jump,True
3178,1791553386.808742,440.0000,483.0000,0.0000,4.7500,False,left+jump,True
3179,1791553386.825409,440.0000,488.2500,0.0000,5.2500,False,left+jump,True
3180,1791553386.842076,440.0000,494.0000,0.0000,5.7500,False,left+jump,True
3181,1791553386.858742,440.0000,500.2500,0.0000,6.2500,False,left+jump,True
3182,1791553386.875409,440.0000,507.0000,0.0000,6.7500,False,left+jump,True
3183,1791553386.892076,440.0000,514.2500,0.0000,7.2500,False,left+jump,True
3184,1791553386.908742,440.0000,522.0000,0.0000,7.7500,False,left+jump,True
3185,1791553386.925409,440.0000,530.2500,0.0000,8.2500,False,left+jump,True
3186,1791553386.942075,440.0000,539.0000,0.0000,8.7500,False,left+jump,True
3187,1791553386.958742,440.0000,548.2500,0.0000,9.2500,False,left+jump,True
3188,1791553386.975409,440.0000,558.0000,0.0000,9.7500,False,left,True
3189,1791553386.992076,440.0000,558.0000,0.0000,0.0000,True,left,True
3190,1791553387.008742,440.0000,558.0000,0.0000,0.0000,True,left,True
3191,1791553387.025409,440.0000,548.2500,0.0000,-9.7500,False,left+jump,True
3192,1791553387.042076,440.0000,539.0000,0.0000,-9.2500,False,left+jump,True
3193,1791553387.058742,39.2000,404.5000,-0.8000,0.5000,False,left+jump,False
3194,1791553387.075409,37.6000,405.5000,-1.6000,1.0000,False,left,False
3195,1791553387.092076,35.2000,407.0000,-2.4000,1.5000,False,left,False
3196,1791553387.108742,32.0000,408.0000,-3.2000,0.0000,True,left,True
3197,1791553387.125409,28.0000,408.0000,-4.0000,0.0000,True,left,True
3198,1791553387.142076,23.2000,408.0000,-4.8000,0.0000,True,left,True
3199,1791553387.158742,17.6000,408.0000,-5.6000,0.0000,True,left,True
3200,1791553387.175409,16.0000,408.0000,0.0000,0.0000,True,left,True
3201,1791553387.192075,16.0000,408.0000,0.0000,0.0000,True,left,True
3202,1791553387.208742,16.0000,408.0000,0.0000,0.0000,True,left,True
3203,1791553387.225409,16.8000,398.2500,0.8000,-9.7500,False,right+jump,True
3204,1791553387.242076,18.4000,389.0000,1.6000,-9.2500,False,right+jump,False
3205,1791553387.258742,19.2000,380.2500,0.8000,-8.7500,False,left+jump,False
3206,1791553387.275409,19.2000,372.0000,0.0000,-8.2500,False,left+jump,False
3207,1791553387.292076,18.4000,364.2500,-0.8000,-7.7500,False,left+jump,False
3208,1791553387.308742,16.8000,357.0000,-1.6000,-7.2500,False,left+jump,True
3209,1791553387.325409,16.0000,350.2500,0.0000,-6.7500,False,left+jump,True
3210,1791553387.342076,16.0000,344.0000,0.0000,-6.2500,False,left+jump,True
3211,1791553387.358742,16.0000,338.2500,0.0000,-5.7500,False,left+jump,True
3212,1791553387.375409,16.0000,333.0000,0.0000,-5.2500,False,left+jump,True
3213,1791553387.392076,16.0000,328.2500,0.0000,-4.7500,False,left+jump,True
3214,1791553387.408742,16.0000,324.0000,0.0000,-4.2500,False,left+jump,True
3215,1791553387.425409,16.0000,320.2500,0.0000,-3.7500,False,left+jump,True
3216,1791553387.442075,16.0000,317.0000,0.0000,-3.2500,False,left+jump,True
3217,1791553387.458742,16.0000,314.2500,0.0000,-2.7500,False,left+jump,True
3218,1791553387.475409,16.0000,312.0000,0.0000,-2.2500,False,left+jump,True
3219,1791553387.492076,16.0000,310.2500,0.0000,-1.7500,False,left+jump,True
3220,1791553387.508742,16.0000,309.0000,0.0000,-1.2500,False,left+jump,True
3221,1791553387.525409,16.0000,308.2500,0.0000,-0.7500,False,left+jump,True
3222,1791553387.542076,16.0000,308.0000,0.0000,-0.2500,False,left+jump,True
3223,1791553387.558742,16.0000,308.2500,0.0000,0.2500,False,left+jump,True
3224,1791553387.575409,16.8000,309.0000,0.8000,0.7500,False,right,True
3225,1791553387.592076,18.4000,310.2500,1.6000,1.2500,False,right,False
3226,1791553387.608742,20.8000,312.0000,2.4000,1.7500,False,right,False
3227,1791553387.625409,24.0000,314.2500,3.2000,2.2500,False,right,False
3228,1791553387.642076,28.0000,317.0000,4.0000,2.7500,False,right,False
3229,1791553387.658742,31.2000,320.2500,3.2000,3.2500,False,left+jump,False
3230,1791553387.675409,33.6000,324.0000,2.4000,3.7500,False,left+jump,False
3231,1791553387.692075,35.2000,328.2500,1.6000,4.2500,False,left+jump,False
3232,1791553387.708742,36.8000,333.0000,1.6000,4.7500,False,jump,False
3233,1791553387.725409,38.4000,338.2500,1.6000,5.2500,False,jump,False
3234,1791553387.742076,40.0000,344.0000,1.6000,5.7500,False,jump,False
3235,1791553387.758742,40.8000,350.2500,0.8000,6.2500,False,left+jump,False
3236,1791553387.775409,40.8000,357.0000,0.0000,6.7500,False,left+jump,False
3237,1791553387.792076,40.0000,364.2500,-0.8000,7.2500,False,left+jump,False
3238,1791553387.808742,38.4000,372.0000,-1.6000,7.7500,False,left+jump,False
3239,1791553387.825409,36.0000,380.2500,-2.4000,8.2500,False,left+jump,False
3240,1791553387.842076,32.8000,389.0000,-3.2000,8.7500,False,left,False
3241,1791553387.858742,28.8000,398.2500,-4.0000,9.2500,False,left,False
3242,1791553387.875409,24.0000,408.0000,-4.8000,9.7500,False,left+jump,True
3243,1791553387.892076,18.4000,408.0000,-5.6000,0.0000,True,left+jump,True
3244,1791553387.908742,16.0000,398.2500,0.0000,-9.7500,False,left+jump,True
3245,1791553387.925409,16.0000,389.0000,0.0000,-9.2500,False,left+jump,True
3246,1791553387.942075,16.0000,380.2500,0.0000,-8.7500,False,left+jump,True
3247,1791553387.958742,16.0000,372.0000,0.0000,-8.2500,False,left,True
3248,1791553387.975409,16.0000,364.2500,0.0000,-7.7500,False,left,True
3249,1791553387.992076,16.0000,357.0000,0.0000,-7.2500,False,left,True
3250,1791553388.008742,16.0000,350.2500,0.0000,-6.7500,False,left,True
3251,1791553388.025409,16.0000,344.0000,0.0000,-6.2500,False,left,True
3252,1791553388.042076,16.0000,338.2500,0.0000,-5.7500,False,left,True
3253,1791553388.058742,16.0000,333.0000,0.0000,-5.2500,False,left,True
3254,1791553388.075409,16.0000,328.2500,0.0000,-4.7500,False,left,True
3255,1791553388.092076,16.0000,324.0000,0.0000,-4.2500,False,left+jump,True
3256,1791553388.108742,16.0000,320.2500,0.0000,-3.7500,False,left+jump,True
3257,1791553388.125409,16.0000,317.0000,0.0000,-3.2500,False,left+jump,True
3258,1791553388.142076,16.0000,314.2500,0.0000,-2.7500,False,left+jump,True
3259,1791553388.158742,16.0000,312.0000,0.0000,-2.2500,False,left+jump,True
3260,1791553388.175409,16.0000,310.2500,0.0000,-1.7500,False,left+jump,True
3261,1791553388.192075,16.0000,309.0000,0.0000,-1.2500,False,left+jump,True
3262,1791553388.208742,16.0000,308.2500,0.0000,-0.7500,False,left+jump,True
3263,1791553388.225409,16.0000,308.0000,0.0000,-0.2500,False,left+jump,True
3264,1791553388.242076,16.8000,308.2500,0.8000,0.2500,False,right+jump,True
3265,1791553388.258742,18.4000,309.0000,1.6000,0.7500,False,right+jump,False
3266,1791553388.275409,19.2000,310.2500,0.8000,1.2500,False,left,False
3267,1791553388.292076,19.2000,312.0000,0.0000,1.7500,False,left,False
3268,1791553388.308742,19.2000,314.2500,0.0000,2.2500,False,jump,False
3269,1791553388.325409,19.2000,317.0000,0.0000,2.7500,False,jump,False
3270,1791553388.342076,19.2000,320.2500,0.0000,3.2500,False,jump,False
3271,1791553388.358742,18.4000,324.0000,-0.8000,3.7500,False,left+jump,False
3272,1791553388.375409,16.8000,328.2500,-1.6000,4.2500,False,left+jump,True
3273,1791553388.392076,16.0000,333.0000,0.0000,4.7500,False,left+jump,True
3274,1791553388.408742,16.0000,338.2500,0.0000,5.2500,False,left+jump,True
3275,1791553388.425409,16.0000,344.0000,0.0000,5.7500,False,left+jump,True
3276,1791553388.442075,16.0000,350.2500,0.0000,6.2500,False,left,True
3277,1791553388.458742,16.0000,357.0000,0.0000,6.7500,False,left,True
3278,1791553388.475409,16.0000,364.2500,0.0000,7.2500,False,left,True
3279,1791553388.492076,16.0000,372.0000,0.0000,7.7500,False,left,True
3280,1791553388.508742,16.0000,380.2500,0.0000,8.2500,False,left,True
3281,1791553388.525409,16.0000,389.0000,0.0000,8.7500,False,left+jump,True
3282,1791553388.542076,16.0000,398.2500,0.0000,9.2500,False,left+jump,True
3283,1791553388.558742,16.0000,408.0000,0.0000,9.7500,False,left+jump,True
3284,1791553388.575409,16.0000,408.0000,0.0000,0.0000,True,left+jump,True
3285,1791553388.592076,16.0000,398.2500,0.0000,-9.7500,False,left+jump,True
3286,1791553388.608742,16.0000,389.0000,0.0000,-9.2500,False,left+jump,True
3287,1791553388.625409,16.0000,380.2500,0.0000,-8.7500,False,jump,True
3288,1791553388.642076,16.0000,372.0000,0.0000,-8.2500,False,jump,True
3289,1791553388.658742,16.0000,364.2500,0.0000,-7.7500,False,jump,True
3290,1791553388.675409,16.0000,357.0000,0.0000,-7.2500,False,jump,True
3291,1791553388.692075,16.0000,350.2500,0.0000,-6.7500,False,left,True
3292,1791553388.708742,16.0000,344.0000,0.0000,-6.2500,False,left,True
3293,1791553388.725409,16.0000,338.2500,0.0000,-5.7500,False,left,True
3294,1791553388.742076,16.0000,333.0000,0.0000,-5.2500,False,left,True
3295,1791553388.758742,16.0000,328.2500,0.0000,-4.7500,False,left,True
3296,1791553388.775409,16.8000,324.0000,0.8000,-4.2500,False,right,True
3297,1791553388.792076,18.4000,320.2500,1.6000,-3.7500,False,right,False
3298,1791553388.808742,20.8000,317.0000,2.4000,-3.2500,False,right,False
3299,1791553388.825409,24.0000,314.2500,3.2000,-2.7500,False,right,False
3300,1791553388.842076,28.0000,312.0000,4.0000,-2.2500,False,right,False
3301,1791553388.858742,32.8000,310.2500,4.8000,-1.7500,False,right,False
3302,1791553388.875409,38.4000,309.0000,5.6000,-1.2500,False,right,False
3303,1791553388.892076,43.2000,308.2500,4.8000,-0.7500,False,left,False
3304,1791553388.908742,47.2000,308.0000,4.0000,-0.2500,False,left,False
3305,1791553388.925409,50.4000,308.2500,3.2000,0.2500,False,left,False
3306,1791553388.942075,52.8000,309.0000,2.4000,0.7500,False,left,False
3307,1791553388.958742,54.4000,310.2500,1.6000,1.2500,False,left,False
3308,1791553388.975409,55.2000,312.0000,0.8000,1.7500,False,left,False
3309,1791553388.992076,55.2000,314.2500,0.0000,2.2500,False,left+jump,False
3310,1791553389.008742,54.4000,317.0000,-0.8000,2.7500,False,left+jump,False
3311,1791553389.025409,52.8000,320.2500,-1.6000,3.2500,False,left+jump,False
3312,1791553389.042076,50.4000,324.0000,-2.4000,3.7500,False,left+jump,False
3313,1791553389.058742,47.2000,328.2500,-3.2000,4.2500,False,left+jump,False
3314,1791553389.075409,43.2000,333.0000,-4.0000,4.7500,False,left+jump,False
3315,1791553389.092076,38.4000,338.2500,-4.8000,5.2500,False,left+jump,False
3316,1791553389.108742,32.8000,344.0000,-5.6000,5.7500,False,left+jump,False
3317,1791553389.125409,26.8000,350.2500,-6.0000,6.2500,False,left+jump,False
3318,1791553389.142076,20.8000,357.0000,-6.0000,6.7500,False,left+jump,False
3319,1791553389.158742,16.0000,364.2500,0.0000,7.2500,False,left+jump,True
3320,1791553389.175409,16.0000,372.0000,0.0000,7.7500,False,left+jump,True
3321,1791553389.192075,16.0000,380.2500,0.0000,8.2500,False,left+jump,True
3322,1791553389.208742,16.0000,389.0000,0.0000,8.7500,False,left+jump,True
3323,1791553389.225409,16.0000,398.2500,0.0000,9.2500,False,left+jump,True
3324,1791553389.242076,16.0000,408.0000,0.0000,9.7500,False,left+jump,True
3325,1791553389.258742,16.8000,408.0000,0.8000,0.0000,True,right,True
3326,1791553389.275409,18.4000,408.0000,1.6000,0.0000,True,right,True
3327,1791553389.292076,20.8000,408.0000,2.4000,0.0000,True,right,True
3328,1791553389.308742,24.0000,408.0000,3.2000,0.0000,True,right,True
3329,1791553389.325409,28.0000,408.0000,4.0000,0.0000,True,right,True
3330,1791553389.342076,31.2000,408.0000,3.2000,0.0000,True,left,True
3331,1791553389.358742,33.6000,408.0000,2.4000,0.0000,True,left,True
3332,1791553389.375409,35.2000,408.0000,1.6000,0.0000,True,left,True
3333,1791553389.392076,36.0000,408.0000,0.8000,0.0000,True,left,True
3334,1791553389.408742,37.6000,408.0000,1.6000,0.0000,True,right,True
3335,1791553389.425409,40.0000,408.0000,2.4000,0.0000,True,right,True
3336,1791553389.442075,41.6000,398.2500,1.6000,-9.7500,False,left+jump,False
3337,1791553389.458742,42.4000,389.0000,0.8000,-9.2500,False,left+jump,False
3338,1791553389.475409,42.4000,380.2500,0.0000,-8.7500,False,left+jump,False
3339,1791553389.492076,41.6000,372.0000,-0.8000,-8.2500,False,left+jump,False
3340,1791553389.508742,40.0000,364.2500,-1.6000,-7.7500,False,left+jump,False
3341,1791553389.525409,37.6000,357.0000,-2.4000,-7.2500,False,left+jump,False
3342,1791553389.542076,34.4000,350.2500,-3.2000,-6.7500,False,left+jump,False
3343,1791553389.558742,30.4000,344.0000,-4.0000,-6.2500,False,left+jump,False
3344,1791553389.575409,25.6000,338.2500,-4.8000,-5.7500,False,left+jump,False
3345,1791553389.592076,20.0000,333.0000,-5.6000,-5.2500,False,left+jump,False
3346,1791553389.608742,16.0000,328.2500,0.0000,-4.7500,False,right+jump,True
3347,1791553389.625409,16.8000,324.0000,0.8000,-4.2500,False,right+jump,True
3348,1791553389.642076,18.4000,320.2500,1.6000,-3.7500,False,right+jump,False
3349,1791553389.658742,20.8000,317.0000,2.4000,-3.2500,False,right+jump,False
3350,1791553389.675409,24.0000,314.2500,3.2000,-2.7500,False,right+jump,False
3351,1791553389.692075,27.2000,312.0000,3.2000,-2.2500,False,jump,False
3352,1791553389.708742,30.4000,310.2500,3.2000,-1.7500,False,jump,False
3353,1791553389.725409,33.6000,309.0000,3.2000,-1.2500,False,jump,False
3354,1791553389.742076,36.8000,308.2500,3.2000,-0.7500,False,jump,False
3355,1791553389.758742,40.0000,308.0000,3.2000,-0.2500,False,jump,False
3356,1791553389.775409,43.2000,308.2500,3.2000,0.2500,False,jump,False
3357,1791553389.792076,47.2000,309.0000,4.0000,0.7500,False,right,False
3358,1791553389.808742,52.0000,310.2500,4.8000,1.2500,False,right,False
3359,1791553389.825409,57.6000,312.0000,5.6000,1.7500,False,right,False
3360,1791553389.842076,63.6000,314.2500,6.0000,2.2500,False,right,False
3361,1791553389.858742,69.6000,317.0000,6.0000,2.7500,False,right,False
3362,1791553389.875409,75.6000,320.2500,6.0000,3.2500,False,right,False
3363,1791553389.892076,80.8000,324.0000,5.2000,3.7500,False,left+jump,False
3364,1791553389.908742,85.2000,328.2500,4.4000,4.2500,False,left+jump,False
3365,1791553389.925409,88.8000,333.0000,3.6000,4.7500,False,left+jump,False
3366,1791553389.942075,91.6000,338.2500,2.8000,5.2500,False,left+jump,False
3367,1791553389.958742,93.6000,344.0000,2.0000,5.7500,False,left+jump,False
3368,1791553389.975409,96.4000,350.2500,2.8000,6.2500,False,right+jump,False
3369,1791553389.992076,100.0000,357.0000,3.6000,6.7500,False,right+jump,False
3370,1791553390.008742,104.4000,364.2500,4.4000,7.2500,False,right+jump,False
3371,1791553390.025409,109.6000,372.0000,5.2000,7.7500,False,right+jump,False
3372,1791553390.042076,115.6000,380.2500,6.0000,8.2500,False,right+jump,False
3373,1791553390.058742,121.6000,389.0000,6.0000,8.7500,False,right+jump,False
3374,1791553390.075409,127.6000,398.2500,6.0000,9.2500,False,right,False
3375,1791553390.092076,133.6000,408.0000,6.0000,9.7500,False,right,True
3376,1791553390.108742,139.6000,408.0000,6.0000,0.0000,True,right,True
3377,1791553390.125409,145.6000,408.0000,6.0000,0.0000,True,right,True
3378,1791553390.142076,151.6000,408.0000,6.0000,0.0000,True,right,True
3379,1791553390.158742,156.8000,408.0000,5.2000,0.0000,True,left,True
3380,1791553390.175409,161.2000,408.0000,4.4000,0.0000,True,left,True
3381,1791553390.192075,164.8000,408.0000,3.6000,0.0000,True,left,True
3382,1791553390.208742,167.6000,398.2500,2.8000,-9.7500,False,left+jump,False
3383,1791553390.225409,169.6000,389.0000,2.0000,-9.2500,False,left+jump,False
3384,1791553390.242076,170.8000,380.2500,1.2000,-8.7500,False,left+jump,False
3385,1791553390.258742,171.2000,372.0000,0.4000,-8.2500,False,left+jump,False
3386,1791553390.275409,170.8000,364.2500,-0.4000,-7.7500,False,left+jump,False
3387,1791553390.292076,169.6000,357.0000,-1.2000,-7.2500,False,left,False
3388,1791553390.308742,167.6000,350.2500,-2.0000,-6.7500,False,left,False
3389,1791553390.325409,164.8000,344.0000,-2.8000,-6.2500,False,left+jump,False
3390,1791553390.342076,161.2000,338.2500,-3.6000,-5.7500,False,left+jump,False
3391,1791553390.358742,156.8000,333.0000,-4.4000,-5.2500,False,left+jump,False
3392,1791553390.375409,151.6000,328.2500,-5.2000,-4.7500,False,left+jump,False
3393,1791553390.392076,145.6000,324.0000,-6.0000,-4.2500,False,left+jump,False
3394,1791553390.408742,139.6000,320.2500,-6.0000,-3.7500,False,left+jump,False
3395,1791553390.425409,133.6000,317.0000,-6.0000,-3.2500,False,left+jump,False
3396,1791553390.442075,127.6000,314.2500,-6.0000,-2.7500,False,left+jump,False
3397,1791553390.458742,121.6000,312.0000,-6.0000,-2.2500,False,left+jump,False
3398,1791553390.475409,115.6000,310.2500,-6.0000,-1.7500,False,left,False
3399,1791553390.492076,109.6000,309.0000,-6.0000,-1.2500,False,left,False
3400,1791553390.508742,103.6000,308.2500,-6.0000,-0.7500,False,left,False
3401,1791553390.525409,97.6000,308.0000,-6.0000,-0.2500,False,left,False
3402,1791553390.542076,91.6000,308.2500,-6.0000,0.2500,False,left,False
3403,1791553390.558742,85.6000,309.0000,-6.0000,0.7500,False,left+jump,False
3404,1791553390.575409,79.6000,310.2500,-6.0000,1.2500,False,left,False
3405,1791553390.592076,73.6000,312.0000,-6.0000,1.7500,False,left,False
3406,1791553390.608742,67.6000,314.2500,-6.0000,2.2500,False,left,False
3407,1791553390.625409,61.6000,317.0000,-6.0000,2.7500,False,left,False
3408,1791553390.642076,55.6000,320.2500,-6.0000,3.2500,False,left,False
3409,1791553390.658742,49.6000,324.0000,-6.0000,3.7500,False,left,False
3410,1791553390.675409,43.6000,328.2500,-6.0000,4.2500,False,left,False
3411,1791553390.692075,37.6000,333.0000,-6.0000,4.7500,False,left,False
3412,1791553390.708742,31.6000,338.2500,-6.0000,5.2500,False,left,False
3413,1791553390.725409,25.6000,344.0000,-6.0000,5.7500,False,left,False
3414,1791553390.742076,19.6000,350.2500,-6.0000,6.2500,False,left,False
3415,1791553390.758742,16.0000,357.0000,0.0000,6.7500,False,left,True
3416,1791553390.775409,16.0000,364.2500,0.0000,7.2500,False,left+jump,True
3417,1791553390.792076,16.0000,372.0000,0.0000,7.7500,False,left+jump,True
3418,1791553390.808742,16.0000,380.2500,0.0000,8.2500,False,left+jump,True
3419,1791553390.825409,16.0000,389.0000,0.0000,8.7500,False,left+jump,True
3420,1791553390.842076,16.0000,398.2500,0.0000,9.2500,False,left+jump,True
3421,1791553390.858742,16.0000,408.0000,0.0000,9.7500,False,left+jump,True
3422,1791553390.875409,16.0000,408.0000,0.0000,0.0000,True,left+jump,True
3423,1791553390.892076,16.8000,408.0000,0.8000,0.0000,True,right,True
3424,1791553390.908742,18.4000,408.0000,1.6000,0.0000,True,right,True
3425,1791553390.925409,20.8000,408.0000,2.4000,0.0000,True,right,True
3426,1791553390.942075,24.0000,408.0000,3.2000,0.0000,True,right,True
3427,1791553390.958742,28.0000,408.0000,4.0000,0.0000,True,right,True
3428,1791553390.975409,31.2000,398.2500,3.2000,-9.7500,False,left+jump,False
3429,1791553390.992076,33.6000,389.0000,2.4000,-9.2500,False,left+jump,False
3430,1791553391.008742,35.2000,380.2500,1.6000,-8.7500,False,left+jump,False
3431,1791553391.025409,36.0000,372.0000,0.8000,-8.2500,False,left+jump,False
3432,1791553391.042076,36.0000,364.2500,0.0000,-7.7500,False,left+jump,False
3433,1791553391.058742,35.2000,357.0000,-0.8000,-7.2500,False,left+jump,False
3434,1791553391.075409,33.6000,350.2500,-1.6000,-6.7500,False,left+jump,False
3435,1791553391.092076,31.2000,344.0000,-2.4000,-6.2500,False,left+jump,False
3436,1791553391.108742,28.0000,338.2500,-3.2000,-5.7500,False,left+jump,False
3437,1791553391.125409,24.0000,333.0000,-4.0000,-5.2500,False,left+jump,False
3438,1791553391.142076,19.2000,328.2500,-4.8000,-4.7500,False,left+jump,False
3439,1791553391.158742,16.0000,324.0000,0.0000,-4.2500,False,left+jump,True
3440,1791553391.175409,16.0000,320.2500,0.0000,-3.7500,False,left+jump,True
3441,1791553391.192075,16.0000,317.0000,0.0000,-3.2500,False,left+jump,True
3442,1791553391.208742,16.0000,314.2500,0.0000,-2.7500,False,left+jump,True
3443,1791553391.225409,16.0000,312.0000,0.0000,-2.2500,False,left+jump,True
3444,1791553391.242076,16.0000,310.2500,0.0000,-1.7500,False,left+jump,True
3445,1791553391.258742,16.0000,309.0000,0.0000,-1.2500,False,left+jump,True
3446,1791553391.275409,16.0000,308.2500,0.0000,-0.7500,False,left+jump,True
3447,1791553391.292076,16.0000,308.0000,0.0000,-0.2500,False,left+jump,True
3448,1791553391.308742,16.0000,308.2500,0.0000,0.2500,False,left+jump,True
3449,1791553391.325409,16.0000,309.0000,0.0000,0.7500,False,left+jump,True
3450,1791553391.342076,16.0000,310.2500,0.0000,1.2500,False,left+jump,True
3451,1791553391.358742,16.0000,312.0000,0.0000,1.7500,False,left+jump,True
3452,1791553391.375409,16.8000,314.2500,0.8000,2.2500,False,right,True
3453,1791553391.392076,18.4000,317.0000,1.6000,2.7500,False,right,False
3454,1791553391.408742,20.8000,320.2500,2.4000,3.2500,False,right,False
3455,1791553391.425409,22.4000,324.0000,1.6000,3.7500,False,left+jump,False
3456,1791553391.442075,23.2000,328.2500,0.8000,4.2500,False,left+jump,False
3457,1791553391.458742,23.2000,333.0000,0.0000,4.7500,False,left+jump,False
3458,1791553391.475409,22.4000,338.2500,-0.8000,5.2500,False,left+jump,False
3459,1791553391.492076,20.8000,344.0000,-1.6000,5.7500,False,left+jump,False
3460,1791553391.508742,18.4000,350.2500,-2.4000,6.2500,False,left+jump,False
3461,1791553391.525409,16.8000,357.0000,-1.6000,6.7500,False,right,True
3462,1791553391.542076,16.0000,364.2500,-0.8000,7.2500,False,right,True
3463,1791553391.558742,16.0000,372.0000,0.0000,7.7500,False,left,True
3464,1791553391.575409,16.0000,380.2500,0.0000,8.2500,False,left,True
3465,1791553391.592076,16.0000,389.0000,0.0000,8.7500,False,left,True
3466,1791553391.608742,16.0000,398.2500,0.0000,9.2500,False,left,True
3467,1791553391.625409,16.0000,408.0000,0.0000,9.7500,False,left,True
3468,1791553391.642076,16.0000,408.0000,0.0000,0.0000,True,left,True
3469,1791553391.658742,16.0000,398.2500,0.0000,-9.7500,False,left+jump,True
3470,1791553391.675409,16.0000,389.0000,0.0000,-9.2500,False,left+jump,True
3471,1791553391.692075,16.0000,380.2500,0.0000,-8.7500,False,left+jump,True
3472,1791553391.708742,16.0000,372.0000,0.0000,-8.2500,False,left+jump,True
3473,1791553391.725409,16.0000,364.2500,0.0000,-7.7500,False,left+jump,True
3474,1791553391.742076,16.0000,357.0000,0.0000,-7.2500,False,jump,True
3475,1791553391.758742,16.0000,350.2500,0.0000,-6.7500,False,jump,True
3476,1791553391.775409,16.0000,344.0000,0.0000,-6.2500,False,jump,True
3477,1791553391.792076,16.0000,338.2500,0.0000,-5.7500,False,jump,True
3478,1791553391.808742,16.0000,333.0000,0.0000,-5.2500,False,jump,True
3479,1791553391.825409,16.0000,328.2500,0.0000,-4.7500,False,jump,True
3480,1791553391.842076,16.0000,324.0000,0.0000,-4.2500,False,jump,True
3481,1791553391.858742,16.0000,320.2500,0.0000,-3.7500,False,jump,True
3482,1791553391.875409,16.8000,317.0000,0.8000,-3.2500,False,right+jump,True
3483,1791553391.892076,18.4000,314.2500,1.6000,-2.7500,False,right+jump,False
3484,1791553391.908742,20.8000,312.0000,2.4000,-2.2500,False,right+jump,False
3485,1791553391.925409,24.0000,310.2500,3.2000,-1.7500,False,right+jump,False
3486,1791553391.942075,28.0000,309.0000,4.0000,-1.2500,False,right,False
3487,1791553391.958742,32.8000,308.2500,4.8000,-0.7500,False,right,False
3488,1791553391.975409,38.4000,308.0000,5.6000,-0.2500,False,right,False
3489,1791553391.992076,43.2000,308.2500,4.8000,0.2500,False,left+jump,False
3490,1791553392.008742,47.2000,309.0000,4.0000,0.7500,False,left+jump,False
3491,1791553392.025409,50.4000,310.2500,3.2000,1.2500,False,left+jump,False
3492,1791553392.042076,52.8000,312.0000,2.4000,1.7500,False,left+jump,False
3493,1791553392.058742,54.4000,314.2500,1.6000,2.2500,False,left+jump,False
3494,1791553392.075409,55.2000,317.0000,0.8000,2.7500,False,left+jump,False
3495,1791553392.092076,55.2000,320.2500,0.0000,3.2500,False,left+jump,False
3496,1791553392.108742,54.4000,324.0000,-0.8000,3.7500,False,left+jump,False
3497,1791553392.125409,52.8000,328.2500,-1.6000,4.2500,False,left+jump,False
3498,1791553392.142076,50.4000,333.0000,-2.4000,4.7500,False,left+jump,False
3499,1791553392.158742,47.2000,338.2500,-3.2000,5.2500,False,left+jump,False
3500,1791553392.175409,43.2000,344.0000,-4.0000,5.7500,False,left+jump,False
3501,1791553392.192075,38.4000,350.2500,-4.8000,6.2500,False,left+jump,False
3502,1791553392.208742,32.8000,357.0000,-5.6000,6.7500,False,left+jump,False
3503,1791553392.225409,26.8000,364.2500,-6.0000,7.2500,False,left+jump,False
3504,1791553392.242076,20.8000,372.0000,-6.0000,7.7500,False,left+jump,False
3505,1791553392.258742,16.0000,380.2500,0.0000,8.2500,False,left+jump,True
3506,1791553392.275409,16.0000,389.0000,0.0000,8.7500,False,left+jump,True
3507,1791553392.292076,16.0000,398.2500,0.0000,9.2500,False,left,True
3508,1791553392.308742,16.0000,408.0000,0.0000,9.7500,False,left,True
3509,1791553392.325409,16.0000,408.0000,0.0000,0.0000,True,left,True
3510,1791553392.342076,16.0000,408.0000,0.0000,0.0000,True,left,True
3511,1791553392.358742,16.0000,398.2500,0.0000,-9.7500,False,jump,True
3512,1791553392.375409,16.0000,389.0000,0.0000,-9.2500,False,jump,True
3513,1791553392.392076,16.0000,380.2500,0.0000,-8.7500,False,jump,True
3514,1791553392.408742,16.0000,372.0000,0.0000,-8.2500,False,jump,True
3515,1791553392.425409,16.8000,364.2500,0.8000,-7.7500,False,right,True
3516,1791553392.442075,18.4000,357.0000,1.6000,-7.2500,False,right,False
3517,1791553392.458742,20.8000,350.2500,2.4000,-6.7500,False,right,False
3518,1791553392.475409,24.0000,344.0000,3.2000,-6.2500,False,right,False
3519,1791553392.492076,28.0000,338.2500,4.0000,-5.7500,False,right,False
3520,1791553392.508742,32.8000,333.0000,4.8000,-5.2500,False,right,False
3521,1791553392.525409,38.4000,328.2500,5.6000,-4.7500,False,right,False
3522,1791553392.542076,44.4000,324.0000,6.0000,-4.2500,False,right,False
3523,1791553392.558742,50.4000,320.2500,6.0000,-3.7500,False,right,False
3524,1791553392.575409,56.4000,317.0000,6.0000,-3.2500,False,right,False
3525,1791553392.592076,62.4000,314.2500,6.0000,-2.7500,False,right,False
3526,1791553392.608742,68.4000,312.0000,6.0000,-2.2500,False,right,False
3527,1791553392.625409,73.6000,310.2500,5.2000,-1.7500,False,left,False
3528,1791553392.642076,78.0000,309.0000,4.4000,-1.2500,False,left,False
3529,1791553392.658742,81.6000,308.2500,3.6000,-0.7500,False,left,False
3530,1791553392.675409,84.4000,308.0000,2.8000,-0.2500,False,left,False
3531,1791553392.692075,86.4000,308.2500,2.0000,0.2500,False,left,False
3532,1791553392.708742,87.6000,309.0000,1.2000,0.7500,False,left,False
3533,1791553392.725409,88.0000,310.2500,0.4000,1.2500,False,left,False
3534,1791553392.742076,87.6000,312.0000,-0.4000,1.7500,False,left,False
3535,1791553392.758742,86.4000,314.2500,-1.2000,2.2500,False,left,False
3536,1791553392.775409,84.4000,317.0000,-2.0000,2.7500,False,left,False
3537,1791553392.792076,81.6000,320.2500,-2.8000,3.2500,False,left,False
3538,1791553392.808742,78.0000,324.0000,-3.6000,3.7500,False,left,False
3539,1791553392.825409,73.6000,328.2500,-4.4000,4.2500,False,left,False
3540,1791553392.842076,68.4000,333.0000,-5.2000,4.7500,False,left,False
3541,1791553392.858742,62.4000,338.2500,-6.0000,5.2500,False,left,False
3542,1791553392.875409,56.4000,344.0000,-6.0000,5.7500,False,left,False
3543,1791553392.892076,50.4000,350.2500,-6.0000,6.2500,False,left,False
3544,1791553392.908742,44.4000,357.0000,-6.0000,6.7500,False,left,False
3545,1791553392.925409,38.4000,364.2500,-6.0000,7.2500,False,left,False
3546,1791553392.942075,32.4000,372.0000,-6.0000,7.7500,False,left,False
3547,1791553392.958742,26.4000,380.2500,-6.0000,8.2500,False,left,False
3548,1791553392.975409,20.4000,389.0000,-6.0000,8.7500,False,left,False
3549,1791553392.992076,16.0000,398.2500,0.0000,9.2500,False,left,True
3550,1791553393.008742,16.0000,408.0000,0.0000,9.7500,False,jump,True
3551,1791553393.025409,16.0000,408.0000,0.0000,0.0000,True,jump,True
3552,1791553393.042076,16.0000,398.2500,0.0000,-9.7500,False,jump,True
3553,1791553393.058742,16.0000,389.0000,0.0000,-9.2500,False,jump,True
3554,1791553393.075409,16.0000,380.2500,0.0000,-8.7500,False,left+jump,True
3555,1791553393.092076,16.0000,372.0000,0.0000,-8.2500,False,left+jump,True
3556,1791553393.108742,16.0000,364.2500,0.0000,-7.7500,False,left,True
3557,1791553393.125409,16.0000,357.0000,0.0000,-7.2500,False,left,True
3558,1791553393.142076,16.0000,350.2500,0.0000,-6.7500,False,left+jump,True
3559,1791553393.158742,16.0000,344.0000,0.0000,-6.2500,False,left+jump,True
3560,1791553393.175409,16.0000,338.2500,0.0000,-5.7500,False,left+jump,True
3561,1791553393.192075,16.0000,333.0000,0.0000,-5.2500,False,left+jump,True
3562,1791553393.208742,16.0000,328.2500,0.0000,-4.7500,False,left+jump,True
3563,1791553393.225409,16.0000,324.0000,0.0000,-4.2500,False,left+jump,True
3564,1791553393.242076,16.0000,320.2500,0.0000,-3.7500,False,left+jump,True
3565,1791553393.258742,16.0000,317.0000,0.0000,-3.2500,False,left+jump,True
3566,1791553393.275409,16.0000,314.2500,0.0000,-2.7500,False,left+jump,True
3567,1791553393.292076,16.0000,312.0000,0.0000,-2.2500,False,left+jump,True
3568,1791553393.308742,16.0000,310.2500,0.0000,-1.7500,False,left+jump,True
3569,1791553393.325409,16.0000,309.0000,0.0000,-1.2500,False,left+jump,True
3570,1791553393.342076,16.0000,308.2500,0.0000,-0.7500,False,left+jump,True
3571,1791553393.358742,16.0000,308.0000,0.0000,-0.2500,False,left+jump,True
3572,1791553393.375409,16.0000,308.2500,0.0000,0.2500,False,left+jump,True
3573,1791553393.392076,16.0000,309.0000,0.0000,0.7500,False,left+jump,True
3574,1791553393.408742,16.0000,310.2500,0.0000,1.2500,False,left+jump,True
3575,1791553393.425409,16.0000,312.0000,0.0000,1.7500,False,left+jump,True
3576,1791553393.442075,16.0000,314.2500,0.0000,2.2500,False,left+jump,True
3577,1791553393.458742,16.0000,317.0000,0.0000,2.7500,False,left+jump,True
3578,1791553393.475409,16.0000,320.2500,0.0000,3.2500,False,left+jump,True
3579,1791553393.492076,16.0000,324.0000,0.0000,3.7500,False,left+jump,True
3580,1791553393.508742,16.0000,328.2500,0.0000,4.2500,False,left+jump,True
3581,1791553393.525409,16.0000,333.0000,0.0000,4.7500,False,left+jump,True
3582,1791553393.542076,16.0000,338.2500,0.0000,5.2500,False,left+jump,True
3583,1791553393.558742,16.0000,344.0000,0.0000,5.7500,False,left+jump,True
3584,1791553393.575409,16.0000,350.2500,0.0000,6.2500,False,left+jump,True
3585,1791553393.592076,16.0000,357.0000,0.0000,6.7500,False,left+jump,True
3586,1791553393.608742,16.8000,364.2500,0.8000,7.2500,False,right+jump,True
3587,1791553393.625409,18.4000,372.0000,1.6000,7.7500,False,right+jump,False
3588,1791553393.642076,20.8000,380.2500,2.4000,8.2500,False,right+jump,False
3589,1791553393.658742,22.4000,389.0000,1.6000,8.7500,False,left+jump,False
3590,1791553393.675409,23.2000,398.2500,0.8000,9.2500,False,left+jump,False
3591,1791553393.692075,23.2000,408.0000,0.0000,9.7500,False,left+jump,True
3592,1791553393.708742,22.4000,408.0000,-0.8000,0.0000,True,left+jump,True
3593,1791553393.725409,21.7200,398.2500,-0.6800,-9.7500,False,jump,False
3594,1791553393.742076,21.0400,389.0000,-0.6800,-9.2500,False,jump,False
3595,1791553393.758742,19.5600,380.2500,-1.4800,-8.7500,False,left+jump,False
3596,1791553393.775409,17.2800,372.0000,-2.2800,-8.2500,False,left+jump,False
3597,1791553393.792076,16.0000,364.2500,0.0000,-7.7500,False,left+jump,True
3598,1791553393.808742,16.8000,357.0000,0.8000,-7.2500,False,right+jump,True
3599,1791553393.825409,18.4000,350.2500,1.6000,-6.7500,False,right+jump,False
3600,1791553393.842076,19.2000,344.0000,0.8000,-6.2500,False,left,False
3601,1791553393.858742,19.2000,338.2500,0.0000,-5.7500,False,left,False
3602,1791553393.875409,18.4000,333.0000,-0.8000,-5.2500,False,left,False
3603,1791553393.892076,16.8000,328.2500,-1.6000,-4.7500,False,left,True
3604,1791553393.908742,16.0000,324.0000,0.0000,-4.2500,False,left,True
3605,1791553393.925409,16.0000,320.2500,0.0000,-3.7500,False,left,True
3606,1791553393.942075,16.0000,317.0000,0.0000,-3.2500,False,left+jump,True
3607,1791553393.958742,16.0000,314.2500,0.0000,-2.7500,False,left+jump,True
3608,1791553393.975409,16.0000,312.0000,0.0000,-2.2500,False,left+jump,True
3609,1791553393.992076,16.0000,310.2500,0.0000,-1.7500,False,left+jump,True
3610,1791553394.008742,16.0000,309.0000,0.0000,-1.2500,False,left+jump,True
3611,1791553394.025409,16.0000,308.2500,0.0000,-0.7500,False,left+jump,True
3612,1791553394.042076,16.0000,308.0000,0.0000,-0.2500,False,left+jump,True
3613,1791553394.058742,16.0000,308.2500,0.0000,0.2500,False,left,True
3614,1791553394.075409,16.0000,309.0000,0.0000,0.7500,False,left,True
3615,1791553394.092076,16.0000,310.2500,0.0000,1.2500,False,left,True
3616,1791553394.108742,16.0000,312.0000,0.0000,1.7500,False,left,True
3617,1791553394.125409,16.0000,314.2500,0.0000,2.2500,False,jump,True
3618,1791553394.142076,16.0000,317.0000,0.0000,2.7500,False,jump,True
3619,1791553394.158742,16.0000,320.2500,0.0000,3.2500,False,left,True
3620,1791553394.175409,16.0000,324.0000,0.0000,3.7500,False,left,True
3621,1791553394.192075,16.0000,328.2500,0.0000,4.2500,False,left,True
3622,1791553394.208742,16.0000,333.0000,0.0000,4.7500,False,left,True
3623,1791553394.225409,16.0000,338.2500,0.0000,5.2500,False,left,True
3624,1791553394.242076,16.0000,344.0000,0.0000,5.7500,False,left,True
3625,1791553394.258742,16.8000,350.2500,0.8000,6.2500,False,right,True
3626,1791553394.275409,18.4000,357.0000,1.6000,6.7500,False,right,False
3627,1791553394.292076,20.8000,364.2500,2.4000,7.2500,False,right,False
3628,1791553394.308742,24.0000,372.0000,3.2000,7.7500,False,right,False
3629,1791553394.325409,28.0000,380.2500,4.0000,8.2500,False,right,False
3630,1791553394.342076,32.8000,389.0000,4.8000,8.7500,False,right,False
3631,1791553394.358742,37.6000,398.2500,4.8000,9.2500,False,jump,False
3632,1791553394.375409,42.4000,408.0000,4.8000,9.7500,False,jump,True
3633,1791553394.392076,47.2000,408.0000,4.8000,0.0000,True,jump,True
3634,1791553394.408742,51.2800,398.2500,4.0800,-9.7500,False,jump,False
3635,1791553394.425409,55.3600,389.0000,4.0800,-9.2500,False,jump,False
3636,1791553394.442075,59.4400,380.2500,4.0800,-8.7500,False,jump,False
3637,1791553394.458742,62.7200,372.0000,3.2800,-8.2500,False,left+jump,False
3638,1791553394.475409,65.2000,364.2500,2.4800,-7.7500,False,left+jump,False
3639,1791553394.492076,66.8800,357.0000,1.6800,-7.2500,False,left+jump,False
3640,1791553394.508742,67.7600,350.2500,0.8800,-6.7500,False,left+jump,False
3641,1791553394.525409,67.8400,344.0000,0.0800,-6.2500,False,left+jump,False
3642,1791553394.542076,67.1200,338.2500,-0.7200,-5.7500,False,left+jump,False
3643,1791553394.558742,65.6000,333.0000,-1.5200,-5.2500,False,left+jump,False
3644,1791553394.575409,63.2800,328.2500,-2.3200,-4.7500,False,left+jump,False
3645,1791553394.592076,60.1600,324.0000,-3.1200,-4.2500,False,left+jump,False
3646,1791553394.608742,56.2400,320.2500,-3.9200,-3.7500,False,left+jump,False
3647,1791553394.625409,51.5200,317.0000,-4.7200,-3.2500,False,left+jump,False
3648,1791553394.642076,46.0000,314.2500,-5.5200,-2.7500,False,left+jump,False
3649,1791553394.658742,40.0000,312.0000,-6.0000,-2.2500,False,left+jump,False
3650,1791553394.675409,34.0000,310.2500,-6.0000,-1.7500,False,left,False
3651,1791553394.692075,28.0000,309.0000,-6.0000,-1.2500,False,left,False
3652,1791553394.708742,22.0000,308.2500,-6.0000,-0.7500,False,left,False
3653,1791553394.725409,16.0000,308.0000,-6.0000,-0.2500,False,left,True
3654,1791553394.742076,16.0000,308.2500,0.0000,0.2500,False,jump,True
3655,1791553394.758742,16.0000,309.0000,0.0000,0.7500,False,jump,True
3656,1791553394.775409,16.0000,310.2500,0.0000,1.2500,False,jump,True
3657,1791553394.792076,16.0000,312.0000,0.0000,1.7500,False,left+jump,True
3658,1791553394.808742,16.0000,314.2500,0.0000,2.2500,False,left+jump,True
3659,1791553394.825409,16.0000,317.0000,0.0000,2.7500,False,left+jump,True
3660,1791553394.842076,16.0000,320.2500,0.0000,3.2500,False,left+jump,True
3661,1791553394.858742,16.0000,324.0000,0.0000,3.7500,False,left+jump,True
3662,1791553394.875409,16.0000,328.2500,0.0000,4.2500,False,left+jump,True
3663,1791553394.892076,16.0000,333.0000,0.0000,4.7500,False,left+jump,True
3664,1791553394.908742,16.0000,338.2500,0.0000,5.2500,False,left+jump,True
3665,1791553394.925409,16.0000,344.0000,0.0000,5.7500,False,left+jump,True
3666,1791553394.942075,16.0000,350.2500,0.0000,6.2500,False,left+jump,True
3667,1791553394.958742,16.0000,357.0000,0.0000,6.7500,False,left+jump,True
3668,1791553394.975409,16.0000,364.2500,0.0000,7.2500,False,left+jump,True
3669,1791553394.992076,16.0000,372.0000,0.0000,7.7500,False,left,True
3670,1791553395.008742,16.0000,380.2500,0.0000,8.2500,False,left,True
3671,1791553395.025409,16.0000,389.0000,0.0000,8.7500,False,left,True
3672,1791553395.042076,16.0000,398.2500,0.0000,9.2500,False,left,True
3673,1791553395.058742,16.0000,408.0000,0.0000,9.7500,False,left+jump,True
3674,1791553395.075409,16.0000,408.0000,0.0000,0.0000,True,left+jump,True
3675,1791553395.092076,16.0000,398.2500,0.0000,-9.7500,False,left+jump,True
3676,1791553395.108742,16.0000,389.0000,0.0000,-9.2500,False,left+jump,True
3677,1791553395.125409,16.0000,380.2500,0.0000,-8.7500,False,left+jump,True
3678,1791553395.142076,16.0000,372.0000,0.0000,-8.2500,False,left+jump,True
3679,1791553395.158742,16.8000,364.2500,0.8000,-7.7500,False,right+jump,True
3680,1791553395.175409,18.4000,357.0000,1.6000,-7.2500,False,right+jump,False
3681,1791553395.192075,19.2000,350.2500,0.8000,-6.7500,False,left,False
3682,1791553395.208742,19.2000,344.0000,0.0000,-6.2500,False,left,False
3683,1791553395.225409,18.4000,338.2500,-0.8000,-5.7500,False,left,False
3684,1791553395.242076,16.8000,333.0000,-1.6000,-5.2500,False,left+jump,True
3685,1791553395.258742,16.0000,328.2500,0.0000,-4.7500,False,left+jump,True
3686,1791553395.275409,16.0000,324.0000,0.0000,-4.2500,False,left+jump,True
3687,1791553395.292076,16.0000,320.2500,0.0000,-3.7500,False,left+jump,True
3688,1791553395.308742,16.0000,317.0000,0.0000,-3.2500,False,left+jump,True
3689,1791553395.325409,16.0000,314.2500,0.0000,-2.7500,False,left+jump,True
3690,1791553395.342076,16.0000,312.0000,0.0000,-2.2500,False,left+jump,True
3691,1791553395.358742,16.0000,310.2500,0.0000,-1.7500,False,left+jump,True
3692,1791553395.375409,16.0000,309.0000,0.0000,-1.2500,False,left+jump,True
3693,1791553395.392076,16.0000,308.2500,0.0000,-0.7500,False,left+jump,True
3694,1791553395.408742,16.0000,308.0000,0.0000,-0.2500,False,left+jump,True
3695,1791553395.425409,16.8000,308.2500,0.8000,0.2500,False,right,True
3696,1791553395.442075,18.4000,309.0000,1.6000,0.7500,False,right,False
3697,1791553395.458742,20.8000,310.2500,2.4000,1.2500,False,right,False
3698,1791553395.475409,24.0000,312.0000,3.2000,1.7500,False,right,False
3699,1791553395.492076,28.0000,314.2500,4.0000,2.2500,False,right,False
3700,1791553395.508742,32.8000,317.0000,4.8000,2.7500,False,right,False
3701,1791553395.525409,36.8000,320.2500,4.0000,3.2500,False,left+jump,False
3702,1791553395.542076,40.0000,324.0000,3.2000,3.7500,False,left+jump,False
3703,1791553395.558742,42.4000,328.2500,2.4000,4.2500,False,left,False
3704,1791553395.575409,44.0000,333.0000,1.6000,4.7500,False,left,False
3705,1791553395.592076,44.8000,338.2500,0.8000,5.2500,False,left,False
3706,1791553395.608742,44.8000,344.0000,0.0000,5.7500,False,left,False
3707,1791553395.625409,44.0000,350.2500,-0.8000,6.2500,False,left,False
3708,1791553395.642076,42.4000,357.0000,-1.6000,6.7500,False,left,False
3709,1791553395.658742,40.0000,364.2500,-2.4000,7.2500,False,left,False
3710,1791553395.675409,36.8000,372.0000,-3.2000,7.7500,False,left,False
3711,1791553395.692075,32.8000,380.2500,-4.0000,8.2500,False,left,False
3712,1791553395.708742,28.0000,389.0000,-4.8000,8.7500,False,left,False
3713,1791553395.725409,22.4000,398.2500,-5.6000,9.2500,False,left,False
3714,1791553395.742076,16.4000,408.0000,-6.0000,9.7500,False,left,True
3715,1791553395.758742,16.0000,408.0000,0.0000,0.0000,True,left+jump,True
3716,1791553395.775409,16.0000,398.2500,0.0000,-9.7500,False,left+jump,True
3717,1791553395.792076,16.0000,389.0000,0.0000,-9.2500,False,left+jump,True
3718,1791553395.808742,16.0000,380.2500,0.0000,-8.7500,False,left,True
3719,1791553395.825409,16.0000,372.0000,0.0000,-8.2500,False,left,True
3720,1791553395.842076,16.0000,364.2500,0.0000,-7.7500,False,left,True
3721,1791553395.858742,16.0000,357.0000,0.0000,-7.2500,False,left,True
3722,1791553395.875409,16.0000,350.2500,0.0000,-6.7500,False,left,True
3723,1791553395.892076,16.0000,344.0000,0.0000,-6.2500,False,left,True
3724,1791553395.908742,16.0000,338.2500,0.0000,-5.7500,False,left,True
3725,1791553395.925409,16.0000,333.0000,0.0000,-5.2500,False,left,True
3726,1791553395.942075,16.0000,328.2500,0.0000,-4.7500,False,left,True
3727,1791553395.958742,16.0000,324.0000,0.0000,-4.2500,False,left,True
3728,1791553395.975409,16.0000,320.2500,0.0000,-3.7500,False,left,True
3729,1791553395.992076,16.0000,317.0000,0.0000,-3.2500,False,left+jump,True
3730,1791553396.008742,16.0000,314.2500,0.0000,-2.7500,False,left+jump,True
3731,1791553396.025409,16.0000,312.0000,0.0000,-2.2500,False,jump,True
3732,1791553396.042076,16.0000,310.2500,0.0000,-1.7500,False,jump,True
3733,1791553396.058742,16.0000,309.0000,0.0000,-1.2500,False,jump,True
3734,1791553396.075409,16.0000,308.2500,0.0000,-0.7500,False,jump,True
3735,1791553396.092076,16.0000,308.0000,0.0000,-0.2500,False,jump,True
3736,1791553396.108742,16.0000,308.2500,0.0000,0.2500,False,jump,True
3737,1791553396.125409,16.0000,309.0000,0.0000,0.7500,False,jump,True
3738,1791553396.142076,16.0000,310.2500,0.0000,1.2500,False,jump,True
3739,1791553396.158742,16.0000,312.0000,0.0000,1.7500,False,jump,True
3740,1791553396.175409,16.0000,314.2500,0.0000,2.2500,False,jump,True
3741,1791553396.192075,16.0000,317.0000,0.0000,2.7500,False,jump,True
3742,1791553396.208742,16.0000,320.2500,0.0000,3.2500,False,jump,True
3743,1791553396.225409,16.0000,324.0000,0.0000,3.7500,False,jump,True
3744,1791553396.242076,16.0000,328.2500,0.0000,4.2500,False,jump,True
3745,1791553396.258742,16.0000,333.0000,0.0000,4.7500,False,jump,True
3746,1791553396.275409,16.0000,338.2500,0.0000,5.2500,False,left+jump,True
3747,1791553396.292076,16.0000,344.0000,0.0000,5.7500,False,left+jump,True
3748,1791553396.308742,16.0000,350.2500,0.0000,6.2500,False,left+jump,True
3749,1791553396.325409,16.0000,357.0000,0.0000,6.7500,False,left+jump,True
3750,1791553396.342076,16.0000,364.2500,0.0000,7.2500,False,left+jump,True
3751,1791553396.358742,16.0000,372.0000,0.0000,7.7500,False,left+jump,True
3752,1791553396.375409,16.0000,380.2500,0.0000,8.2500,False,left+jump,True
3753,1791553396.392076,16.0000,389.0000,0.0000,8.7500,False,left+jump,True
3754,1791553396.408742,16.0000,398.2500,0.0000,9.2500,False,left+jump,True
3755,1791553396.425409,16.0000,408.0000,0.0000,9.7500,False,left+jump,True
3756,1791553396.442075,16.0000,408.0000,0.0000,0.0000,True,left+jump,True
3757,1791553396.458742,16.0000,398.2500,0.0000,-9.7500,False,left+jump,True
3758,1791553396.475409,16.0000,389.0000,0.0000,-9.2500,False,left+jump,True
3759,1791553396.492076,16.0000,380.2500,0.0000,-8.7500,False,left+jump,True
3760,1791553396.508742,16.0000,372.0000,0.0000,-8.2500,False,left+jump,True
3761,1791553396.525409,16.0000,364.2500,0.0000,-7.7500,False,jump,True
3762,1791553396.542076,16.0000,357.0000,0.0000,-7.2500,False,jump,True
3763,1791553396.558742,16.0000,350.2500,0.0000,-6.7500,False,jump,True
3764,1791553396.575409,16.0000,344.0000,0.0000,-6.2500,False,jump,True
3765,1791553396.592076,16.0000,338.2500,0.0000,-5.7500,False,jump,True
3766,1791553396.608742,16.0000,333.0000,0.0000,-5.2500,False,jump,True
3767,1791553396.625409,16.0000,328.2500,0.0000,-4.7500,False,left+jump,True
3768,1791553396.642076,16.0000,324.0000,0.0000,-4.2500,False,left+jump,True
3769,1791553396.658742,16.0000,320.2500,0.0000,-3.7500,False,left+jump,True
3770,1791553396.675409,16.0000,317.0000,0.0000,-3.2500,False,left+jump,True
3771,1791553396.692075,16.0000,314.2500,0.0000,-2.7500,False,left+jump,True
3772,1791553396.708742,16.0000,312.0000,0.0000,-2.2500,False,left,True
3773,1791553396.725409,16.0000,310.2500,0.0000,-1.7500,False,left,True
3774,1791553396.742076,16.0000,309.0000,0.0000,-1.2500,False,left,True
3775,1791553396.758742,16.0000,308.2500,0.0000,-0.7500,False,jump,True
3776,1791553396.775409,16.0000,308.0000,0.0000,-0.2500,False,jump,True
3777,1791553396.792076,16.0000,308.2500,0.0000,0.2500,False,left+jump,True
3778,1791553396.808742,16.0000,309.0000,0.0000,0.7500,False,left+jump,True
3779,1791553396.825409,16.0000,310.2500,0.0000,1.2500,False,left+jump,True
3780,1791553396.842076,16.0000,312.0000,0.0000,1.7500,False,left+jump,True
3781,1791553396.858742,16.0000,314.2500,0.0000,2.2500,False,left+jump,True
3782,1791553396.875409,16.0000,317.0000,0.0000,2.7500,False,left+jump,True
3783,1791553396.892076,16.8000,320.2500,0.8000,3.2500,False,right+jump,True
3784,1791553396.908742,18.4000,324.0000,1.6000,3.7500,False,right+jump,False
3785,1791553396.925409,20.8000,328.2500,2.4000,4.2500,False,right+jump,False
3786,1791553396.942075,23.2000,333.0000,2.4000,4.7500,False,jump,False
3787,1791553396.958742,25.6000,338.2500,2.4000,5.2500,False,jump,False
3788,1791553396.975409,28.0000,344.0000,2.4000,5.7500,False,jump,False
3789,1791553396.992076,30.4000,350.2500,2.4000,6.2500,False,jump,False
3790,1791553397.008742,32.8000,357.0000,2.4000,6.7500,False,jump,False
3791,1791553397.025409,35.2000,364.2500,2.4000,7.2500,False,jump,False
3792,1791553397.042076,37.6000,372.0000,2.4000,7.7500,False,jump,False
3793,1791553397.058742,40.0000,380.2500,2.4000,8.2500,False,jump,False
3794,1791553397.075409,41.6000,389.0000,1.6000,8.7500,False,left+jump,False
3795,1791553397.092076,42.4000,398.2500,0.8000,9.2500,False,left+jump,False
3796,1791553397.108742,42.4000,408.0000,0.0000,9.7500,False,left+jump,True
3797,1791553397.125409,41.6000,408.0000,-0.8000,0.0000,True,left+jump,True
3798,1791553397.142076,40.0000,398.2500,-1.6000,-9.7500,False,left+jump,False
3799,1791553397.158742,39.2000,389.0000,-0.8000,-9.2500,False,right,False
3800,1791553397.175409,39.2000,380.2500,0.0000,-8.7500,False,right,False
3801,1791553397.192075,40.0000,372.0000,0.8000,-8.2500,False,right,False
3802,1791553397.208742,40.0000,364.2500,0.0000,-7.7500,False,left+jump,False
3803,1791553397.225409,39.2000,357.0000,-0.8000,-7.2500,False,left+jump,False
3804,1791553397.242076,37.6000,350.2500,-1.6000,-6.7500,False,left+jump,False
3805,1791553397.258742,35.2000,344.0000,-2.4000,-6.2500,False,left+jump,False
3806,1791553397.275409,32.0000,338.2500,-3.2000,-5.7500,False,left+jump,False
3807,1791553397.292076,28.0000,333.0000,-4.0000,-5.2500,False,left+jump,False
3808,1791553397.308742,23.2000,328.2500,-4.8000,-4.7500,False,left+jump,False
3809,1791553397.325409,17.6000,324.0000,-5.6000,-4.2500,False,left+jump,False
3810,1791553397.342076,16.0000,320.2500,0.0000,-3.7500,False,left+jump,True
3811,1791553397.358742,16.0000,317.0000,0.0000,-3.2500,False,left+jump,True
3812,1791553397.375409,16.0000,314.2500,0.0000,-2.7500,False,left+jump,True
3813,1791553397.392076,16.8000,312.0000,0.8000,-2.2500,False,right+jump,True
3814,1791553397.408742,18.4000,310.2500,1.6000,-1.7500,False,right+jump,False
3815,1791553397.425409,20.0000,309.0000,1.6000,-1.2500,False,jump,False
3816,1791553397.442075,21.6000,308.2500,1.6000,-0.7500,False,jump,False
3817,1791553397.458742,23.2000,308.0000,1.6000,-0.2500,False,jump,False
3818,1791553397.475409,24.8000,308.2500,1.6000,0.2500,False,jump,False
3819,1791553397.492076,26.4000,309.0000,1.6000,0.7500,False,jump,False
3820,1791553397.508742,28.0000,310.2500,1.6000,1.2500,False,jump,False
3821,1791553397.525409,28.8000,312.0000,0.8000,1.7500,False,left+jump,False
3822,1791553397.542076,28.8000,314.2500,0.0000,2.2500,False,left+jump,False
3823,1791553397.558742,28.0000,317.0000,-0.8000,2.7500,False,left+jump,False
3824,1791553397.575409,26.4000,320.2500,-1.6000,3.2500,False,left+jump,False
3825,1791553397.592076,24.0000,324.0000,-2.4000,3.7500,False,left+jump,False
3826,1791553397.608742,20.8000,328.2500,-3.2000,4.2500,False,left+jump,False
3827,1791553397.625409,16.8000,333.0000,-4.0000,4.7500,False,left+jump,True
3828,1791553397.642076,16.0000,338.2500,0.0000,5.2500,False,left+jump,True
3829,1791553397.658742,16.0000,344.0000,0.0000,5.7500,False,left+jump,True
3830,1791553397.675409,16.8000,350.2500,0.8000,6.2500,False,right+jump,True
3831,1791553397.692075,18.4000,357.0000,1.6000,6.7500,False,right+jump,False
3832,1791553397.708742,20.8000,364.2500,2.4000,7.2500,False,right+jump,False
3833,1791553397.725409,24.0000,372.0000,3.2000,7.7500,False,right+jump,False
3834,1791553397.742076,26.4000,380.2500,2.4000,8.2500,False,left+jump,False
3835,1791553397.758742,28.0000,389.0000,1.6000,8.7500,False,left+jump,False
3836,1791553397.775409,28.8000,398.2500,0.8000,9.2500,False,left+jump,False
3837,1791553397.792076,28.8000,408.0000,0.0000,9.7500,False,left+jump,True
3838,1791553397.808742,28.0000,408.0000,-0.8000,0.0000,True,left+jump,True
3839,1791553397.825409,26.4000,398.2500,-1.6000,-9.7500,False,left+jump,False
3840,1791553397.842076,24.0000,389.0000,-2.4000,-9.2500,False,left+jump,False
3841,1791553397.858742,20.8000,380.2500,-3.2000,-8.7500,False,left+jump,False
3842,1791553397.875409,16.8000,372.0000,-4.0000,-8.2500,False,left+jump,True
3843,1791553397.892076,16.0000,364.2500,0.0000,-7.7500,False,left+jump,True
3844,1791553397.908742,16.0000,357.0000,0.0000,-7.2500,False,left+jump,True
3845,1791553397.925409,16.0000,350.2500,0.0000,-6.7500,False,jump,True
3846,1791553397.942075,16.0000,344.0000,0.0000,-6.2500,False,jump,True
3847,1791553397.958742,16.0000,338.2500,0.0000,-5.7500,False,jump,True
3848,1791553397.975409,16.0000,333.0000,0.0000,-5.2500,False,jump,True
3849,1791553397.992076,16.0000,328.2500,0.0000,-4.7500,False,jump,True
3850,1791553398.008742,16.0000,324.0000,0.0000,-4.2500,False,jump,True
3851,1791553398.025409,16.0000,320.2500,0.0000,-3.7500,False,jump,True
3852,1791553398.042076,16.0000,317.0000,0.0000,-3.2500,False,jump,True
3853,1791553398.058742,16.0000,314.2500,0.0000,-2.7500,False,jump,True
3854,1791553398.075409,16.0000,312.0000,0.0000,-2.2500,False,jump,True
3855,1791553398.092076,16.0000,310.2500,0.0000,-1.7500,False,jump,True
3856,1791553398.108742,16.0000,309.0000,0.0000,-1.2500,False,jump,True
3857,1791553398.125409,16.8000,308.2500,0.8000,-0.7500,False,right+jump,True
3858,1791553398.142076,18.4000,308.0000,1.6000,-0.2500,False,right+jump,False
3859,1791553398.158742,20.8000,308.2500,2.4000,0.2500,False,right+jump,False
3860,1791553398.175409,22.4000,309.0000,1.6000,0.7500,False,left,False
3861,1791553398.192075,23.2000,310.2500,0.8000,1.2500,False,left,False
3862,1791553398.208742,23.2000,312.0000,0.0000,1.7500,False,left,False
3863,1791553398.225409,22.4000,314.2500,-0.8000,2.2500,False,left,False
3864,1791553398.242076,20.8000,317.0000,-1.6000,2.7500,False,left,False
3865,1791553398.258742,18.4000,320.2500,-2.4000,3.2500,False,left,False
3866,1791553398.275409,16.0000,324.0000,0.0000,3.7500,False,left,True
3867,1791553398.292076,16.0000,328.2500,0.0000,4.2500,False,left+jump,True
3868,1791553398.308742,16.0000,333.0000,0.0000,4.7500,False,left+jump,True
3869,1791553398.325409,16.0000,338.2500,0.0000,5.2500,False,left+jump,True
3870,1791553398.342076,16.0000,344.0000,0.0000,5.7500,False,left+jump,True
3871,1791553398.358742,16.0000,350.2500,0.0000,6.2500,False,left+jump,True
3872,1791553398.375409,16.0000,357.0000,0.0000,6.7500,False,left+jump,True
3873,1791553398.392076,16.0000,364.2500,0.0000,7.2500,False,left+jump,True
3874,1791553398.408742,16.0000,372.0000,0.0000,7.7500,False,left+jump,True
3875,1791553398.425409,16.0000,380.2500,0.0000,8.2500,False,left+jump,True
3876,1791553398.442075,16.0000,389.0000,0.0000,8.7500,False,left+jump,True
3877,1791553398.458742,16.0000,398.2500,0.0000,9.2500,False,left+jump,True
3878,1791553398.475409,16.0000,408.0000,0.0000,9.7500,False,left+jump,True
3879,1791553398.492076,16.8000,408.0000,0.8000,0.0000,True,right,True
3880,1791553398.508742,18.4000,408.0000,1.6000,0.0000,True,right,True
3881,1791553398.525409,20.8000,408.0000,2.4000,0.0000,True,right,True
3882,1791553398.542076,24.0000,408.0000,3.2000,0.0000,True,right,True
3883,1791553398.558742,28.0000,408.0000,4.0000,0.0000,True,right,True
3884,1791553398.575409,31.2000,398.2500,3.2000,-9.7500,False,left+jump,False
3885,1791553398.592076,33.6000,389.0000,2.4000,-9.2500,False,left+jump,False
3886,1791553398.608742,35.2000,380.2500,1.6000,-8.7500,False,left+jump,False
3887,1791553398.625409,36.0000,372.0000,0.8000,-8.2500,False,left,False
3888,1791553398.642076,36.0000,364.2500,0.0000,-7.7500,False,left,False
3889,1791553398.658742,35.2000,357.0000,-0.8000,-7.2500,False,left,False
3890,1791553398.675409,33.6000,350.2500,-1.6000,-6.7500,False,left,False
3891,1791553398.692075,31.2000,344.0000,-2.4000,-6.2500,False,left,False
3892,1791553398.708742,28.0000,338.2500,-3.2000,-5.7500,False,left,False
3893,1791553398.725409,24.0000,333.0000,-4.0000,-5.2500,False,left,False
3894,1791553398.742076,19.2000,328.2500,-4.8000,-4.7500,False,left,False
3895,1791553398.758742,16.0000,324.0000,0.0000,-4.2500,False,left,True
3896,1791553398.775409,16.8000,320.2500,0.8000,-3.7500,False,right+jump,True
3897,1791553398.792076,18.4000,317.0000,1.6000,-3.2500,False,right+jump,False
3898,1791553398.808742,20.8000,314.2500,2.4000,-2.7500,False,right+jump,False
3899,1791553398.825409,24.0000,312.0000,3.2000,-2.2500,False,right,False
3900,1791553398.842076,28.0000,310.2500,4.0000,-1.7500,False,right,False
3901,1791553398.858742,32.8000,309.0000,4.8000,-1.2500,False,right,False
3902,1791553398.875409,36.8000,308.2500,4.0000,-0.7500,False,left,False
3903,1791553398.892076,40.0000,308.0000,3.2000,-0.2500,False,left,False
3904,1791553398.908742,42.4000,308.2500,2.4000,0.2500,False,left,False
3905,1791553398.925409,44.0000,309.0000,1.6000,0.7500,False,left,False
3906,1791553398.942075,44.8000,310.2500,0.8000,1.2500,False,left,False
3907,1791553398.958742,44.8000,312.0000,0.0000,1.7500,False,left+jump,False
3908,1791553398.975409,44.0000,314.2500,-0.8000,2.2500,False,left+jump,False
3909,1791553398.992076,42.4000,317.0000,-1.6000,2.7500,False,left+jump,False
3910,1791553399.008742,40.0000,320.2500,-2.4000,3.2500,False,left+jump,False
3911,1791553399.025409,36.8000,324.0000,-3.2000,3.7500,False,left+jump,False
3912,1791553399.042076,32.8000,328.2500,-4.0000,4.2500,False,left+jump,False
3913,1791553399.058742,28.0000,333.0000,-4.8000,4.7500,False,left+jump,False
3914,1791553399.075409,22.4000,338.2500,-5.6000,5.2500,False,left+jump,False
3915,1791553399.092076,16.4000,344.0000,-6.0000,5.7500,False,left,True
3916,1791553399.108742,16.0000,350.2500,0.0000,6.2500,False,left,True
3917,1791553399.125409,16.0000,357.0000,0.0000,6.7500,False,left,True
3918,1791553399.142076,16.0000,364.2500,0.0000,7.2500,False,left,True
3919,1791553399.158742,16.0000,372.0000,0.0000,7.7500,False,left,True
3920,1791553399.175409,16.0000,380.2500,0.0000,8.2500,False,left,True
3921,1791553399.192075,16.0000,389.0000,0.0000,8.7500,False,left+jump,True
3922,1791553399.208742,16.0000,398.2500,0.0000,9.2500,False,left+jump,True
3923,1791553399.225409,16.0000,408.0000,0.0000,9.7500,False,left+jump,True
3924,1791553399.242076,16.0000,408.0000,0.0000,0.0000,True,left+jump,True
3925,1791553399.258742,16.0000,408.0000,0.0000,0.0000,True,left,True
3926,1791553399.275409,16.0000,408.0000,0.0000,0.0000,True,left,True
3927,1791553399.292076,16.0000,408.0000,0.0000,0.0000,True,left,True
3928,1791553399.308742,16.0000,408.0000,0.0000,0.0000,True,left,True
3929,1791553399.325409,16.0000,408.0000,0.0000,0.0000,True,left,True
3930,1791553399.342076,16.0000,408.0000,0.0000,0.0000,True,left,True
3931,1791553399.358742,16.8000,398.2500,0.8000,-9.7500,False,right+jump,True
3932,1791553399.375409,18.4000,389.0000,1.6000,-9.2500,False,right+jump,False
3933,1791553399.392076,20.8000,380.2500,2.4000,-8.7500,False,right+jump,False
3934,1791553399.408742,22.4000,372.0000,1.6000,-8.2500,False,left+jump,False
3935,1791553399.425409,23.2000,364.2500,0.8000,-7.7500,False,left+jump,False
3936,1791553399.442075,23.2000,357.0000,0.0000,-7.2500,False,left+jump,False
3937,1791553399.458742,22.4000,350.2500,-0.8000,-6.7500,False,left+jump,False
3938,1791553399.475409,22.4000,344.0000,0.0000,-6.2500,False,right,False
3939,1791553399.492076,23.2000,338.2500,0.8000,-5.7500,False,right,False
3940,1791553399.508742,24.8000,333.0000,1.6000,-5.2500,False,right,False
3941,1791553399.525409,27.2000,328.2500,2.4000,-4.7500,False,right,False
3942,1791553399.542076,30.4000,324.0000,3.2000,-4.2500,False,right,False
3943,1791553399.558742,34.4000,320.2500,4.0000,-3.7500,False,right,False
3944,1791553399.575409,39.2000,317.0000,4.8000,-3.2500,False,right,False
3945,1791553399.592076,44.8000,314.2500,5.6000,-2.7500,False,right,False
3946,1791553399.608742,50.8000,312.0000,6.0000,-2.2500,False,right,False
3947,1791553399.625409,56.8000,310.2500,6.0000,-1.7500,False,right,False
3948,1791553399.642076,62.8000,309.0000,6.0000,-1.2500,False,right,False
3949,1791553399.658742,68.8000,308.2500,6.0000,-0.7500,False,right,False
3950,1791553399.675409,74.8000,308.0000,6.0000,-0.2500,False,right,False
3951,1791553399.692075,80.8000,308.2500,6.0000,0.2500,False,right,False
3952,1791553399.708742,86.8000,309.0000,6.0000,0.7500,False,right,False
3953,1791553399.725409,92.8000,310.2500,6.0000,1.2500,False,right,False
3954,1791553399.742076,98.8000,312.0000,6.0000,1.7500,False,right,False
3955,1791553399.758742,104.8000,314.2500,6.0000,2.2500,False,right,False
3956,1791553399.775409,110.8000,317.0000,6.0000,2.7500,False,right,False
3957,1791553399.792076,116.8000,320.2500,6.0000,3.2500,False,right,False
3958,1791553399.808742,122.8000,324.0000,6.0000,3.7500,False,right,False
3959,1791553399.825409,128.8000,328.2500,6.0000,4.2500,False,right,False
3960,1791553399.842076,134.8000,333.0000,6.0000,4.7500,False,right,False
3961,1791553399.858742,140.8000,338.2500,6.0000,5.2500,False,right,False
3962,1791553399.875409,146.8000,344.0000,6.0000,5.7500,False,right,False
3963,1791553399.892076,152.8000,350.2500,6.0000,6.2500,False,right,False
3964,1791553399.908742,158.8000,357.0000,6.0000,6.7500,False,right,False
3965,1791553399.925409,164.8000,364.2500,6.0000,7.2500,False,right,False
3966,1791553399.942075,170.8000,372.0000,6.0000,7.7500,False,right,False
3967,1791553399.958742,176.8000,380.2500,6.0000,8.2500,False,right,False
3968,1791553399.975409,182.8000,389.0000,6.0000,8.7500,False,right,False
3969,1791553399.992076,188.8000,398.2500,6.0000,9.2500,False,right,False
3970,1791553400.008742,194.8000,408.0000,6.0000,9.7500,False,right,True
3971,1791553400.025409,200.8000,408.0000,6.0000,0.0000,True,right,True
3972,1791553400.042076,206.8000,408.0000,6.0000,0.0000,True,right,True
3973,1791553400.058742,211.9000,408.0000,5.1000,0.0000,True,none,True
3974,1791553400.075409,216.2350,408.0000,4.3350,0.0000,True,none,True
3975,1791553400.092076,219.9198,408.0000,3.6847,0.0000,True,none,True
3976,1791553400.108742,223.0518,408.0000,3.1320,0.0000,True,none,True
3977,1791553400.125409,225.7140,408.0000,2.6622,0.0000,True,none,True
3978,1791553400.142076,227.9769,408.0000,2.2629,0.0000,True,none,True
3979,1791553400.158742,229.9004,408.0000,1.9235,0.0000,True,none,True
3980,1791553400.175409,231.5353,408.0000,1.6349,0.0000,True,none,True
3981,1791553400.192075,232.9250,408.0000,1.3897,0.0000,True,none,True
3982,1791553400.208742,234.1063,408.0000,1.1812,0.0000,True,none,True
3983,1791553400.225409,235.1103,408.0000,1.0041,0.0000,True,none,True
3984,1791553400.242076,235.9638,408.0000,0.8535,0.0000,True,none,True
3985,1791553400.258742,236.6892,408.0000,0.7254,0.0000,True,none,True
3986,1791553400.275409,237.3058,408.0000,0.6166,0.0000,True,none,True
3987,1791553400.292076,237.8300,408.0000,0.5241,0.0000,True,none,True
3988,1791553400.308742,238.2755,408.0000,0.4455,0.0000,True,none,True
3989,1791553400.325409,238.6541,408.0000,0.3787,0.0000,True,none,True
3990,1791553400.342076,238.9760,408.0000,0.3219,0.0000,True,none,True
3991,1791553400.358742,240.0979,408.5000,1.1219,0.5000,False,right,True
3992,1791553400.375409,242.0198,409.5000,1.9219,1.0000,False,right,False
3993,1791553400.392076,244.7417,411.0000,2.7219,1.5000,False,right,False
3994,1791553400.408742,248.2635,413.0000,3.5219,2.0000,False,right,False
3995,1791553400.425409,252.5854,415.5000,4.3219,2.5000,False,right,False
3996,1791553400.442075,257.7073,418.5000,5.1219,3.0000,False,right,False
3997,1791553400.458742,263.6292,422.0000,5.9219,3.5000,False,right,False
3998,1791553400.475409,268.0000,426.0000,0.0000,4.0000,False,right,True
3999,1791553400.492076,268.0000,430.5000,0.0000,4.5000,False,jump,True
4000,1791553400.508742,268.0000,435.5000,0.0000,5.0000,False,jump,True
4001,1791553400.525409,268.0000,441.0000,0.0000,5.5000,False,right+jump,True
4002,1791553400.542076,268.0000,447.0000,0.0000,6.0000,False,right+jump,True
4003,1791553400.558742,268.0000,453.5000,0.0000,6.5000,False,right+jump,True
4004,1791553400.575409,268.0000,460.5000,0.0000,7.0000,False,right+jump,True
4005,1791553400.592076,267.2000,468.0000,-0.8000,7.5000,False,left,True
4006,1791553400.608742,265.6000,476.0000,-1.6000,8.0000,False,left,False
4007,1791553400.625409,263.2000,484.5000,-2.4000,8.5000,False,left,False
4008,1791553400.642076,260.0000,493.5000,-3.2000,9.0000,False,left,False
4009,1791553400.658742,256.0000,503.0000,-4.0000,9.5000,False,left,False
4010,1791553400.675409,252.8000,513.0000,-3.2000,10.0000,False,right+jump,False
4011,1791553400.692075,250.4000,523.5000,-2.4000,10.5000,False,right+jump,False
4012,1791553400.708742,248.8000,534.5000,-1.6000,11.0000,False,right+jump,False
4013,1791553400.725409,248.0000,546.0000,-0.8000,11.5000,False,right+jump,False
4014,1791553400.742076,248.0000,558.0000,-0.0000,12.0000,False,right+jump,False
4015,1791553400.758742,248.8000,570.5000,0.8000,12.5000,False,right+jump,False
4016,1791553400.775409,250.4000,583.5000,1.6000,13.0000,False,right+jump,False
4017,1791553400.792076,252.8000,597.0000,2.4000,13.5000,False,right+jump,False
4018,1791553400.808742,256.0000,611.0000,3.2000,14.0000,False,right+jump,False
4019,1791553400.825409,260.0000,625.5000,4.0000,14.5000,False,right+jump,False
4020,1791553400.842076,264.8000,640.5000,4.8000,15.0000,False,right+jump,False
4021,1791553400.858742,269.6000,656.0000,4.8000,15.5000,False,jump,False
4022,1791553400.875409,274.4000,672.0000,4.8000,16.0000,False,jump,False
4023,1791553400.892076,279.2000,688.5000,4.8000,16.5000,False,jump,False
4024,1791553400.908742,284.0000,705.5000,4.8000,17.0000,False,jump,False
4025,1791553400.925409,289.6000,723.0000,5.6000,17.5000,False,right+jump,False
4026,1791553400.942075,295.6000,741.0000,6.0000,18.0000,False,right+jump,False
4027,1791553400.958742,301.6000,759.5000,6.0000,18.5000,False,right+jump,False
4028,1791553400.975409,307.6000,778.5000,6.0000,19.0000,False,right,False
4029,1791553400.992076,313.6000,798.0000,6.0000,19.5000,False,right,False
4030,1791553401.008742,319.6000,818.0000,6.0000,20.0000,False,right,False
4031,1791553401.025409,325.6000,838.5000,6.0000,20.5000,False,right+jump,False
4032,1791553401.042076,331.6000,859.5000,6.0000,21.0000,False,right+jump,False
4033,1791553401.058742,337.6000,881.0000,6.0000,21.5000,False,right+jump,False
4034,1791553401.075409,343.6000,903.0000,6.0000,22.0000,False,right+jump,False
4035,1791553401.092076,349.6000,925.5000,6.0000,22.5000,False,right+jump,False
4036,1791553401.108742,355.6000,948.5000,6.0000,23.0000,False,right+jump,False
4037,1791553401.125409,361.6000,972.0000,6.0000,23.5000,False,right+jump,False
4038,1791553401.142076,367.6000,996.0000,6.0000,24.0000,False,right+jump,False
4039,1791553401.158742,373.6000,1020.5000,6.0000,24.5000,False,right+jump,False
4040,1791553401.175409,379.6000,1045.5000,6.0000,25.0000,False,right+jump,False
4041,1791553401.192075,385.6000,1071.0000,6.0000,25.5000,False,right+jump,False
4042,1791553401.208742,391.6000,1097.0000,6.0000,26.0000,False,right+jump,False
4043,1791553401.225409,397.6000,1123.5000,6.0000,26.5000,False,right+jump,False
4044,1791553401.242076,403.6000,1150.5000,6.0000,27.0000,False,right+jump,False
4045,1791553401.258742,409.6000,1178.0000,6.0000,27.5000,False,right,False
4046,1791553401.275409,415.6000,1206.0000,6.0000,28.0000,False,right,False
4047,1791553401.292076,421.6000,1234.5000,6.0000,28.5000,False,right,False
4048,1791553401.308742,427.6000,1263.5000,6.0000,29.0000,False,right,False
4049,1791553401.325409,433.6000,1293.0000,6.0000,29.5000,False,right,False
4050,1791553401.342076,439.6000,1323.0000,6.0000,30.0000,False,right,False
4051,1791553401.358742,445.6000,1353.5000,6.0000,30.5000,False,right,False
4052,1791553401.375409,451.6000,1384.5000,6.0000,31.0000,False,right,False
4053,1791553401.392076,457.6000,1416.0000,6.0000,31.5000,False,right,False
4054,1791553401.408742,463.6000,1448.0000,6.0000,32.0000,False,right+jump,False
4055,1791553401.425409,469.6000,1480.5000,6.0000,32.5000,False,right+jump,False
4056,1791553401.442075,475.6000,1513.5000,6.0000,33.0000,False,right+jump,False
4057,1791553401.458742,481.6000,1547.0000,6.0000,33.5000,False,right+jump,False
4058,1791553401.475409,487.6000,1581.0000,6.0000,34.0000,False,right+jump,False
4059,1791553401.492076,493.6000,1615.5000,6.0000,34.5000,False,jump,False
4060,1791553401.508742,499.6000,1650.5000,6.0000,35.0000,False,jump,False
4061,1791553401.525409,505.6000,1686.0000,6.0000,35.5000,False,jump,False
4062,1791553401.542076,510.8000,1722.0000,5.2000,36.0000,False,left,False
4063,1791553401.558742,515.2000,1758.5000,4.4000,36.5000,False,left,False
4064,1791553401.575409,518.8000,1795.5000,3.6000,37.0000,False,left,False
4065,1791553401.592076,521.6000,1833.0000,2.8000,37.5000,False,left,False
4066,1791553401.608742,525.2000,1871.0000,3.6000,38.0000,False,right,False
4067,1791553401.625409,529.6000,1909.5000,4.4000,38.5000,False,right,False
4068,1791553401.642076,534.8000,1948.5000,5.2000,39.0000,False,right,False
4069,1791553401.658742,540.8000,1988.0000,6.0000,39.5000,False,right,False
4070,1791553401.675409,546.8000,2028.0000,6.0000,40.0000,False,right,False
4071,1791553401.692075,552.8000,2068.5000,6.0000,40.5000,False,right+jump,False
4072,1791553401.708742,558.8000,2109.5000,6.0000,41.0000,False,right+jump,False
4073,1791553401.725409,564.8000,2151.0000,6.0000,41.5000,False,right,False
4074,1791553401.742076,570.8000,2193.0000,6.0000,42.0000,False,right,False
4075,1791553401.758742,576.8000,2235.5000,6.0000,42.5000,False,right,False
4076,1791553401.775409,582.8000,2278.5000,6.0000,43.0000,False,right,False
4077,1791553401.792076,588.8000,2322.0000,6.0000,43.5000,False,right,False
4078,1791553401.808742,594.8000,2366.0000,6.0000,44.0000,False,right,False
4079,1791553401.825409,600.8000,2410.5000,6.0000,44.5000,False,right,False
4080,1791553401.842076,606.8000,2455.5000,6.0000,45.0000,False,right,False
4081,1791553401.858742,612.8000,2501.0000,6.0000,45.5000,False,right,False
4082,1791553401.875409,618.8000,2547.0000,6.0000,46.0000,False,right,False
4083,1791553401.892076,624.8000,2593.5000,6.0000,46.5000,False,right,False
4084,1791553401.908742,630.8000,2640.5000,6.0000,47.0000,False,right,False
4085,1791553401.925409,636.8000,2688.0000,6.0000,47.5000,False,right,False
4086,1791553401.942075,642.8000,2736.0000,6.0000,48.0000,False,right,False
4087,1791553401.958742,648.8000,2784.5000,6.0000,48.5000,False,right,False
4088,1791553401.975409,654.8000,2833.5000,6.0000,49.0000,False,right,False
4089,1791553401.992076,660.8000,2883.0000,6.0000,49.5000,False,right,False
4090,1791553402.008742,666.8000,2933.0000,6.0000,50.0000,False,right,False
4091,1791553402.025409,672.8000,2983.5000,6.0000,50.5000,False,right,False
4092,1791553402.042076,678.8000,3034.5000,6.0000,51.0000,False,right,False
4093,1791553402.058742,684.8000,3086.0000,6.0000,51.5000,False,right,False
4094,1791553402.075409,690.8000,3138.0000,6.0000,52.0000,False,right,False
4095,1791553402.092076,696.8000,3190.5000,6.0000,52.5000,False,right,False
4096,1791553402.108742,702.8000,3243.5000,6.0000,53.0000,False,right,False
4097,1791553402.125409,708.8000,3297.0000,6.0000,53.5000,False,right,False
4098,1791553402.142076,714.8000,3351.0000,6.0000,54.0000,False,right,False
4099,1791553402.158742,720.8000,3405.5000,6.0000,54.5000,False,right,False
4100,1791553402.175409,726.8000,3460.5000,6.0000,55.0000,False,right,False
4101,1791553402.192075,732.8000,3516.0000,6.0000,55.5000,False,right,False
4102,1791553402.208742,738.8000,3572.0000,6.0000,56.0000,False,right,False
4103,1791553402.225409,744.8000,3628.5000,6.0000,56.5000,False,right,False
4104,1791553402.242076,750.8000,3685.5000,6.0000,57.0000,False,right,False
4105,1791553402.258742,756.8000,3743.0000,6.0000,57.5000,False,right,False
4106,1791553402.275409,762.8000,3801.0000,6.0000,58.0000,False,right,False
4107,1791553402.292076,768.8000,3859.5000,6.0000,58.5000,False,right,False
4108,1791553402.308742,774.8000,3918.5000,6.0000,59.0000,False,right,False
4109,1791553402.325409,780.8000,3978.0000,6.0000,59.5000,False,right,False
4110,1791553402.342076,786.8000,4038.0000,6.0000,60.0000,False,right,False
4111,1791553402.358742,792.8000,4098.5000,6.0000,60.5000,False,right,False
4112,1791553402.375409,798.8000,4159.5000,6.0000,61.0000,False,right,False
4113,1791553402.392076,804.8000,4221.0000,6.0000,61.5000,False,right,False
4114,1791553402.408742,810.8000,4283.0000,6.0000,62.0000,False,right,False
4115,1791553402.425409,816.8000,4345.5000,6.0000,62.5000,False,right,False
4116,1791553402.442075,822.8000,4408.5000,6.0000,63.0000,False,right,False
4117,1791553402.458742,828.8000,4472.0000,6.0000,63.5000,False,right,False
4118,1791553402.475409,834.8000,4536.0000,6.0000,64.0000,False,right,False
4119,1791553402.492076,840.8000,4600.5000,6.0000,64.5000,False,right,False
4120,1791553402.508742,846.8000,4665.5000,6.0000,65.0000,False,right,False
4121,1791553402.525409,852.8000,4731.0000,6.0000,65.5000,False,right,False
4122,1791553402.542076,858.8000,4797.0000,6.0000,66.0000,False,right,False
4123,1791553402.558742,864.8000,4863.5000,6.0000,66.5000,False,right,False
4124,1791553402.575409,870.8000,4930.5000,6.0000,67.0000,False,right,False
4125,1791553402.592076,876.8000,4998.0000,6.0000,67.5000,False,right,False
4126,1791553402.608742,882.8000,5066.0000,6.0000,68.0000,False,right,False
4127,1791553402.625409,888.8000,5134.5000,6.0000,68.5000,False,right,False
4128,1791553402.642076,894.8000,5203.5000,6.0000,69.0000,False,right,False
4129,1791553402.658742,900.8000,5273.0000,6.0000,69.5000,False,right,False
4130,1791553402.675409,906.8000,5343.0000,6.0000,70.0000,False,right,False
4131,1791553402.692075,912.8000,5413.5000,6.0000,70.5000,False,right,False
4132,1791553402.708742,918.8000,5484.5000,6.0000,71.0000,False,right,False
4133,1791553402.725409,924.8000,5556.0000,6.0000,71.5000,False,right,False
4134,1791553402.742076,930.8000,5628.0000,6.0000,72.0000,False,right,False
4135,1791553402.758742,936.8000,5700.5000,6.0000,72.5000,False,right,False
4136,1791553402.775409,942.8000,5773.5000,6.0000,73.0000,False,right,False
4137,1791553402.792076,948.8000,5847.0000,6.0000,73.5000,False,right,False
4138,1791553402.808742,954.8000,5921.0000,6.0000,74.0000,False,right,False
4139,1791553402.825409,960.8000,5995.5000,6.0000,74.5000,False,right,False
4140,1791553402.842076,966.8000,6070.5000,6.0000,75.0000,False,right,False
4141,1791553402.858742,972.8000,6146.0000,6.0000,75.5000,False,right,False
4142,1791553402.875409,978.8000,6222.0000,6.0000,76.0000,False,right,False
4143,1791553402.892076,984.8000,6298.5000,6.0000,76.5000,False,right,False
4144,1791553402.908742,990.8000,6375.5000,6.0000,77.0000,False,right,False
4145,1791553402.925409,996.8000,6453.0000,6.0000,77.5000,False,right,False
4146,1791553402.942075,1002.8000,6531.0000,6.0000,78.0000,False,right,False
4147,1791553402.958742,1008.8000,6609.5000,6.0000,78.5000,False,right,False
4148,1791553402.975409,1014.8000,6688.5000,6.0000,79.0000,False,right,False
4149,1791553402.992076,1020.8000,6768.0000,6.0000,79.5000,False,right,False
4150,1791553403.008742,1026.8000,6848.0000,6.0000,80.0000,False,right,False
4151,1791553403.025409,1032.8000,6928.5000,6.0000,80.5000,False,right,False
4152,1791553403.042076,1038.8000,7009.5000,6.0000,81.0000,False,right,False
4153,1791553403.058742,1044.8000,7091.0000,6.0000,81.5000,False,right,False
4154,1791553403.075409,1050.8000,7173.0000,6.0000,82.0000,False,right,False
4155,1791553403.092076,1056.8000,7255.5000,6.0000,82.5000,False,right,False
4156,1791553403.108742,1062.8000,7338.5000,6.0000,83.0000,False,right,False
4157,1791553403.125409,1068.8000,7422.0000,6.0000,83.5000,False,right,False
4158,1791553403.142076,1074.8000,7506.0000,6.0000,84.0000,False,right,False
4159,1791553403.158742,1080.8000,7590.5000,6.0000,84.5000,False,right,False
4160,1791553403.175409,1086.8000,7675.5000,6.0000,85.0000,False,right,False
4161,1791553403.192075,1092.8000,7761.0000,6.0000,85.5000,False,right,False
4162,1791553403.208742,1098.8000,7847.0000,6.0000,86.0000,False,right,False
4163,1791553403.225409,1104.8000,7933.5000,6.0000,86.5000,False,right,False
4164,1791553403.242076,1110.8000,8020.5000,6.0000,87.0000,False,right,False
4165,1791553403.258742,1116.8000,8108.0000,6.0000,87.5000,False,right,False
4166,1791553403.275409,1122.8000,8196.0000,6.0000,88.0000,False,right,False
4167,1791553403.292076,1128.8000,8284.5000,6.0000,88.5000,False,right,False
4168,1791553403.308742,1134.8000,8373.5000,6.0000,89.0000,False,right,False
4169,1791553403.325409,1140.8000,8463.0000,6.0000,89.5000,False,right,False
4170,1791553403.342076,1146.8000,8553.0000,6.0000,90.0000,False,right,False
4171,1791553403.358742,1152.8000,8643.5000,6.0000,90.5000,False,right,False
4172,1791553403.375409,1158.8000,8734.5000,6.0000,91.0000,False,right,False
4173,1791553403.392076,1164.8000,8826.0000,6.0000,91.5000,False,right,False
4174,1791553403.408742,1170.8000,8918.0000,6.0000,92.0000,False,right,False
4175,1791553403.425409,1176.8000,9010.5000,6.0000,92.5000,False,right,False
4176,1791553403.442075,1182.8000,9103.5000,6.0000,93.0000,False,right,False
4177,1791553403.458742,1188.8000,9197.0000,6.0000,93.5000,False,right,False
4178,1791553403.475409,1194.8000,9291.0000,6.0000,94.0000,False,right,False
4179,1791553403.492076,1200.8000,9385.5000,6.0000,94.5000,False,right,False
4180,1791553403.508742,1206.8000,9480.5000,6.0000,95.0000,False,right,False
4181,1791553403.525409,1212.8000,9576.0000,6.0000,95.5000,False,right,False
4182,1791553403.542076,1218.8000,9672.0000,6.0000,96.0000,False,right,False
4183,1791553403.558742,1224.8000,9768.5000,6.0000,96.5000,False,right,False
4184,1791553403.575409,1230.8000,9865.5000,6.0000,97.0000,False,right,False
4185,1791553403.592076,1236.8000,9963.0000,6.0000,97.5000,False,right,False
4186,1791553403.608742,1242.8000,10061.0000,6.0000,98.0000,False,right,False
4187,1791553403.625409,1248.8000,10159.5000,6.0000,98.5000,False,right,False
4188,1791553403.642076,1254.8000,10258.5000,6.0000,99.0000,False,right,False
4189,1791553403.658742,1260.8000,10358.0000,6.0000,99.5000,False,right,False
4190,1791553403.675409,1266.8000,10458.0000,6.0000,100.0000,False,right,False
4191,1791553403.692075,1272.8000,10558.5000,6.0000,100.5000,False,right,False
4192,1791553403.708742,1278.8000,10659.5000,6.0000,101.0000,False,right,False
4193,1791553403.725409,1284.8000,10761.0000,6.0000,101.5000,False,right,False
4194,1791553403.742076,1290.8000,10863.0000,6.0000,102.0000,False,right,False
4195,1791553403.758742,1296.8000,10965.5000,6.0000,102.5000,False,right,False
4196,1791553403.775409,1302.8000,11068.5000,6.0000,103.0000,False,right,False
4197,1791553403.792076,1308.8000,11172.0000,6.0000,103.5000,False,right,False
4198,1791553403.808742,1314.8000,11276.0000,6.0000,104.0000,False,right,False
4199,1791553403.825409,1320.8000,11380.5000,6.0000,104.5000,False,right,False
4200,1791553403.842076,1326.8000,11485.5000,6.0000,105.0000,False,right,False
4201,1791553403.858742,1332.8000,11591.0000,6.0000,105.5000,False,right,False
4202,1791553403.875409,1338.8000,11697.0000,6.0000,106.0000,False,right,False
4203,1791553403.892076,1344.8000,11803.5000,6.0000,106.5000,False,right,False
4204,1791553403.908742,1350.8000,11910.5000,6.0000,107.0000,False,right,False
4205,1791553403.925409,1356.8000,12018.0000,6.0000,107.5000,False,right,False
4206,1791553403.942075,1362.8000,12126.0000,6.0000,108.0000,False,right,False
4207,1791553403.958742,1368.8000,12234.5000,6.0000,108.5000,False,right,False
4208,1791553403.975409,1374.8000,12343.5000,6.0000,109.0000,False,right,False
4209,1791553403.992076,1380.8000,12453.0000,6.0000,109.5000,False,right,False
4210,1791553404.008742,1386.8000,12563.0000,6.0000,110.0000,False,right,False
4211,1791553404.025409,1392.8000,12673.5000,6.0000,110.5000,False,right,False
4212,1791553404.042076,1398.8000,12784.5000,6.0000,111.0000,False,right,False
4213,1791553404.058742,1404.8000,12896.0000,6.0000,111.5000,False,right,False
4214,1791553404.075409,1410.8000,13008.0000,6.0000,112.0000,False,right,False
4215,1791553404.092076,1416.8000,13120.5000,6.0000,112.5000,False,right,False
4216,1791553404.108742,1422.8000,13233.5000,6.0000,113.0000,False,right,False
4217,1791553404.125409,1428.8000,13347.0000,6.0000,113.5000,False,right,False
4218,1791553404.142076,1434.8000,13461.0000,6.0000,114.0000,False,right,False
4219,1791553404.158742,1440.8000,13575.5000,6.0000,114.5000,False,right,False
4220,1791553404.175409,1446.8000,13690.5000,6.0000,115.0000,False,right,False
4221,1791553404.192075,1452.8000,13806.0000,6.0000,115.5000,False,right,False
4222,1791553404.208742,1458.8000,13922.0000,6.0000,116.0000,False,right,False
4223,1791553404.225409,1464.8000,14038.5000,6.0000,116.5000,False,right,False
4224,1791553404.242076,1470.8000,14155.5000,6.0000,117.0000,False,right,False
4225,1791553404.258742,1476.8000,14273.0000,6.0000,117.5000,False,right,False
4226,1791553404.275409,1482.8000,14391.0000,6.0000,118.0000,False,right,False
4227,1791553404.292076,1488.8000,14509.5000,6.0000,118.5000,False,right,False
4228,1791553404.308742,1494.8000,14628.5000,6.0000,119.0000,False,right,False
4229,1791553404.325409,1500.8000,14748.0000,6.0000,119.5000,False,right,False
4230,1791553404.342076,1506.8000,14868.0000,6.0000,120.0000,False,right,False
4231,1791553404.358742,1512.8000,14988.5000,6.0000,120.5000,False,right,False
4232,1791553404.375409,1518.8000,15109.5000,6.0000,121.0000,False,right,False
4233,1791553404.392076,1524.8000,15231.0000,6.0000,121.5000,False,right,False
4234,1791553404.408742,1530.8000,15353.0000,6.0000,122.0000,False,right,False
4235,1791553404.425409,1536.8000,15475.5000,6.0000,122.5000,False,right,False
4236,1791553404.442075,1542.8000,15598.5000,6.0000,123.0000,False,right,False
4237,1791553404.458742,1548.8000,15722.0000,6.0000,123.5000,False,right,False
4238,1791553404.475409,1554.8000,15846.0000,6.0000,124.0000,False,right,False
4239,1791553404.492076,1560.8000,15970.5000,6.0000,124.5000,False,right,False
4240,1791553404.508742,1566.8000,16095.5000,6.0000,125.0000,False,right,False
4241,1791553404.525409,1572.8000,16221.0000,6.0000,125.5000,False,right,False
4242,1791553404.542076,1578.8000,16347.0000,6.0000,126.0000,False,right,False
4243,1791553404.558742,1584.8000,16473.5000,6.0000,126.5000,False,right,False
4244,1791553404.575409,1590.8000,16600.5000,6.0000,127.0000,False,right,False
4245,1791553404.592076,1596.8000,16728.0000,6.0000,127.5000,False,right,False
4246,1791553404.608742,1602.8000,16856.0000,6.0000,128.0000,False,right,False
4247,1791553404.625409,1608.8000,16984.5000,6.0000,128.5000,False,right,False
4248,1791553404.642076,1614.8000,17113.5000,6.0000,129.0000,False,right,False
4249,1791553404.658742,1620.8000,17243.0000,6.0000,129.5000,False,right,False
4250,1791553404.675409,1626.8000,17373.0000,6.0000,130.0000,False,right,False
4251,1791553404.692075,1632.8000,17503.5000,6.0000,130.5000,False,right,False
4252,1791553404.708742,1638.8000,17634.5000,6.0000,131.0000,False,right,False
4253,1791553404.725409,1644.8000,17766.0000,6.0000,131.5000,False,right,False
4254,1791553404.742076,1650.8000,17898.0000,6.0000,132.0000,False,right,False
4255,1791553404.758742,1656.8000,18030.5000,6.0000,132.5000,False,right,False
4256,1791553404.775409,1662.8000,18163.5000,6.0000,133.0000,False,right,False
4257,1791553404.792076,1668.8000,18297.0000,6.0000,133.5000,False,right,False
4258,1791553404.808742,1674.8000,18431.0000,6.0000,134.0000,False,right,False
4259,1791553404.825409,1680.8000,18565.5000,6.0000,134.5000,False,right,False
4260,1791553404.842076,1686.8000,18700.5000,6.0000,135.0000,False,right,False
4261,1791553404.858742,1692.8000,18836.0000,6.0000,135.5000,False,right,False
4262,1791553404.875409,1698.8000,18972.0000,6.0000,136.0000,False,right,False
4263,1791553404.892076,1704.8000,19108.5000,6.0000,136.5000,False,right,False
4264,1791553404.908742,1710.8000,19245.5000,6.0000,137.0000,False,right,False
4265,1791553404.925409,1716.8000,19383.0000,6.0000,137.5000,False,right,False
4266,1791553404.942075,1722.8000,19521.0000,6.0000,138.0000,False,right,False
4267,1791553404.958742,1728.8000,19659.5000,6.0000,138.5000,False,right,False
4268,1791553404.975409,1734.8000,19798.5000,6.0000,139.0000,False,right,False
4269,1791553404.992076,1740.8000,19938.0000,6.0000,139.5000,False,right,False
4270,1791553405.008742,1746.8000,20078.0000,6.0000,140.0000,False,right,False
4271,1791553405.025409,1752.8000,20218.5000,6.0000,140.5000,False,right,False
4272,1791553405.042076,1758.8000,20359.5000,6.0000,141.0000,False,right,False
4273,1791553405.058742,1764.8000,20501.0000,6.0000,141.5000,False,right,False
4274,1791553405.075409,1770.8000,20643.0000,6.0000,142.0000,False,right,False
4275,1791553405.092076,1776.8000,20785.5000,6.0000,142.5000,False,right,False
4276,1791553405.108742,1782.8000,20928.5000,6.0000,143.0000,False,right,False
4277,1791553405.125409,1788.8000,21072.0000,6.0000,143.5000,False,right,False
4278,1791553405.142076,1794.8000,21216.0000,6.0000,144.0000,False,right,False
4279,1791553405.158742,1800.8000,21360.5000,6.0000,144.5000,False,right,False
4280,1791553405.175409,1806.8000,21505.5000,6.0000,145.0000,False,right,False
4281,1791553405.192075,1812.8000,21651.0000,6.0000,145.5000,False,right,False
4282,1791553405.208742,1818.8000,21797.0000,6.0000,146.0000,False,right,False
4283,1791553405.225409,1824.8000,21943.5000,6.0000,146.5000,False,right,False
4284,1791553405.242076,1830.8000,22090.5000,6.0000,147.0000,False,right,False
4285,1791553405.258742,1836.8000,22238.0000,6.0000,147.5000,False,right,False
4286,1791553405.275409,1842.8000,22386.0000,6.0000,148.0000,False,right,False
4287,1791553405.292076,1848.8000,22534.5000,6.0000,148.5000,False,right,False
4288,1791553405.308742,1854.8000,22683.5000,6.0000,149.0000,False,right,False
4289,1791553405.325409,1860.8000,22833.0000,6.0000,149.5000,False,right,False
4290,1791553405.342076,1866.8000,22983.0000,6.0000,150.0000,False,right,False
4291,1791553405.358742,1872.8000,23133.5000,6.0000,150.5000,False,right,False
4292,1791553405.375409,1878.8000,23284.5000,6.0000,151.0000,False,right,False
4293,1791553405.392076,1884.8000,23436.0000,6.0000,151.5000,False,right,False
4294,1791553405.408742,1890.8000,23588.0000,6.0000,152.0000,False,right,False
4295,1791553405.425409,1896.8000,23740.5000,6.0000,152.5000,False,right,False
4296,1791553405.442075,1902.8000,23893.5000,6.0000,153.0000,False,right,False
4297,1791553405.458742,1908.8000,24047.0000,6.0000,153.5000,False,right,False
4298,1791553405.475409,1914.8000,24201.0000,6.0000,154.0000,False,right,False
4299,1791553405.492076,1920.8000,24355.5000,6.0000,154.5000,False,right,False
4300,1791553405.508742,1926.8000,24510.5000,6.0000,155.0000,False,right,False
4301,1791553405.525409,1932.8000,24666.0000,6.0000,155.5000,False,right,False
4302,1791553405.542076,1938.8000,24822.0000,6.0000,156.0000,False,right,False
4303,1791553405.558742,1944.8000,24978.5000,6.0000,156.5000,False,right,False
4304,1791553405.575409,1950.8000,25135.5000,6.0000,157.0000,False,right,False
4305,1791553405.592076,1956.8000,25293.0000,6.0000,157.5000,False,right,False
4306,1791553405.608742,1962.8000,25451.0000,6.0000,158.0000,False,right,False
4307,1791553405.625409,340.8000,404.5000,0.8000,0.5000,False,right,False
4308,1791553405.642076,342.4000,405.5000,1.6000,1.0000,False,right,False
4309,1791553405.658742,344.8000,407.0000,2.4000,1.5000,False,right,False
4310,1791553405.675409,348.0000,408.0000,3.2000,0.0000,True,right,True
4311,1791553405.692075,352.0000,408.0000,4.0000,0.0000,True,right,True
4312,1791553405.708742,356.8000,408.0000,4.8000,0.0000,True,right,True
4313,1791553405.725409,362.4000,408.0000,5.6000,0.0000,True,right,True
4314,1791553405.742076,368.4000,408.0000,6.0000,0.0000,True,right,True
4315,1791553405.758742,374.4000,408.0000,6.0000,0.0000,True,right,True
4316,1791553405.775409,380.4000,408.0000,6.0000,0.0000,True,right,True
4317,1791553405.792076,386.4000,408.0000,6.0000,0.0000,True,right,True
4318,1791553405.808742,392.4000,398.2500,6.0000,-9.7500,False,right+jump,False
4319,1791553405.825409,398.4000,389.0000,6.0000,-9.2500,False,right,False
4320,1791553405.842076,404.4000,380.2500,6.0000,-8.7500,False,right,False
4321,1791553405.858742,410.4000,372.0000,6.0000,-8.2500,False,right,False
4322,1791553405.875409,416.4000,364.2500,6.0000,-7.7500,False,right,False
4323,1791553405.892076,422.4000,357.0000,6.0000,-7.2500,False,right,False
4324,1791553405.908742,428.4000,350.2500,6.0000,-6.7500,False,right,False
4325,1791553405.925409,434.4000,344.0000,6.0000,-6.2500,False,right,False
4326,1791553405.942075,440.4000,338.2500,6.0000,-5.7500,False,right,False
4327,1791553405.958742,446.4000,333.0000,6.0000,-5.2500,False,right,False
4328,1791553405.975409,452.4000,328.2500,6.0000,-4.7500,False,right,False
4329,1791553405.992076,458.4000,324.0000,6.0000,-4.2500,False,right,False
4330,1791553406.008742,464.4000,320.2500,6.0000,-3.7500,False,right,False
4331,1791553406.025409,470.4000,317.0000,6.0000,-3.2500,False,right,False
4332,1791553406.042076,476.4000,314.2500,6.0000,-2.7500,False,right,False
4333,1791553406.058742,482.4000,312.0000,6.0000,-2.2500,False,right,False
4334,1791553406.075409,488.4000,310.2500,6.0000,-1.7500,False,right,False
4335,1791553406.092076,494.4000,309.0000,6.0000,-1.2500,False,right,False
4336,1791553406.108742,500.4000,308.2500,6.0000,-0.7500,False,right,False
4337,1791553406.125409,506.4000,308.0000,6.0000,-0.2500,False,right,False
4338,1791553406.142076,512.4000,308.2500,6.0000,0.2500,False,right,False
4339,1791553406.158742,518.4000,309.0000,6.0000,0.7500,False,right,False
4340,1791553406.175409,524.4000,310.2500,6.0000,1.2500,False,right,False
4341,1791553406.192075,530.4000,312.0000,6.0000,1.7500,False,right,False
4342,1791553406.208742,536.4000,314.2500,6.0000,2.2500,False,right,False
4343,1791553406.225409,542.4000,317.0000,6.0000,2.7500,False,right,False
4344,1791553406.242076,548.4000,320.2500,6.0000,3.2500,False,right,False
4345,1791553406.258742,554.4000,324.0000,6.0000,3.7500,False,right,False
4346,1791553406.275409,560.4000,328.0000,6.0000,0.0000,True,right,True
4347,1791553406.292076,566.4000,328.0000,6.0000,0.0000,True,right,True
4348,1791553406.308742,572.4000,328.0000,6.0000,0.0000,True,right,True
4349,1791553406.325409,578.4000,328.0000,6.0000,0.0000,True,right,True
4350,1791553406.342076,584.4000,328.0000,6.0000,0.0000,True,right,True
4351,1791553406.358742,590.4000,328.0000,6.0000,0.0000,True,right,True
4352,1791553406.375409,596.4000,328.0000,6.0000,0.0000,True,right,True
4353,1791553406.392076,602.4000,328.0000,6.0000,0.0000,True,right,True
4354,1791553406.408742,608.4000,328.0000,6.0000,0.0000,True,right,True
4355,1791553406.425409,614.4000,328.0000,6.0000,0.0000,True,right,True
4356,1791553406.442075,620.4000,328.0000,6.0000,0.0000,True,right,True
4357,1791553406.458742,626.4000,328.0000,6.0000,0.0000,True,right,True
4358,1791553406.475409,632.4000,328.0000,6.0000,0.0000,True,right,True
4359,1791553406.492076,638.4000,328.0000,6.0000,0.0000,True,right,True
4360,1791553406.508742,644.4000,328.0000,6.0000,0.0000,True,right,True
4361,1791553406.525409,649.5000,328.0000,5.1000,0.0000,True,none,True
4362,1791553406.542076,653.8350,328.0000,4.3350,0.0000,True,none,True
4363,1791553406.558742,657.5198,328.0000,3.6847,0.0000,True,none,True
4364,1791553406.575409,660.6518,328.0000,3.1320,0.0000,True,none,True
4365,1791553406.592076,663.3140,328.0000,2.6622,0.0000,True,none,True
4366,1791553406.608742,665.5769,328.0000,2.2629,0.0000,True,none,True
4367,1791553406.625409,667.5004,328.0000,1.9235,0.0000,True,none,True
4368,1791553406.642076,669.1353,328.0000,1.6349,0.0000,True,none,True
4369,1791553406.658742,670.5250,328.0000,1.3897,0.0000,True,none,True
4370,1791553406.675409,671.7063,328.0000,1.1812,0.0000,True,none,True
4371,1791553406.692075,672.7103,328.0000,1.0041,0.0000,True,none,True
4372,1791553406.708742,673.5638,328.0000,0.8535,0.0000,True,none,True
4373,1791553406.725409,674.2892,328.0000,0.7254,0.0000,True,none,True
4374,1791553406.742076,675.8146,328.0000,1.5254,0.0000,True,right,True
4375,1791553406.758742,677.1113,328.0000,1.2966,0.0000,True,none,True
4376,1791553406.775409,678.2134,328.0000,1.1021,0.0000,True,none,True
4377,1791553406.792076,679.1502,328.0000,0.9368,0.0000,True,none,True
4378,1791553406.808742,679.9465,328.0000,0.7963,0.0000,True,none,True
4379,1791553406.825409,680.6233,328.5000,0.6768,0.5000,False,none,True
4380,1791553406.842076,682.1002,329.5000,1.4768,1.0000,False,right,False
4381,1791553406.858742,684.3770,331.0000,2.2768,1.5000,False,right,False
4382,1791553406.875409,687.4539,333.0000,3.0768,2.0000,False,right,False
4383,1791553406.892076,691.3307,335.5000,3.8768,2.5000,False,right,False
4384,1791553406.908742,696.0075,338.5000,4.6768,3.0000,False,right,False
4385,1791553406.925409,701.4844,342.0000,5.4768,3.5000,False,right,False
4386,1791553406.942075,707.4844,346.0000,6.0000,4.0000,False,right,False
4387,1791553406.958742,713.4844,350.5000,6.0000,4.5000,False,right,False
4388,1791553406.975409,719.4844,355.5000,6.0000,5.0000,False,right,False
4389,1791553406.992076,725.4844,361.0000,6.0000,5.5000,False,right,False
4390,1791553407.008742,731.4844,367.0000,6.0000,6.0000,False,right,False
4391,1791553407.025409,737.4844,373.5000,6.0000,6.5000,False,right,False
4392,1791553407.042076,743.4844,380.5000,6.0000,7.0000,False,right,False
4393,1791553407.058742,749.4844,388.0000,6.0000,7.5000,False,right,False
4394,1791553407.075409,800.0000,396.0000,6.0000,8.0000,False,right,True
4395,1791553407.092076,806.0000,404.5000,6.0000,8.5000,False,right,False
4396,1791553407.108742,812.0000,413.5000,6.0000,9.0000,False,right,False
4397,1791553407.125409,818.0000,423.0000,6.0000,9.5000,False,right,False
4398,1791553407.142076,824.0000,433.0000,6.0000,10.0000,False,right,False
4399,1791553407.158742,830.0000,443.5000,6.0000,10.5000,False,right,False
4400,1791553407.175409,836.0000,454.5000,6.0000,11.0000,False,right,False
4401,1791553407.192075,842.0000,466.0000,6.0000,11.5000,False,right,False
4402,1791553407.208742,848.0000,478.0000,6.0000,12.0000,False,right,False
4403,1791553407.225409,854.0000,490.5000,6.0000,12.5000,False,right,False
4404,1791553407.242076,860.0000,503.5000,6.0000,13.0000,False,right,False
4405,1791553407.258742,866.0000,517.0000,6.0000,13.5000,False,right,False
4406,1791553407.275409,872.0000,531.0000,6.0000,14.0000,False,right,False
4407,1791553407.292076,878.0000,545.5000,6.0000,14.5000,False,right,False
4408,1791553407.308742,884.0000,560.5000,6.0000,15.0000,False,right,False
4409,1791553407.325409,890.0000,576.0000,6.0000,15.5000,False,right,False
4410,1791553407.342076,896.0000,592.0000,6.0000,16.0000,False,right,False
4411,1791553407.358742,902.0000,608.5000,6.0000,16.5000,False,right,False
4412,1791553407.375409,908.0000,625.5000,6.0000,17.0000,False,right,False
4413,1791553407.392076,914.0000,643.0000,6.0000,17.5000,False,right,False
4414,1791553407.408742,920.0000,661.0000,6.0000,18.0000,False,right,False
4415,1791553407.425409,926.0000,679.5000,6.0000,18.5000,False,right,False
4416,1791553407.442075,932.0000,698.5000,6.0000,19.0000,False,right,False
4417,1791553407.458742,938.0000,718.0000,6.0000,19.5000,False,right,False
4418,1791553407.475409,944.0000,738.0000,6.0000,20.0000,False,right,False
4419,1791553407.492076,950.0000,758.5000,6.0000,20.5000,False,right,False
4420,1791553407.508742,956.0000,779.5000,6.0000,21.0000,False,right,False
4421,1791553407.525409,962.0000,801.0000,6.0000,21.5000,False,right,False
4422,1791553407.542076,968.0000,823.0000,6.0000,22.0000,False,right,False
4423,1791553407.558742,974.0000,845.5000,6.0000,22.5000,False,right,False
4424,1791553407.575409,980.0000,868.5000,6.0000,23.0000,False,right,False
4425,1791553407.592076,986.0000,892.0000,6.0000,23.5000,False,right,False
4426,1791553407.608742,992.0000,916.0000,6.0000,24.0000,False,right,False
4427,1791553407.625409,998.0000,940.5000,6.0000,24.5000,False,right,False
4428,1791553407.642076,1004.0000,965.5000,6.0000,25.0000,False,right,False
4429,1791553407.658742,1010.0000,991.0000,6.0000,25.5000,False,right,False
4430,1791553407.675409,1016.0000,1017.0000,6.0000,26.0000,False,right,False
4431,1791553407.692075,1022.0000,1043.5000,6.0000,26.5000,False,right,False
4432,1791553407.708742,1028.0000,1070.5000,6.0000,27.0000,False,right,False
4433,1791553407.725409,1034.0000,1098.0000,6.0000,27.5000,False,right,False
4434,1791553407.742076,1040.0000,1126.0000,6.0000,28.0000,False,right,False
4435,1791553407.758742,1046.0000,1154.5000,6.0000,28.5000,False,right,False
4436,1791553407.775409,1052.0000,1183.5000,6.0000,29.0000,False,right,False
4437,1791553407.792076,1058.0000,1213.0000,6.0000,29.5000,False,right,False
4438,1791553407.808742,1064.0000,1243.0000,6.0000,30.0000,False,right,False
4439,1791553407.825409,1070.0000,1273.5000,6.0000,30.5000,False,right,False
4440,1791553407.842076,1076.0000,1304.5000,6.0000,31.0000,False,right,False
4441,1791553407.858742,1082.0000,1336.0000,6.0000,31.5000,False,right,False
4442,1791553407.875409,1088.0000,1368.0000,6.0000,32.0000,False,right,False
4443,1791553407.892076,1094.0000,1400.5000,6.0000,32.5000,False,right,False
4444,1791553407.908742,1100.0000,1433.5000,6.0000,33.0000,False,right,False
4445,1791553407.925409,1106.0000,1467.0000,6.0000,33.5000,False,right,False
4446,1791553407.942075,1112.0000,1501.0000,6.0000,34.0000,False,right,False
4447,1791553407.958742,1118.0000,1535.5000,6.0000,34.5000,False,right,False
4448,1791553407.975409,1124.0000,1570.5000,6.0000,35.0000,False,right,False
4449,1791553407.992076,1130.0000,1606.0000,6.0000,35.5000,False,right,False
4450,1791553408.008742,1136.0000,1642.0000,6.0000,36.0000,False,right,False
4451,1791553408.025409,1142.0000,1678.5000,6.0000,36.5000,False,right,False
4452,1791553408.042076,1148.0000,1715.5000,6.0000,37.0000,False,right,False
4453,1791553408.058742,1154.0000,1753.0000,6.0000,37.5000,False,right,False
4454,1791553408.075409,1160.0000,1791.0000,6.0000,38.0000,False,right,False
4455,1791553408.092076,1166.0000,1829.5000,6.0000,38.5000,False,right,False
4456,1791553408.108742,1172.0000,1868.5000,6.0000,39.0000,False,right,False
4457,1791553408.125409,1178.0000,1908.0000,6.0000,39.5000,False,right,False
4458,1791553408.142076,1184.0000,1948.0000,6.0000,40.0000,False,right,False
4459,1791553408.158742,1190.0000,1988.5000,6.0000,40.5000,False,right,False
4460,1791553408.175409,1196.0000,2029.5000,6.0000,41.0000,False,right,False
4461,1791553408.192075,1202.0000,2071.0000,6.0000,41.5000,False,right,False
4462,1791553408.208742,1208.0000,2113.0000,6.0000,42.0000,False,right,False
4463,1791553408.225409,1214.0000,2155.5000,6.0000,42.5000,False,right,False
4464,1791553408.242076,1220.0000,2198.5000,6.0000,43.0000,False,right,False
4465,1791553408.258742,1226.0000,2242.0000,6.0000,43.5000,False,right,False
4466,1791553408.275409,1232.0000,2286.0000,6.0000,44.0000,False,right,False
4467,1791553408.292076,1238.0000,2330.5000,6.0000,44.5000,False,right,False
4468,1791553408.308742,1244.0000,2375.5000,6.0000,45.0000,False,right,False
4469,1791553408.325409,1250.0000,2421.0000,6.0000,45.5000,False,right,False
4470,1791553408.342076,1256.0000,2467.0000,6.0000,46.0000,False,right,False
4471,1791553408.358742,1262.0000,2513.5000,6.0000,46.5000,False,right,False
4472,1791553408.375409,1268.0000,2560.5000,6.0000,47.0000,False,right,False
4473,1791553408.392076,1274.0000,2608.0000,6.0000,47.5000,False,right,False
4474,1791553408.408742,1280.0000,2656.0000,6.0000,48.0000,False,right,False
4475,1791553408.425409,1286.0000,2704.5000,6.0000,48.5000,False,right,False
4476,1791553408.442075,1292.0000,2753.5000,6.0000,49.0000,False,right,False
4477,1791553408.458742,1298.0000,2803.0000,6.0000,49.5000,False,right,False
4478,1791553408.475409,1304.0000,2853.0000,6.0000,50.0000,False,right,False
4479,1791553408.492076,1310.0000,2903.5000,6.0000,50.5000,False,right,False
4480,1791553408.508742,1316.0000,2954.5000,6.0000,51.0000,False,right,False
4481,1791553408.525409,1322.0000,3006.0000,6.0000,51.5000,False,right,False
4482,1791553408.542076,1328.0000,3058.0000,6.0000,52.0000,False,right,False
4483,1791553408.558742,1334.0000,3110.5000,6.0000,52.5000,False,right,False
4484,1791553408.575409,1340.0000,3163.5000,6.0000,53.0000,False,right,False
4485,1791553408.592076,1346.0000,3217.0000,6.0000,53.5000,False,right,False
4486,1791553408.608742,1352.0000,3271.0000,6.0000,54.0000,False,right,False
4487,1791553408.625409,1358.0000,3325.5000,6.0000,54.5000,False,right,False
4488,1791553408.642076,1364.0000,3380.5000,6.0000,55.0000,False,right,False
4489,1791553408.658742,1370.0000,3436.0000,6.0000,55.5000,False,right,False
4490,1791553408.675409,1376.0000,3492.0000,6.0000,56.0000,False,right,False
4491,1791553408.692075,1382.0000,3548.5000,6.0000,56.5000,False,right,False
4492,1791553408.708742,1388.0000,3605.5000,6.0000,57.0000,False,right,False
4493,1791553408.725409,1394.0000,3663.0000,6.0000,57.5000,False,right,False
4494,1791553408.742076,1400.0000,3721.0000,6.0000,58.0000,False,right,False
4495,1791553408.758742,1406.0000,3779.5000,6.0000,58.5000,False,right,False
4496,1791553408.775409,1412.0000,3838.5000,6.0000,59.0000,False,right,False
4497,1791553408.792076,1418.0000,3898.0000,6.0000,59.5000,False,right,False
4498,1791553408.808742,1424.0000,3958.0000,6.0000,60.0000,False,right,False
4499,1791553408.825409,1430.0000,4018.5000,6.0000,60.5000,False,right,False
4500,1791553408.842076,1436.0000,4079.5000,6.0000,61.0000,False,right,False
4501,1791553408.858742,1442.0000,4141.0000,6.0000,61.5000,False,right,False
4502,1791553408.875409,1448.0000,4203.0000,6.0000,62.0000,False,right,False
4503,1791553408.892076,1454.0000,4265.5000,6.0000,62.5000,False,right,False
4504,1791553408.908742,1460.0000,4328.5000,6.0000,63.0000,False,right,False
4505,1791553408.925409,1466.0000,4392.0000,6.0000,63.5000,False,right,False
4506,1791553408.942075,1472.0000,4456.0000,6.0000,64.0000,False,right,False
4507,1791553408.958742,1478.0000,4520.5000,6.0000,64.5000,False,right,False
4508,1791553408.975409,1484.0000,4585.5000,6.0000,65.0000,False,right,False
4509,1791553408.992076,1490.0000,4651.0000,6.0000,65.5000,False,right,False
4510,1791553409.008742,1496.0000,4717.0000,6.0000,66.0000,False,right,False
4511,1791553409.025409,1502.0000,4783.5000,6.0000,66.5000,False,right,False
4512,1791553409.042076,1508.0000,4850.5000,6.0000,67.0000,False,right,False
4513,1791553409.058742,1514.0000,4918.0000,6.0000,67.5000,False,right,False
4514,1791553409.075409,1520.0000,4986.0000,6.0000,68.0000,False,right,False
4515,1791553409.092076,1526.0000,5054.5000,6.0000,68.5000,False,right,False
4516,1791553409.108742,1532.0000,5123.5000,6.0000,69.0000,False,right,False
4517,1791553409.125409,1538.0000,5193.0000,6.0000,69.5000,False,right,False
4518,1791553409.142076,1544.0000,5263.0000,6.0000,70.0000,False,right,False
4519,1791553409.158742,1550.0000,5333.5000,6.0000,70.5000,False,right,False
4520,1791553409.175409,1556.0000,5404.5000,6.0000,71.0000,False,right,False
4521,1791553409.192075,1562.0000,5476.0000,6.0000,71.5000,False,right,False
4522,1791553409.208742,1568.0000,5548.0000,6.0000,72.0000,False,right,False
4523,1791553409.225409,1574.0000,5620.5000,6.0000,72.5000,False,right,False
4524,1791553409.242076,1580.0000,5693.5000,6.0000,73.0000,False,right,False
4525,1791553409.258742,1586.0000,5767.0000,6.0000,73.5000,False,right,False
4526,1791553409.275409,1592.0000,5841.0000,6.0000,74.0000,False,right,False
4527,1791553409.292076,1598.0000,5915.5000,6.0000,74.5000,False,right,False
4528,1791553409.308742,1604.0000,5990.5000,6.0000,75.0000,False,right,False
4529,1791553409.325409,1610.0000,6066.0000,6.0000,75.5000,False,right,False
4530,1791553409.342076,1616.0000,6142.0000,6.0000,76.0000,False,right,False
4531,1791553409.358742,1622.0000,6218.5000,6.0000,76.5000,False,right,False
4532,1791553409.375409,1628.0000,6295.5000,6.0000,77.0000,False,right,False
4533,1791553409.392076,1634.0000,6373.0000,6.0000,77.5000,False,right,False
4534,1791553409.408742,1640.0000,6451.0000,6.0000,78.0000,False,right,False
4535,1791553409.425409,1646.0000,6529.5000,6.0000,78.5000,False,right,False
4536,1791553409.442075,1652.0000,6608.5000,6.0000,79.0000,False,right,False
4537,1791553409.458742,1658.0000,6688.0000,6.0000,79.5000,False,right,False
4538,1791553409.475409,1664.0000,6768.0000,6.0000,80.0000,False,right,False
4539,1791553409.492076,1670.0000,6848.5000,6.0000,80.5000,False,right,False
4540,1791553409.508742,1676.0000,6929.5000,6.0000,81.0000,False,right,False
4541,1791553409.525409,1682.0000,7011.0000,6.0000,81.5000,False,right,False
4542,1791553409.542076,1688.0000,7093.0000,6.0000,82.0000,False,right,False
4543,1791553409.558742,1694.0000,7175.5000,6.0000,82.5000,False,right,False
4544,1791553409.575409,1700.0000,7258.5000,6.0000,83.0000,False,right,False
4545,1791553409.592076,1706.0000,7342.0000,6.0000,83.5000,False,right,False
4546,1791553409.608742,1712.0000,7426.0000,6.0000,84.0000,False,right,False
4547,1791553409.625409,1718.0000,7510.5000,6.0000,84.5000,False,right,False
4548,1791553409.642076,1724.0000,7595.5000,6.0000,85.0000,False,right,False
4549,1791553409.658742,1730.0000,7681.0000,6.0000,85.5000,False,right,False
4550,1791553409.675409,1736.0000,7767.0000,6.0000,86.0000,False,right,False
4551,1791553409.692075,1742.0000,7853.5000,6.0000,86.5000,False,right,False
4552,1791553409.708742,1748.0000,7940.5000,6.0000,87.0000,False,right,False
4553,1791553409.725409,1754.0000,8028.0000,6.0000,87.5000,False,right,False
4554,1791553409.742076,1760.0000,8116.0000,6.0000,88.0000,False,right,False
4555,1791553409.758742,1766.0000,8204.5000,6.0000,88.5000,False,right,False
4556,1791553409.775409,1772.0000,8293.5000,6.0000,89.0000,False,right,False
4557,1791553409.792076,1778.0000,8383.0000,6.0000,89.5000,False,right,False
4558,1791553409.808742,1784.0000,8473.0000,6.0000,90.0000,False,right,False
4559,1791553409.825409,1790.0000,8563.5000,6.0000,90.5000,False,right,False
4560,1791553409.842076,1796.0000,8654.5000,6.0000,91.0000,False,right,False
4561,1791553409.858742,1802.0000,8746.0000,6.0000,91.5000,False,right,False
4562,1791553409.875409,1808.0000,8838.0000,6.0000,92.0000,False,right,False
4563,1791553409.892076,1814.0000,8930.5000,6.0000,92.5000,False,right,False
4564,1791553409.908742,1820.0000,9023.5000,6.0000,93.0000,False,right,False
4565,1791553409.925409,1826.0000,9117.0000,6.0000,93.5000,False,right,False
4566,1791553409.942075,1832.0000,9211.0000,6.0000,94.0000,False,right,False
4567,1791553409.958742,1838.0000,9305.5000,6.0000,94.5000,False,right,False
4568,1791553409.975409,1844.0000,9400.5000,6.0000,95.0000,False,right,False
4569,1791553409.992076,1850.0000,9496.0000,6.0000,95.5000,False,right,False
4570,1791553410.008742,1856.0000,9592.0000,6.0000,96.0000,False,right,False
4571,1791553410.025409,1862.0000,9688.5000,6.0000,96.5000,False,right,False
4572,1791553410.042076,1868.0000,9785.5000,6.0000,97.0000,False,right,False
4573,1791553410.058742,1874.0000,9883.0000,6.0000,97.5000,False,right,False
4574,1791553410.075409,1880.0000,9981.0000,6.0000,98.0000,False,right,False
4575,1791553410.092076,1886.0000,10079.5000,6.0000,98.5000,False,right,False
4576,1791553410.108742,1892.0000,10178.5000,6.0000,99.0000,False,right,False
4577,1791553410.125409,1898.0000,10278.0000,6.0000,99.5000,False,right,False
4578,1791553410.142076,1904.0000,10378.0000,6.0000,100.0000,False,right,False
4579,1791553410.158742,1910.0000,10478.5000,6.0000,100.5000,False,right,False
4580,1791553410.175409,1916.0000,10579.5000,6.0000,101.0000,False,right,False
4581,1791553410.192075,1922.0000,10681.0000,6.0000,101.5000,False,right,False
4582,1791553410.208742,1928.0000,10783.0000,6.0000,102.0000,False,right,False
4583,1791553410.225409,1934.0000,10885.5000,6.0000,102.5000,False,right,False
4584,1791553410.242076,1940.0000,10988.5000,6.0000,103.0000,False,right,False
4585,1791553410.258742,1946.0000,11092.0000,6.0000,103.5000,False,right,False
4586,1791553410.275409,1952.0000,11196.0000,6.0000,104.0000,False,right,False
4587,1791553410.292076,1958.0000,11300.5000,6.0000,104.5000,False,right,False
4588,1791553410.308742,1964.0000,11405.5000,6.0000,105.0000,False,right,False
4589,1791553410.325409,1970.0000,11511.0000,6.0000,105.5000,False,right,False
4590,1791553410.342076,1976.0000,11617.0000,6.0000,106.0000,False,right,False
4591,1791553410.358742,1982.0000,11723.5000,6.0000,106.5000,False,right,False
4592,1791553410.375409,1988.0000,11830.5000,6.0000,107.0000,False,right,False
4593,1791553410.392076,1994.0000,11938.0000,6.0000,107.5000,False,right,False
4594,1791553410.408742,2000.0000,12046.0000,6.0000,108.0000,False,right,False
4595,1791553410.425409,2006.0000,12154.5000,6.0000,108.5000,False,right,False
4596,1791553410.442075,2012.0000,12263.5000,6.0000,109.0000,False,right,False
4597,1791553410.458742,2018.0000,12373.0000,6.0000,109.5000,False,right,False
4598,1791553410.475409,2024.0000,12483.0000,6.0000,110.0000,False,right,False
4599,1791553410.492076,2030.0000,12593.5000,6.0000,110.5000,False,right,False
4600,1791553410.508742,2036.0000,12704.5000,6.0000,111.0000,False,right,False
4601,1791553410.525409,2042.0000,12816.0000,6.0000,111.5000,False,right,False
4602,1791553410.542076,2048.0000,12928.0000,6.0000,112.0000,False,right,False
4603,1791553410.558742,2054.0000,13040.5000,6.0000,112.5000,False,right,False
4604,1791553410.575409,2060.0000,13153.5000,6.0000,113.0000,False,right,False
4605,1791553410.592076,2066.0000,13267.0000,6.0000,113.5000,False,right,False
4606,1791553410.608742,2072.0000,13381.0000,6.0000,114.0000,False,right,False
4607,1791553410.625409,2078.0000,13495.5000,6.0000,114.5000,False,right,False
4608,1791553410.642076,2084.0000,13610.5000,6.0000,115.0000,False,right,False
4609,1791553410.658742,2090.0000,13726.0000,6.0000,115.5000,False,right,False
4610,1791553410.675409,2096.0000,13842.0000,6.0000,116.0000,False,right,False
4611,1791553410.692075,2102.0000,13958.5000,6.0000,116.5000,False,right,False
4612,1791553410.708742,2108.0000,14075.5000,6.0000,117.0000,False,right,False
4613,1791553410.725409,2114.0000,14193.0000,6.0000,117.5000,False,right,False
4614,1791553410.742076,2120.0000,14311.0000,6.0000,118.0000,False,right,False
4615,1791553410.758742,2126.0000,14429.5000,6.0000,118.5000,False,right,False
4616,1791553410.775409,2132.0000,14548.5000,6.0000,119.0000,False,right,False
4617,1791553410.792076,2138.0000,14668.0000,6.0000,119.5000,False,right,False
4618,1791553410.808742,2144.0000,14788.0000,6.0000,120.0000,False,right,False
4619,1791553410.825409,2150.0000,14908.5000,6.0000,120.5000,False,right,False
4620,1791553410.842076,2156.0000,15029.5000,6.0000,121.0000,False,right,False
4621,1791553410.858742,2162.0000,15151.0000,6.0000,121.5000,False,right,False
4622,1791553410.875409,2168.0000,15273.0000,6.0000,122.0000,False,right,False
4623,1791553410.892076,2174.0000,15395.5000,6.0000,122.5000,False,right,False
4624,1791553410.908742,2180.0000,15518.5000,6.0000,123.0000,False,right,False
4625,1791553410.925409,2186.0000,15642.0000,6.0000,123.5000,False,right,False
4626,1791553410.942075,2192.0000,15766.0000,6.0000,124.0000,False,right,False
4627,1791553410.958742,2198.0000,15890.5000,6.0000,124.5000,False,right,False
4628,1791553410.975409,2204.0000,16015.5000,6.0000,125.0000,False,right,False
4629,1791553410.992076,2210.0000,16141.0000,6.0000,125.5000,False,right,False
4630,1791553411.008742,2216.0000,16267.0000,6.0000,126.0000,False,right,False
4631,1791553411.025409,2222.0000,16393.5000,6.0000,126.5000,False,right,False
4632,1791553411.042076,2228.0000,16520.5000,6.0000,127.0000,False,right,False
4633,1791553411.058742,2234.0000,16648.0000,6.0000,127.5000,False,right,False
4634,1791553411.075409,2240.0000,16776.0000,6.0000,128.0000,False,right,False
4635,1791553411.092076,2246.0000,16904.5000,6.0000,128.5000,False,right,False
4636,1791553411.108742,2252.0000,17033.5000,6.0000,129.0000,False,right,False
4637,1791553411.125409,2258.0000,17163.0000,6.0000,129.5000,False,right,False
4638,1791553411.142076,2264.0000,17293.0000,6.0000,130.0000,False,right,False
4639,1791553411.158742,2270.0000,17423.5000,6.0000,130.5000,False,right,False
4640,1791553411.175409,2276.0000,17554.5000,6.0000,131.0000,False,right,False
4641,1791553411.192075,2282.0000,17686.0000,6.0000,131.5000,False,right,False
4642,1791553411.208742,2288.0000,17818.0000,6.0000,132.0000,False,right,False
4643,1791553411.225409,2294.0000,17950.5000,6.0000,132.5000,False,right,False
4644,1791553411.242076,2300.0000,18083.5000,6.0000,133.0000,False,right,False
4645,1791553411.258742,2306.0000,18217.0000,6.0000,133.5000,False,right,False
4646,1791553411.275409,2312.0000,18351.0000,6.0000,134.0000,False,right,False
4647,1791553411.292076,2318.0000,18485.5000,6.0000,134.5000,False,right,False
4648,1791553411.308742,2324.0000,18620.5000,6.0000,135.0000,False,right,False
4649,1791553411.325409,2330.0000,18756.0000,6.0000,135.5000,False,right,False
4650,1791553411.342076,2336.0000,18892.0000,6.0000,136.0000,False,right,False
4651,1791553411.358742,2342.0000,19028.5000,6.0000,136.5000,False,right,False
4652,1791553411.375409,2348.0000,19165.5000,6.0000,137.0000,False,right,False
4653,1791553411.392076,2354.0000,19303.0000,6.0000,137.5000,False,right,False
4654,1791553411.408742,2360.0000,19441.0000,6.0000,138.0000,False,right,False
4655,1791553411.425409,2366.0000,19579.5000,6.0000,138.5000,False,right,False
4656,1791553411.442075,2372.0000,19718.5000,6.0000,139.0000,False,right,False
4657,1791553411.458742,2378.0000,19858.0000,6.0000,139.5000,False,right,False
4658,1791553411.475409,2384.0000,19998.0000,6.0000,140.0000,False,right,False
4659,1791553411.492076,2390.0000,20138.5000,6.0000,140.5000,False,right,False
4660,1791553411.508742,2396.0000,20279.5000,6.0000,141.0000,False,right,False
4661,1791553411.525409,2402.0000,20421.0000,6.0000,141.5000,False,right,False
4662,1791553411.542076,2408.0000,20563.0000,6.0000,142.0000,False,right,False
4663,1791553411.558742,2414.0000,20705.5000,6.0000,142.5000,False,right,False
4664,1791553411.575409,2420.0000,20848.5000,6.0000,143.0000,False,right,False
4665,1791553411.592076,2426.0000,20992.0000,6.0000,143.5000,False,right,False
4666,1791553411.608742,2432.0000,21136.0000,6.0000,144.0000,False,right,False
4667,1791553411.625409,2438.0000,21280.5000,6.0000,144.5000,False,right,False
4668,1791553411.642076,2444.0000,21425.5000,6.0000,145.0000,False,right,False
4669,1791553411.658742,2450.0000,21571.0000,6.0000,145.5000,False,right,False
4670,1791553411.675409,2456.0000,21717.0000,6.0000,146.0000,False,right,False
4671,1791553411.692075,2462.0000,21863.5000,6.0000,146.5000,False,right,False
4672,1791553411.708742,2468.0000,22010.5000,6.0000,147.0000,False,right,False
4673,1791553411.725409,2474.0000,22158.0000,6.0000,147.5000,False,right,False
4674,1791553411.742076,2480.0000,22306.0000,6.0000,148.0000,False,right,False
4675,1791553411.758742,2486.0000,22454.5000,6.0000,148.5000,False,right,False
4676,1791553411.775409,2492.0000,22603.5000,6.0000,149.0000,False,right,False
4677,1791553411.792076,2498.0000,22753.0000,6.0000,149.5000,False,right,False
4678,1791553411.808742,2504.0000,22903.0000,6.0000,150.0000,False,right,False
4679,1791553411.825409,2510.0000,23053.5000,6.0000,150.5000,False,right,False
4680,1791553411.842076,2516.0000,23204.5000,6.0000,151.0000,False,right,False
4681,1791553411.858742,2522.0000,23356.0000,6.0000,151.5000,False,right,False
4682,1791553411.875409,2528.0000,23508.0000,6.0000,152.0000,False,right,False
4683,1791553411.892076,2534.0000,23660.5000,6.0000,152.5000,False,right,False
4684,1791553411.908742,2540.0000,23813.5000,6.0000,153.0000,False,right,False
4685,1791553411.925409,2546.0000,23967.0000,6.0000,153.5000,False,right,False
4686,1791553411.942075,2552.0000,24121.0000,6.0000,154.0000,False,right,False
4687,1791553411.958742,2558.0000,24275.5000,6.0000,154.5000,False,right,False
4688,1791553411.975409,2564.0000,24430.5000,6.0000,155.0000,False,right,False
4689,1791553411.992076,2570.0000,24586.0000,6.0000,155.5000,False,right,False
4690,1791553412.008742,2576.0000,24742.0000,6.0000,156.0000,False,right,False
4691,1791553412.025409,2582.0000,24898.5000,6.0000,156.5000,False,right,False
4692,1791553412.042076,2588.0000,25055.5000,6.0000,157.0000,False,right,False
4693,1791553412.058742,2594.0000,25213.0000,6.0000,157.5000,False,right,False
4694,1791553412.075409,2600.0000,25371.0000,6.0000,158.0000,False,right,False
4695,1791553412.092076,2606.0000,25529.5000,6.0000,158.5000,False,right,False
4696,1791553412.108742,640.8000,404.5000,0.8000,0.5000,False,right,False
4697,1791553412.125409,642.4000,405.5000,1.6000,1.0000,False,right,False
4698,1791553412.142076,644.8000,407.0000,2.4000,1.5000,False,right,False
4699,1791553412.158742,648.0000,408.0000,3.2000,0.0000,True,right,True
4700,1791553412.175409,652.0000,408.0000,4.0000,0.0000,True,right,True
4701,1791553412.192075,656.8000,408.0000,4.8000,0.0000,True,right,True
4702,1791553412.208742,662.4000,408.0000,5.6000,0.0000,True,right,True
4703,1791553412.225409,668.4000,408.0000,6.0000,0.0000,True,right,True
4704,1791553412.242076,674.4000,408.0000,6.0000,0.0000,True,right,True
4705,1791553412.258742,680.4000,408.0000,6.0000,0.0000,True,right,True
4706,1791553412.275409,686.4000,408.0000,6.0000,0.0000,True,right,True
4707,1791553412.292076,692.4000,408.0000,6.0000,0.0000,True,right,True
4708,1791553412.308742,698.4000,408.0000,6.0000,0.0000,True,right,True
4709,1791553412.325409,704.4000,408.0000,6.0000,0.0000,True,right,True
4710,1791553412.342076,710.4000,408.0000,6.0000,0.0000,True,right,True
4711,1791553412.358742,716.4000,408.0000,6.0000,0.0000,True,right,True
4712,1791553412.375409,722.4000,408.0000,6.0000,0.0000,True,right,True
4713,1791553412.392076,728.4000,408.0000,6.0000,0.0000,True,right,True
4714,1791553412.408742,734.4000,408.0000,6.0000,0.0000,True,right,True
4715,1791553412.425409,740.4000,408.0000,6.0000,0.0000,True,right,True
4716,1791553412.442075,746.4000,408.0000,6.0000,0.0000,True,right,True
4717,1791553412.458742,752.0000,408.0000,0.0000,0.0000,True,right,True
4718,1791553412.475409,751.2000,408.0000,-0.8000,0.0000,True,left,True
4719,1791553412.492076,749.6000,408.0000,-1.6000,0.0000,True,left,True
4720,1791553412.508742,747.2000,408.0000,-2.4000,0.0000,True,left,True
4721,1791553412.525409,744.0000,408.0000,-3.2000,0.0000,True,left,True
4722,1791553412.542076,741.6000,398.2500,-2.4000,-9.7500,False,right+jump,False
4723,1791553412.558742,740.0000,389.0000,-1.6000,-9.2500,False,right+jump,False
4724,1791553412.575409,739.2000,380.2500,-0.8000,-8.7500,False,right+jump,False
4725,1791553412.592076,739.2000,372.0000,-0.0000,-8.2500,False,right+jump,False
4726,1791553412.608742,740.0000,364.2500,0.8000,-7.7500,False,right+jump,False
4727,1791553412.625409,740.0000,357.0000,-0.0000,-7.2500,False,left,False
4728,1791553412.642076,739.2000,350.2500,-0.8000,-6.7500,False,left,False
4729,1791553412.658742,737.6000,344.0000,-1.6000,-6.2500,False,left,False
4730,1791553412.675409,735.2000,338.2500,-2.4000,-5.7500,False,left,False
4731,1791553412.692075,733.6000,333.0000,-1.6000,-5.2500,False,right,False
4732,1791553412.708742,732.8000,328.2500,-0.8000,-4.7500,False,right,False
4733,1791553412.725409,732.8000,324.0000,-0.0000,-4.2500,False,right,False
4734,1791553412.742076,733.6000,320.2500,0.8000,-3.7500,False,right,False
4735,1791553412.758742,733.6000,317.0000,-0.0000,-3.2500,False,left,False
4736,1791553412.775409,732.8000,314.2500,-0.8000,-2.7500,False,left,False
4737,1791553412.792076,732.8000,312.0000,-0.0000,-2.2500,False,right+jump,False
4738,1791553412.808742,733.6000,310.2500,0.8000,-1.7500,False,right+jump,False
4739,1791553412.825409,735.2000,309.0000,1.6000,-1.2500,False,right+jump,False
4740,1791553412.842076,737.6000,308.2500,2.4000,-0.7500,False,right+jump,False
4741,1791553412.858742,740.8000,308.0000,3.2000,-0.2500,False,right+jump,False
4742,1791553412.875409,744.8000,308.2500,4.0000,0.2500,False,right+jump,False
4743,1791553412.892076,749.6000,309.0000,4.8000,0.7500,False,right+jump,False
4744,1791553412.908742,752.0000,310.2500,0.0000,1.2500,False,right+jump,True
4745,1791553412.925409,752.0000,312.0000,0.0000,1.7500,False,right,True
4746,1791553412.942075,752.0000,314.2500,0.0000,2.2500,False,right,True
4747,1791553412.958742,752.0000,317.0000,0.0000,2.7500,False,right,True
4748,1791553412.975409,752.0000,320.2500,0.0000,3.2500,False,right,True
4749,1791553412.992076,751.2000,324.0000,-0.8000,3.7500,False,left,True
4750,1791553413.008742,749.6000,328.2500,-1.6000,4.2500,False,left,False
4751,1791553413.025409,747.2000,333.0000,-2.4000,4.7500,False,left,False
4752,1791553413.042076,745.6000,338.2500,-1.6000,5.2500,False,right,False
4753,1791553413.058742,744.8000,344.0000,-0.8000,5.7500,False,right,False
4754,1791553413.075409,744.8000,350.2500,-0.0000,6.2500,False,right,False
4755,1791553413.092076,745.6000,357.0000,0.8000,6.7500,False,right,False
4756,1791553413.108742,747.2000,364.2500,1.6000,7.2500,False,right,False
4757,1791553413.125409,749.6000,372.0000,2.4000,7.7500,False,right,False
4758,1791553413.142076,752.0000,380.2500,0.0000,8.2500,False,right,True
4759,1791553413.158742,800.0000,389.0000,0.8000,8.7500,False,right,True
4760,1791553413.175409,801.6000,398.2500,1.6000,9.2500,False,right,False
4761,1791553413.192075,804.0000,408.0000,2.4000,9.7500,False,right+jump,False
4762,1791553413.208742,807.2000,418.2500,3.2000,10.2500,False,right+jump,False
4763,1791553413.225409,811.2000,429.0000,4.0000,10.7500,False,right+jump,False
4764,1791553413.242076,815.2000,440.2500,4.0000,11.2500,False,jump,False
4765,1791553413.258742,819.2000,452.0000,4.0000,11.7500,False,jump,False
4766,1791553413.275409,824.0000,464.2500,4.8000,12.2500,False,right,False
4767,1791553413.292076,829.6000,477.0000,5.6000,12.7500,False,right,False
4768,1791553413.308742,835.6000,490.2500,6.0000,13.2500,False,right,False
4769,1791553413.325409,841.6000,504.0000,6.0000,13.7500,False,right,False
4770,1791553413.342076,847.6000,518.2500,6.0000,14.2500,False,right,False
4771,1791553413.358742,853.6000,533.0000,6.0000,14.7500,False,right,False
4772,1791553413.375409,859.6000,548.2500,6.0000,15.2500,False,right,False
4773,1791553413.392076,865.6000,564.0000,6.0000,15.7500,False,right,False
4774,1791553413.408742,871.6000,580.2500,6.0000,16.2500,False,right,False
4775,1791553413.425409,877.6000,597.0000,6.0000,16.7500,False,right,False
4776,1791553413.442075,883.6000,614.2500,6.0000,17.2500,False,right,False
4777,1791553413.458742,889.6000,632.0000,6.0000,17.7500,False,right,False
4778,1791553413.475409,895.6000,650.2500,6.0000,18.2500,False,right,False
4779,1791553413.492076,901.6000,669.0000,6.0000,18.7500,False,right,False
4780,1791553413.508742,907.6000,688.2500,6.0000,19.2500,False,right,False
4781,1791553413.525409,913.6000,708.0000,6.0000,19.7500,False,right,False
4782,1791553413.542076,919.6000,728.2500,6.0000,20.2500,False,right,False
4783,1791553413.558742,925.6000,749.0000,6.0000,20.7500,False,right,False
4784,1791553413.575409,931.6000,770.2500,6.0000,21.2500,False,right,False
4785,1791553413.592076,937.6000,792.0000,6.0000,21.7500,False,right,False
4786,1791553413.608742,943.6000,814.2500,6.0000,22.2500,False,right,False
4787,1791553413.625409,949.6000,837.0000,6.0000,22.7500,False,right,False
4788,1791553413.642076,955.6000,860.2500,6.0000,23.2500,False,right,False
4789,1791553413.658742,961.6000,884.0000,6.0000,23.7500,False,right,False
4790,1791553413.675409,967.6000,908.2500,6.0000,24.2500,False,right,False
4791,1791553413.692075,973.6000,933.0000,6.0000,24.7500,False,right,False
4792,1791553413.708742,979.6000,958.2500,6.0000,25.2500,False,right,False
4793,1791553413.725409,985.6000,984.0000,6.0000,25.7500,False,right,False
4794,1791553413.742076,991.6000,1010.2500,6.0000,26.2500,False,right,False
4795,1791553413.758742,997.6000,1037.0000,6.0000,26.7500,False,right,False
4796,1791553413.775409,1003.6000,1064.2500,6.0000,27.2500,False,right,False
4797,1791553413.792076,1009.6000,1092.0000,6.0000,27.7500,False,right,False
4798,1791553413.808742,1015.6000,1120.2500,6.0000,28.2500,False,right,False
4799,1791553413.825409,1021.6000,1149.0000,6.0000,28.7500,False,right,False
4800,1791553413.842076,1027.6000,1178.2500,6.0000,29.2500,False,right,False
4801,1791553413.858742,1033.6000,1208.0000,6.0000,29.7500,False,right,False
4802,1791553413.875409,1039.6000,1238.2500,6.0000,30.2500,False,right,False
4803,1791553413.892076,1045.6000,1269.0000,6.0000,30.7500,False,right,False
4804,1791553413.908742,1051.6000,1300.2500,6.0000,31.2500,False,right,False
4805,1791553413.925409,1057.6000,1332.0000,6.0000,31.7500,False,right,False
4806,1791553413.942075,1063.6000,1364.2500,6.0000,32.2500,False,right,False
4807,1791553413.958742,1069.6000,1397.0000,6.0000,32.7500,False,right,False
4808,1791553413.975409,1075.6000,1430.2500,6.0000,33.2500,False,right,False
4809,1791553413.992076,1081.6000,1464.0000,6.0000,33.7500,False,right,False
4810,1791553414.008742,1087.6000,1498.2500,6.0000,34.2500,False,right,False
4811,1791553414.025409,1093.6000,1533.0000,6.0000,34.7500,False,right,False
4812,1791553414.042076,1099.6000,1568.2500,6.0000,35.2500,False,right,False
4813,1791553414.058742,1105.6000,1604.0000,6.0000,35.7500,False,right,False
4814,1791553414.075409,1111.6000,1640.2500,6.0000,36.2500,False,right,False
4815,1791553414.092076,1117.6000,1677.0000,6.0000,36.7500,False,right,False
4816,1791553414.108742,1123.6000,1714.2500,6.0000,37.2500,False,right,False
4817,1791553414.125409,1129.6000,1752.0000,6.0000,37.7500,False,right,False
4818,1791553414.142076,1135.6000,1790.2500,6.0000,38.2500,False,right,False
4819,1791553414.158742,1141.6000,1829.0000,6.0000,38.7500,False,right,False
4820,1791553414.175409,1147.6000,1868.2500,6.0000,39.2500,False,right,False
4821,1791553414.192075,1153.6000,1908.0000,6.0000,39.7500,False,right,False
4822,1791553414.208742,1159.6000,1948.2500,6.0000,40.2500,False,right,False
4823,1791553414.225409,1165.6000,1989.0000,6.0000,40.7500,False,right,False
4824,1791553414.242076,1171.6000,2030.2500,6.0000,41.2500,False,right,False
4825,1791553414.258742,1177.6000,2072.0000,6.0000,41.7500,False,right,False
4826,1791553414.275409,1183.6000,2114.2500,6.0000,42.2500,False,right,False
4827,1791553414.292076,1189.6000,2157.0000,6.0000,42.7500,False,right,False
4828,1791553414.308742,1195.6000,2200.2500,6.0000,43.2500,False,right,False
4829,1791553414.325409,1201.6000,2244.0000,6.0000,43.7500,False,right,False
4830,1791553414.342076,1207.6000,2288.2500,6.0000,44.2500,False,right,False
4831,1791553414.358742,1213.6000,2333.0000,6.0000,44.7500,False,right,False
4832,1791553414.375409,1219.6000,2378.2500,6.0000,45.2500,False,right,False
4833,1791553414.392076,1225.6000,2424.0000,6.0000,45.7500,False,right,False
4834,1791553414.408742,1231.6000,2470.2500,6.0000,46.2500,False,right,False
4835,1791553414.425409,1237.6000,2517.0000,6.0000,46.7500,False,right,False
4836,1791553414.442075,1243.6000,2564.2500,6.0000,47.2500,False,right,False
4837,1791553414.458742,1249.6000,2612.0000,6.0000,47.7500,False,right,False
4838,1791553414.475409,1255.6000,2660.2500,6.0000,48.2500,False,right,False
4839,1791553414.492076,1261.6000,2709.0000,6.0000,48.7500,False,right,False
4840,1791553414.508742,1267.6000,2758.2500,6.0000,49.2500,False,right,False
4841,1791553414.525409,1273.6000,2808.0000,6.0000,49.7500,False,right,False
4842,1791553414.542076,1279.6000,2858.2500,6.0000,50.2500,False,right,False
4843,1791553414.558742,1285.6000,2909.0000,6.0000,50.7500,False,right,False
4844,1791553414.575409,1291.6000,2960.2500,6.0000,51.2500,False,right,False
4845,1791553414.592076,1297.6000,3012.0000,6.0000,51.7500,False,right,False
4846,1791553414.608742,1303.6000,3064.2500,6.0000,52.2500,False,right,False
4847,1791553414.625409,1309.6000,3117.0000,6.0000,52.7500,False,right,False
4848,1791553414.642076,1315.6000,3170.2500,6.0000,53.2500,False,right,False
4849,1791553414.658742,1321.6000,3224.0000,6.0000,53.7500,False,right,False
4850,1791553414.675409,1327.6000,3278.2500,6.0000,54.2500,False,right,False
4851,1791553414.692075,1333.6000,3333.0000,6.0000,54.7500,False,right,False
4852,1791553414.708742,1339.6000,3388.2500,6.0000,55.2500,False,right,False
4853,1791553414.725409,1345.6000,3444.0000,6.0000,55.7500,False,right,False
4854,1791553414.742076,1351.6000,3500.2500,6.0000,56.2500,False,right,False
4855,1791553414.758742,1357.6000,3557.0000,6.0000,56.7500,False,right,False
4856,1791553414.775409,1363.6000,3614.2500,6.0000,57.2500,False,right,False
4857,1791553414.792076,1369.6000,3672.0000,6.0000,57.7500,False,right,False
4858,1791553414.808742,1375.6000,3730.2500,6.0000,58.2500,False,right,False
4859,1791553414.825409,1381.6000,3789.0000,6.0000,58.7500,False,right,False
4860,1791553414.842076,1387.6000,3848.2500,6.0000,59.2500,False,right,False
4861,1791553414.858742,1393.6000,3908.0000,6.0000,59.7500,False,right,False
4862,1791553414.875409,1399.6000,3968.2500,6.0000,60.2500,False,right,False
4863,1791553414.892076,1405.6000,4029.0000,6.0000,60.7500,False,right,False
4864,1791553414.908742,1411.6000,4090.2500,6.0000,61.2500,False,right,False
4865,1791553414.925409,1417.6000,4152.0000,6.0000,61.7500,False,right,False
4866,1791553414.942075,1423.6000,4214.2500,6.0000,62.2500,False,right,False
4867,1791553414.958742,1429.6000,4277.0000,6.0000,62.7500,False,right,False
4868,1791553414.975409,1435.6000,4340.2500,6.0000,63.2500,False,right,False
4869,1791553414.992076,1441.6000,4404.0000,6.0000,63.7500,False,right,False
4870,1791553415.008742,1447.6000,4468.2500,6.0000,64.2500,False,right,False
4871,1791553415.025409,1453.6000,4533.0000,6.0000,64.7500,False,right,False
4872,1791553415.042076,1459.6000,4598.2500,6.0000,65.2500,False,right,False
4873,1791553415.058742,1465.6000,4664.0000,6.0000,65.7500,False,right,False
4874,1791553415.075409,1471.6000,4730.2500,6.0000,66.2500,False,right,False
4875,1791553415.092076,1477.6000,4797.0000,6.0000,66.7500,False,right,False
4876,1791553415.108742,1483.6000,4864.2500,6.0000,67.2500,False,right,False
4877,1791553415.125409,1489.6000,4932.0000,6.0000,67.7500,False,right,False
4878,1791553415.142076,1495.6000,5000.2500,6.0000,68.2500,False,right,False
4879,1791553415.158742,1501.6000,5069.0000,6.0000,68.7500,False,right,False
4880,1791553415.175409,1507.6000,5138.2500,6.0000,69.2500,False,right,False
4881,1791553415.192075,1513.6000,5208.0000,6.0000,69.7500,False,right,False
4882,1791553415.208742,1519.6000,5278.2500,6.0000,70.2500,False,right,False
4883,1791553415.225409,1525.6000,5349.0000,6.0000,70.7500,False,right,False
4884,1791553415.242076,1531.6000,5420.2500,6.0000,71.2500,False,right,False
4885,1791553415.258742,1537.6000,5492.0000,6.0000,71.7500,False,right,False
4886,1791553415.275409,1543.6000,5564.2500,6.0000,72.2500,False,right,False
4887,1791553415.292076,1549.6000,5637.0000,6.0000,72.7500,False,right,False
4888,1791553415.308742,1555.6000,5710.2500,6.0000,73.2500,False,right,False
4889,1791553415.325409,1561.6000,5784.0000,6.0000,73.7500,False,right,False
4890,1791553415.342076,1567.6000,5858.2500,6.0000,74.2500,False,right,False
4891,1791553415.358742,1573.6000,5933.0000,6.0000,74.7500,False,right,False
4892,1791553415.375409,1579.6000,6008.2500,6.0000,75.2500,False,right,False
4893,1791553415.392076,1585.6000,6084.0000,6.0000,75.7500,False,right,False
4894,1791553415.408742,1591.6000,6160.2500,6.0000,76.2500,False,right,False
4895,1791553415.425409,1597.6000,6237.0000,6.0000,76.7500,False,right,False
4896,1791553415.442075,1603.6000,6314.2500,6.0000,77.2500,False,right,False
4897,1791553415.458742,1609.6000,6392.0000,6.0000,77.7500,False,right,False
4898,1791553415.475409,1615.6000,6470.2500,6.0000,78.2500,False,right,False
4899,1791553415.492076,1621.6000,6549.0000,6.0000,78.7500,False,right,False
4900,1791553415.508742,1627.6000,6628.2500,6.0000,79.2500,False,right,False
4901,1791553415.525409,1633.6000,6708.0000,6.0000,79.7500,False,right,False
4902,1791553415.542076,1639.6000,6788.2500,6.0000,80.2500,False,right,False
4903,1791553415.558742,1645.6000,6869.0000,6.0000,80.7500,False,right,False
4904,1791553415.575409,1651.6000,6950.2500,6.0000,81.2500,False,right,False
4905,1791553415.592076,1657.6000,7032.0000,6.0000,81.7500,False,right,False
4906,1791553415.608742,1663.6000,7114.2500,6.0000,82.2500,False,right,False
4907,1791553415.625409,1669.6000,7197.0000,6.0000,82.7500,False,right,False
4908,1791553415.642076,1675.6000,7280.2500,6.0000,83.2500,False,right,False
4909,1791553415.658742,1681.6000,7364.0000,6.0000,83.7500,False,right,False
4910,1791553415.675409,1687.6000,7448.2500,6.0000,84.2500,False,right,False
4911,1791553415.692075,1693.6000,7533.0000,6.0000,84.7500,False,right,False
4912,1791553415.708742,1699.6000,7618.2500,6.0000,85.2500,False,right,False
4913,1791553415.725409,1705.6000,7704.0000,6.0000,85.7500,False,right,False
4914,1791553415.742076,1711.6000,7790.2500,6.0000,86.2500,False,right,False
4915,1791553415.758742,1717.6000,7877.0000,6.0000,86.7500,False,right,False
4916,1791553415.775409,1723.6000,7964.2500,6.0000,87.2500,False,right,False
4917,1791553415.792076,1729.6000,8052.0000,6.0000,87.7500,False,right,False
4918,1791553415.808742,1735.6000,8140.2500,6.0000,88.2500,False,right,False
4919,1791553415.825409,1741.6000,8229.0000,6.0000,88.7500,False,right,False
4920,1791553415.842076,1747.6000,8318.2500,6.0000,89.2500,False,right,False
4921,1791553415.858742,1753.6000,8408.0000,6.0000,89.7500,False,right,False
4922,1791553415.875409,1759.6000,8498.2500,6.0000,90.2500,False,right,False
4923,1791553415.892076,1765.6000,8589.0000,6.0000,90.7500,False,right,False
4924,1791553415.908742,1771.6000,8680.2500,6.0000,91.2500,False,right,False
4925,1791553415.925409,1777.6000,8772.0000,6.0000,91.7500,False,right,False
4926,1791553415.942075,1783.6000,8864.2500,6.0000,92.2500,False,right,False
4927,1791553415.958742,1789.6000,8957.0000,6.0000,92.7500,False,right,False
4928,1791553415.975409,1795.6000,9050.2500,6.0000,93.2500,False,right,False
4929,1791553415.992076,1801.6000,9144.0000,6.0000,93.7500,False,right,False
4930,1791553416.008742,1807.6000,9238.2500,6.0000,94.2500,False,right,False
4931,1791553416.025409,1813.6000,9333.0000,6.0000,94.7500,False,right,False
4932,1791553416.042076,1819.6000,9428.2500,6.0000,95.2500,False,right,False
4933,1791553416.058742,1825.6000,9524.0000,6.0000,95.7500,False,right,False
4934,1791553416.075409,1831.6000,9620.2500,6.0000,96.2500,False,right,False
4935,1791553416.092076,1837.6000,9717.0000,6.0000,96.7500,False,right,False
4936,1791553416.108742,1843.6000,9814.2500,6.0000,97.2500,False,right,False
4937,1791553416.125409,1849.6000,9912.0000,6.0000,97.7500,False,right,False
4938,1791553416.142076,1855.6000,10010.2500,6.0000,98.2500,False,right,False
4939,1791553416.158742,1861.6000,10109.0000,6.0000,98.7500,False,right,False
4940,1791553416.175409,1867.6000,10208.2500,6.0000,99.2500,False,right,False
4941,1791553416.192075,1873.6000,10308.0000,6.0000,99.7500,False,right,False
4942,1791553416.208742,1879.6000,10408.2500,6.0000,100.2500,False,right,False
4943,1791553416.225409,1885.6000,10509.0000,6.0000,100.7500,False,right,False
4944,1791553416.242076,1891.6000,10610.2500,6.0000,101.2500,False,right,False
4945,1791553416.258742,1897.6000,10712.0000,6.0000,101.7500,False,right,False
4946,1791553416.275409,1903.6000,10814.2500,6.0000,102.2500,False,right,False
4947,1791553416.292076,1909.6000,10917.0000,6.0000,102.7500,False,right,False
4948,1791553416.308742,1915.6000,11020.2500,6.0000,103.2500,False,right,False
4949,1791553416.325409,1921.6000,11124.0000,6.0000,103.7500,False,right,False
4950,1791553416.342076,1927.6000,11228.2500,6.0000,104.2500,False,right,False
4951,1791553416.358742,1933.6000,11333.0000,6.0000,104.7500,False,right,False
4952,1791553416.375409,1939.6000,11438.2500,6.0000,105.2500,False,right,False
4953,1791553416.392076,1945.6000,11544.0000,6.0000,105.7500,False,right,False
4954,1791553416.408742,1951.6000,11650.2500,6.0000,106.2500,False,right,False
4955,1791553416.425409,1957.6000,11757.0000,6.0000,106.7500,False,right,False
4956,1791553416.442075,1963.6000,11864.2500,6.0000,107.2500,False,right,False
4957,1791553416.458742,1969.6000,11972.0000,6.0000,107.7500,False,right,False
4958,1791553416.475409,1975.6000,12080.2500,6.0000,108.2500,False,right,False
4959,1791553416.492076,1981.6000,12189.0000,6.0000,108.7500,False,right,False
4960,1791553416.508742,1987.6000,12298.2500,6.0000,109.2500,False,right,False
4961,1791553416.525409,1993.6000,12408.0000,6.0000,109.7500,False,right,False
4962,1791553416.542076,1999.6000,12518.2500,6.0000,110.2500,False,right,False
4963,1791553416.558742,2005.6000,12629.0000,6.0000,110.7500,False,right,False
4964,1791553416.575409,2011.6000,12740.2500,6.0000,111.2500,False,right,False
4965,1791553416.592076,2017.6000,12852.0000,6.0000,111.7500,False,right,False
4966,1791553416.608742,2023.6000,12964.2500,6.0000,112.2500,False,right,False
4967,1791553416.625409,2029.6000,13077.0000,6.0000,112.7500,False,right,False
4968,1791553416.642076,2035.6000,13190.2500,6.0000,113.2500,False,right,False
4969,1791553416.658742,2041.6000,13304.0000,6.0000,113.7500,False,right,False
4970,1791553416.675409,2047.6000,13418.2500,6.0000,114.2500,False,right,False
4971,1791553416.692075,2053.6000,13533.0000,6.0000,114.7500,False,right,False
4972,1791553416.708742,2059.6000,13648.2500,6.0000,115.2500,False,right,False
4973,1791553416.725409,2065.6000,13764.0000,6.0000,115.7500,False,right,False
4974,1791553416.742076,2071.6000,13880.2500,6.0000,116.2500,False,right,False
4975,1791553416.758742,2077.6000,13997.0000,6.0000,116.7500,False,right,False
4976,1791553416.775409,2083.6000,14114.2500,6.0000,117.2500,False,right,False
4977,1791553416.792076,2089.6000,14232.0000,6.0000,117.7500,False,right,False
4978,1791553416.808742,2095.6000,14350.2500,6.0000,118.2500,False,right,False
4979,1791553416.825409,2101.6000,14469.0000,6.0000,118.7500,False,right,False
4980,1791553416.842076,2107.6000,14588.2500,6.0000,119.2500,False,right,False
4981,1791553416.858742,2113.6000,14708.0000,6.0000,119.7500,False,right,False
4982,1791553416.875409,2119.6000,14828.2500,6.0000,120.2500,False,right,False
4983,1791553416.892076,2125.6000,14949.0000,6.0000,120.7500,False,right,False
4984,1791553416.908742,2131.6000,15070.2500,6.0000,121.2500,False,right,False
4985,1791553416.925409,2137.6000,15192.0000,6.0000,121.7500,False,right,False
4986,1791553416.942075,2143.6000,15314.2500,6.0000,122.2500,False,right,False
4987,1791553416.958742,2149.6000,15437.0000,6.0000,122.7500,False,right,False
4988,1791553416.975409,2155.6000,15560.2500,6.0000,123.2500,False,right,False
4989,1791553416.992076,2161.6000,15684.0000,6.0000,123.7500,False,right,False
4990,1791553417.008742,2167.6000,15808.2500,6.0000,124.2500,False,right,False
4991,1791553417.025409,2173.6000,15933.0000,6.0000,124.7500,False,right,False
4992,1791553417.042076,2179.6000,16058.2500,6.0000,125.2500,False,right,False
4993,1791553417.058742,2185.6000,16184.0000,6.0000,125.7500,False,right,False
4994,1791553417.075409,2191.6000,16310.2500,6.0000,126.2500,False,right,False
4995,1791553417.092076,2197.6000,16437.0000,6.0000,126.7500,False,right,False
4996,1791553417.108742,2203.6000,16564.2500,6.0000,127.2500,False,right,False
4997,1791553417.125409,2209.6000,16692.0000,6.0000,127.7500,False,right,False
4998,1791553417.142076,2215.6000,16820.2500,6.0000,128.2500,False,right,False
4999,1791553417.158742,2221.6000,16949.0000,6.0000,128.7500,False,right,False
5000,1791553417.175409,2227.6000,17078.2500,6.0000,129.2500,False,right,False
5001,1791553417.192075,2233.6000,17208.0000,6.0000,129.7500,False,right,False
5002,1791553417.208742,2239.6000,17338.2500,6.0000,130.2500,False,right,False
5003,1791553417.225409,2245.6000,17469.0000,6.0000,130.7500,False,right,False
5004,1791553417.242076,2251.6000,17600.2500,6.0000,131.2500,False,right,False
5005,1791553417.258742,2257.6000,17732.0000,6.0000,131.7500,False,right,False
5006,1791553417.275409,2263.6000,17864.2500,6.0000,132.2500,False,right,False
5007,1791553417.292076,2269.6000,17997.0000,6.0000,132.7500,False,right,False
5008,1791553417.308742,2275.6000,18130.2500,6.0000,133.2500,False,right,False
5009,1791553417.325409,2281.6000,18264.0000,6.0000,133.7500,False,right,False
5010,1791553417.342076,2287.6000,18398.2500,6.0000,134.2500,False,right,False
5011,1791553417.358742,2293.6000,18533.0000,6.0000,134.7500,False,right,False
5012,1791553417.375409,2299.6000,18668.2500,6.0000,135.2500,False,right,False
5013,1791553417.392076,2305.6000,18804.0000,6.0000,135.7500,False,right,False
5014,1791553417.408742,2311.6000,18940.2500,6.0000,136.2500,False,right,False
5015,1791553417.425409,2317.6000,19077.0000,6.0000,136.7500,False,right,False
5016,1791553417.442075,2323.6000,19214.2500,6.0000,137.2500,False,right,False
5017,1791553417.458742,2329.6000,19352.0000,6.0000,137.7500,False,right,False
5018,1791553417.475409,2335.6000,19490.2500,6.0000,138.2500,False,right,False
5019,1791553417.492076,2341.6000,19629.0000,6.0000,138.7500,False,right,False
5020,1791553417.508742,2347.6000,19768.2500,6.0000,139.2500,False,right,False
5021,1791553417.525409,2353.6000,19908.0000,6.0000,139.7500,False,right,False
5022,1791553417.542076,2359.6000,20048.2500,6.0000,140.2500,False,right,False
5023,1791553417.558742,2365.6000,20189.0000,6.0000,140.7500,False,right,False
5024,1791553417.575409,2371.6000,20330.2500,6.0000,141.2500,False,right,False
5025,1791553417.592076,2377.6000,20472.0000,6.0000,141.7500,False,right,False
5026,1791553417.608742,2383.6000,20614.2500,6.0000,142.2500,False,right,False
5027,1791553417.625409,2389.6000,20757.0000,6.0000,142.7500,False,right,False
5028,1791553417.642076,2395.6000,20900.2500,6.0000,143.2500,False,right,False
5029,1791553417.658742,2401.6000,21044.0000,6.0000,143.7500,False,right,False
5030,1791553417.675409,2407.6000,21188.2500,6.0000,144.2500,False,right,False
5031,1791553417.692075,2413.6000,21333.0000,6.0000,144.7500,False,right,False
5032,1791553417.708742,2419.6000,21478.2500,6.0000,145.2500,False,right,False
5033,1791553417.725409,2425.6000,21624.0000,6.0000,145.7500,False,right,False
5034,1791553417.742076,2431.6000,21770.2500,6.0000,146.2500,False,right,False
5035,1791553417.758742,2437.6000,21917.0000,6.0000,146.7500,False,right,False
5036,1791553417.775409,2443.6000,22064.2500,6.0000,147.2500,False,right,False
5037,1791553417.792076,2449.6000,22212.0000,6.0000,147.7500,False,right,False
5038,1791553417.808742,2455.6000,22360.2500,6.0000,148.2500,False,right,False
5039,1791553417.825409,2461.6000,22509.0000,6.0000,148.7500,False,right,False
5040,1791553417.842076,2467.6000,22658.2500,6.0000,149.2500,False,right,False
5041,1791553417.858742,2473.6000,22808.0000,6.0000,149.7500,False,right,False
5042,1791553417.875409,2479.6000,22958.2500,6.0000,150.2500,False,right,False
5043,1791553417.892076,2485.6000,23109.0000,6.0000,150.7500,False,right,False
5044,1791553417.908742,2491.6000,23260.2500,6.0000,151.2500,False,right,False
5045,1791553417.925409,2497.6000,23412.0000,6.0000,151.7500,False,right,False
5046,1791553417.942075,2503.6000,23564.2500,6.0000,152.2500,False,right,False
5047,1791553417.958742,2509.6000,23717.0000,6.0000,152.7500,False,right,False
5048,1791553417.975409,2515.6000,23870.2500,6.0000,153.2500,False,right,False
5049,1791553417.992076,2521.6000,24024.0000,6.0000,153.7500,False,right,False
5050,1791553418.008742,2527.6000,24178.2500,6.0000,154.2500,False,right,False
5051,1791553418.025409,2533.6000,24333.0000,6.0000,154.7500,False,right,False
5052,1791553418.042076,2539.6000,24488.2500,6.0000,155.2500,False,right,False
5053,1791553418.058742,2545.6000,24644.0000,6.0000,155.7500,False,right,False
5054,1791553418.075409,2551.6000,24800.2500,6.0000,156.2500,False,right,False
5055,1791553418.092076,2557.6000,24957.0000,6.0000,156.7500,False,right,False
5056,1791553418.108742,2563.6000,25114.2500,6.0000,157.2500,False,right,False
5057,1791553418.125409,2569.6000,25272.0000,6.0000,157.7500,False,right,False
5058,1791553418.142076,2575.6000,25430.2500,6.0000,158.2500,False,right,False
5059,1791553418.158742,2581.6000,25589.0000,6.0000,158.7500,False,right,False
5060,1791553418.175409,2587.6000,25748.2500,6.0000,159.2500,False,right,False
5061,1791553418.192075,640.8000,404.5000,0.8000,0.5000,False,right,False
5062,1791553418.208742,642.4000,405.5000,1.6000,1.0000,False,right,False
5063,1791553418.225409,644.8000,407.0000,2.4000,1.5000,False,right,False
5064,1791553418.242076,648.0000,408.0000,3.2000,0.0000,True,right,True
5065,1791553418.258742,652.0000,408.0000,4.0000,0.0000,True,right,True
5066,1791553418.275409,656.8000,408.0000,4.8000,0.0000,True,right,True
5067,1791553418.292076,662.4000,408.0000,5.6000,0.0000,True,right,True
5068,1791553418.308742,668.4000,408.0000,6.0000,0.0000,True,right,True
5069,1791553418.325409,674.4000,408.0000,6.0000,0.0000,True,right,True
5070,1791553418.342076,680.4000,408.0000,6.0000,0.0000,True,right,True
5071,1791553418.358742,686.4000,408.0000,6.0000,0.0000,True,right,True
5072,1791553418.375409,692.4000,408.0000,6.0000,0.0000,True,right,True
5073,1791553418.392076,698.4000,408.0000,6.0000,0.0000,True,right,True
5074,1791553418.408742,704.4000,408.0000,6.0000,0.0000,True,right,True
5075,1791553418.425409,710.4000,408.0000,6.0000,0.0000,True,right,True
5076,1791553418.442075,716.4000,408.0000,6.0000,0.0000,True,right,True
5077,1791553418.458742,722.4000,408.0000,6.0000,0.0000,True,right,True
5078,1791553418.475409,728.4000,408.0000,6.0000,0.0000,True,right,True
5079,1791553418.492076,734.4000,408.0000,6.0000,0.0000,True,right,True
5080,1791553418.508742,740.4000,408.0000,6.0000,0.0000,True,right,True
5081,1791553418.525409,746.4000,408.0000,6.0000,0.0000,True,right,True
5082,1791553418.542076,752.0000,408.0000,0.0000,0.0000,True,right,True
5083,1791553418.558742,752.0000,398.2500,0.0000,-9.7500,False,right+jump,True
5084,1791553418.575409,800.0000,389.0000,0.8000,-9.2500,False,right+jump,True
5085,1791553418.592076,801.6000,380.2500,1.6000,-8.7500,False,right+jump,False
5086,1791553418.608742,804.0000,372.0000,2.4000,-8.2500,False,right+jump,False
5087,1791553418.625409,807.2000,364.2500,3.2000,-7.7500,False,right+jump,False
5088,1791553418.642076,809.6000,357.0000,2.4000,-7.2500,False,left,False
5089,1791553418.658742,811.2000,350.2500,1.6000,-6.7500,False,left,False
5090,1791553418.675409,812.0000,344.0000,0.8000,-6.2500,False,left,False
5091,1791553418.692075,812.0000,338.2500,0.0000,-5.7500,False,left,False
5092,1791553418.708742,811.2000,333.0000,-0.8000,-5.2500,False,left,False
5093,1791553418.725409,809.6000,328.2500,-1.6000,-4.7500,False,left,False
5094,1791553418.742076,808.8000,324.0000,-0.8000,-4.2500,False,right+jump,False
5095,1791553418.758742,808.8000,320.2500,0.0000,-3.7500,False,right+jump,False
5096,1791553418.775409,809.6000,317.0000,0.8000,-3.2500,False,right+jump,False
5097,1791553418.792076,811.2000,314.2500,1.6000,-2.7500,False,right+jump,False
5098,1791553418.808742,813.6000,312.0000,2.4000,-2.2500,False,right+jump,False
5099,1791553418.825409,816.8000,310.2500,3.2000,-1.7500,False,right+jump,False
5100,1791553418.842076,819.2000,309.0000,2.4000,-1.2500,False,left,False
5101,1791553418.858742,820.8000,308.2500,1.6000,-0.7500,False,left,False
5102,1791553418.875409,821.6000,308.0000,0.8000,-0.2500,False,left,False
5103,1791553418.892076,821.6000,308.2500,0.0000,0.2500,False,left,False
5104,1791553418.908742,822.4000,309.0000,0.8000,0.7500,False,right+jump,False
5105,1791553418.925409,824.0000,310.2500,1.6000,1.2500,False,right+jump,False
5106,1791553418.942075,824.8000,312.0000,0.8000,1.7500,False,left,False
5107,1791553418.958742,824.8000,314.2500,0.0000,2.2500,False,left,False
5108,1791553418.975409,824.0000,317.0000,-0.8000,2.7500,False,left,False
5109,1791553418.992076,822.4000,320.2500,-1.6000,3.2500,False,left,False
5110,1791553419.008742,820.0000,324.0000,-2.4000,3.7500,False,left,False
5111,1791553419.025409,816.8000,328.2500,-3.2000,4.2500,False,left,False
5112,1791553419.042076,812.8000,333.0000,-4.0000,4.7500,False,left,False
5113,1791553419.058742,808.8000,338.2500,-4.0000,5.2500,False,jump,False
5114,1791553419.075409,804.8000,344.0000,-4.0000,5.7500,False,jump,False
5115,1791553419.092076,800.8000,350.2500,-4.0000,6.2500,False,jump,True
5116,1791553419.108742,800.0000,357.0000,0.0000,6.7500,False,left+jump,True
5117,1791553419.125409,800.0000,364.2500,0.0000,7.2500,False,left+jump,True
5118,1791553419.142076,800.0000,372.0000,0.0000,7.7500,False,left+jump,True
5119,1791553419.158742,800.8000,380.2500,0.8000,8.2500,False,right+jump,True
5120,1791553419.175409,802.4000,389.0000,1.6000,8.7500,False,right+jump,False
5121,1791553419.192075,804.8000,398.2500,2.4000,9.2500,False,right+jump,False
5122,1791553419.208742,808.0000,408.0000,3.2000,9.7500,False,right+jump,False
5123,1791553419.225409,812.0000,418.2500,4.0000,10.2500,False,right+jump,False
5124,1791553419.242076,816.8000,429.0000,4.8000,10.7500,False,right+jump,False
5125,1791553419.258742,821.6000,440.2500,4.8000,11.2500,False,jump,False
5126,1791553419.275409,826.4000,452.0000,4.8000,11.7500,False,jump,False
5127,1791553419.292076,830.4000,464.2500,4.0000,12.2500,False,left,False
5128,1791553419.308742,833.6000,477.0000,3.2000,12.7500,False,left,False
5129,1791553419.325409,836.0000,490.2500,2.4000,13.2500,False,left,False
5130,1791553419.342076,837.6000,504.0000,1.6000,13.7500,False,left,False
5131,1791553419.358742,838.4000,518.2500,0.8000,14.2500,False,left,False
5132,1791553419.375409,838.4000,533.0000,0.0000,14.7500,False,left,False
5133,1791553419.392076,837.6000,548.2500,-0.8000,15.2500,False,left,False
5134,1791553419.408742,836.0000,564.0000,-1.6000,15.7500,False,left,False
5135,1791553419.425409,833.6000,580.2500,-2.4000,16.2500,False,left,False
5136,1791553419.442075,830.4000,597.0000,-3.2000,16.7500,False,left,False
5137,1791553419.458742,826.4000,614.2500,-4.0000,17.2500,False,left,False
5138,1791553419.475409,821.6000,632.0000,-4.8000,17.7500,False,left,False
5139,1791553419.492076,816.0000,650.2500,-5.6000,18.2500,False,left,False
5140,1791553419.508742,810.0000,669.0000,-6.0000,18.7500,False,left,False
5141,1791553419.525409,804.0000,688.2500,-6.0000,19.2500,False,left,False
5142,1791553419.542076,798.0000,708.0000,-6.0000,19.7500,False,left,False
5143,1791553419.558742,792.0000,728.2500,-6.0000,20.2500,False,left,False
5144,1791553419.575409,786.0000,749.0000,-6.0000,20.7500,False,left,False
5145,1791553419.592076,780.0000,770.2500,-6.0000,21.2500,False,left,False
5146,1791553419.608742,774.0000,792.0000,-6.0000,21.7500,False,left,False
5147,1791553419.625409,768.0000,814.2500,-6.0000,22.2500,False,left,False
5148,1791553419.642076,762.0000,837.0000,-6.0000,22.7500,False,left,False
5149,1791553419.658742,756.0000,860.2500,-6.0000,23.2500,False,left,False
5150,1791553419.675409,750.0000,884.0000,-6.0000,23.7500,False,left,False
5151,1791553419.692075,744.0000,908.2500,-6.0000,24.2500,False,left,False
5152,1791553419.708742,738.0000,933.0000,-6.0000,24.7500,False,left,False
5153,1791553419.725409,732.0000,958.2500,-6.0000,25.2500,False,left,False
5154,1791553419.742076,726.0000,984.0000,-6.0000,25.7500,False,left,False
5155,1791553419.758742,720.0000,1010.2500,-6.0000,26.2500,False,left,False
5156,1791553419.775409,714.0000,1037.0000,-6.0000,26.7500,False,left,False
5157,1791553419.792076,708.0000,1064.2500,-6.0000,27.2500,False,left,False
5158,1791553419.808742,702.0000,1092.0000,-6.0000,27.7500,False,left,False
5159,1791553419.825409,696.0000,1120.2500,-6.0000,28.2500,False,left,False
5160,1791553419.842076,690.0000,1149.0000,-6.0000,28.7500,False,left,False
5161,1791553419.858742,684.0000,1178.2500,-6.0000,29.2500,False,left,False
5162,1791553419.875409,678.0000,1208.0000,-6.0000,29.7500,False,left,False
5163,1791553419.892076,672.0000,1238.2500,-6.0000,30.2500,False,left,False
5164,1791553419.908742,666.0000,1269.0000,-6.0000,30.7500,False,left,False
5165,1791553419.925409,660.0000,1300.2500,-6.0000,31.2500,False,left,False
5166,1791553419.942075,654.0000,1332.0000,-6.0000,31.7500,False,left,False
5167,1791553419.958742,648.0000,1364.2500,-6.0000,32.2500,False,left,False
5168,1791553419.975409,642.0000,1397.0000,-6.0000,32.7500,False,left,False
5169,1791553419.992076,636.0000,1430.2500,-6.0000,33.2500,False,left,False
5170,1791553420.008742,630.0000,1464.0000,-6.0000,33.7500,False,left,False
5171,1791553420.025409,624.0000,1498.2500,-6.0000,34.2500,False,left,False
5172,1791553420.042076,618.0000,1533.0000,-6.0000,34.7500,False,left,False
5173,1791553420.058742,612.0000,1568.2500,-6.0000,35.2500,False,left,False
5174,1791553420.075409,606.0000,1604.0000,-6.0000,35.7500,False,left,False
5175,1791553420.092076,600.0000,1640.2500,-6.0000,36.2500,False,left,False
5176,1791553420.108742,594.0000,1677.0000,-6.0000,36.7500,False,left,False
5177,1791553420.125409,588.0000,1714.2500,-6.0000,37.2500,False,left,False
5178,1791553420.142076,582.0000,1752.0000,-6.0000,37.7500,False,left,False
5179,1791553420.158742,576.0000,1790.2500,-6.0000,38.2500,False,left,False
5180,1791553420.175409,570.0000,1829.0000,-6.0000,38.7500,False,left,False
5181,1791553420.192075,564.0000,1868.2500,-6.0000,39.2500,False,left,False
5182,1791553420.208742,558.0000,1908.0000,-6.0000,39.7500,False,left,False
5183,1791553420.225409,552.0000,1948.2500,-6.0000,40.2500,False,left,False
5184,1791553420.242076,546.0000,1989.0000,-6.0000,40.7500,False,left,False
5185,1791553420.258742,540.0000,2030.2500,-6.0000,41.2500,False,left,False
5186,1791553420.275409,534.0000,2072.0000,-6.0000,41.7500,False,left,False
5187,1791553420.292076,528.0000,2114.2500,-6.0000,42.2500,False,left,False
5188,1791553420.308742,522.0000,2157.0000,-6.0000,42.7500,False,left,False
5189,1791553420.325409,516.0000,2200.2500,-6.0000,43.2500,False,left,False
5190,1791553420.342076,510.0000,2244.0000,-6.0000,43.7500,False,left,False
5191,1791553420.358742,504.0000,2288.2500,-6.0000,44.2500,False,left,False
5192,1791553420.375409,498.0000,2333.0000,-6.0000,44.7500,False,left,False
5193,1791553420.392076,492.0000,2378.2500,-6.0000,45.2500,False,left,False
5194,1791553420.408742,486.0000,2424.0000,-6.0000,45.7500,False,left,False
5195,1791553420.425409,480.0000,2470.2500,-6.0000,46.2500,False,left,False
5196,1791553420.442075,474.0000,2517.0000,-6.0000,46.7500,False,left,False
5197,1791553420.458742,468.0000,2564.2500,-6.0000,47.2500,False,left,False
5198,1791553420.475409,462.0000,2612.0000,-6.0000,47.7500,False,left,False
5199,1791553420.492076,456.0000,2660.2500,-6.0000,48.2500,False,left,False
5200,1791553420.508742,450.0000,2709.0000,-6.0000,48.7500,False,left,False
5201,1791553420.525409,444.0000,2758.2500,-6.0000,49.2500,False,left,False
5202,1791553420.542076,438.0000,2808.0000,-6.0000,49.7500,False,left,False
5203,1791553420.558742,432.0000,2858.2500,-6.0000,50.2500,False,left,False
5204,1791553420.575409,426.0000,2909.0000,-6.0000,50.7500,False,left,False
5205,1791553420.592076,420.0000,2960.2500,-6.0000,51.2500,False,left,False
5206,1791553420.608742,414.0000,3012.0000,-6.0000,51.7500,False,left,False
5207,1791553420.625409,408.0000,3064.2500,-6.0000,52.2500,False,left,False
5208,1791553420.642076,402.0000,3117.0000,-6.0000,52.7500,False,left,False
5209,1791553420.658742,396.0000,3170.2500,-6.0000,53.2500,False,left,False
5210,1791553420.675409,390.0000,3224.0000,-6.0000,53.7500,False,left,False
5211,1791553420.692075,384.0000,3278.2500,-6.0000,54.2500,False,left,False
5212,1791553420.708742,378.0000,3333.0000,-6.0000,54.7500,False,left,False
5213,1791553420.725409,372.0000,3388.2500,-6.0000,55.2500,False,left,False
5214,1791553420.742076,366.0000,3444.0000,-6.0000,55.7500,False,left,False
5215,1791553420.758742,360.0000,3500.2500,-6.0000,56.2500,False,left,False
5216,1791553420.775409,354.0000,3557.0000,-6.0000,56.7500,False,left,False
5217,1791553420.792076,348.0000,3614.2500,-6.0000,57.2500,False,left,False
5218,1791553420.808742,342.0000,3672.0000,-6.0000,57.7500,False,left,False
5219,1791553420.825409,336.0000,3730.2500,-6.0000,58.2500,False,left,False
5220,1791553420.842076,330.0000,3789.0000,-6.0000,58.7500,False,left,False
5221,1791553420.858742,324.0000,3848.2500,-6.0000,59.2500,False,left,False
5222,1791553420.875409,318.0000,3908.0000,-6.0000,59.7500,False,left,False
5223,1791553420.892076,312.0000,3968.2500,-6.0000,60.2500,False,left,False
5224,1791553420.908742,306.0000,4029.0000,-6.0000,60.7500,False,left,False
5225,1791553420.925409,300.0000,4090.2500,-6.0000,61.2500,False,left,False
5226,1791553420.942075,294.0000,4152.0000,-6.0000,61.7500,False,left,False
5227,1791553420.958742,288.0000,4214.2500,-6.0000,62.2500,False,left,False
5228,1791553420.975409,282.0000,4277.0000,-6.0000,62.7500,False,left,False
5229,1791553420.992076,276.0000,4340.2500,-6.0000,63.2500,False,left,False
5230,1791553421.008742,270.0000,4404.0000,-6.0000,63.7500,False,left,False
5231,1791553421.025409,264.0000,4468.2500,-6.0000,64.2500,False,left,False
5232,1791553421.042076,258.0000,4533.0000,-6.0000,64.7500,False,left,False
5233,1791553421.058742,252.0000,4598.2500,-6.0000,65.2500,False,left,False
5234,1791553421.075409,246.0000,4664.0000,-6.0000,65.7500,False,left,False
5235,1791553421.092076,240.0000,4730.2500,-6.0000,66.2500,False,left,False
5236,1791553421.108742,234.0000,4797.0000,-6.0000,66.7500,False,left,False
5237,1791553421.125409,228.0000,4864.2500,-6.0000,67.2500,False,left,False
5238,1791553421.142076,222.0000,4932.0000,-6.0000,67.7500,False,left,False
5239,1791553421.158742,216.0000,5000.2500,-6.0000,68.2500,False,left,False
5240,1791553421.175409,210.0000,5069.0000,-6.0000,68.7500,False,left,False
5241,1791553421.192075,204.0000,5138.2500,-6.0000,69.2500,False,left,False
5242,1791553421.208742,198.0000,5208.0000,-6.0000,69.7500,False,left,False
5243,1791553421.225409,192.0000,5278.2500,-6.0000,70.2500,False,left,False
5244,1791553421.242076,186.0000,5349.0000,-6.0000,70.7500,False,left,False
5245,1791553421.258742,180.0000,5420.2500,-6.0000,71.2500,False,left,False
5246,1791553421.275409,174.0000,5492.0000,-6.0000,71.7500,False,left,False
5247,1791553421.292076,168.0000,5564.2500,-6.0000,72.2500,False,left,False
5248,1791553421.308742,162.0000,5637.0000,-6.0000,72.7500,False,left,False
5249,1791553421.325409,156.0000,5710.2500,-6.0000,73.2500,False,left,False
5250,1791553421.342076,150.0000,5784.0000,-6.0000,73.7500,False,left,False
5251,1791553421.358742,144.0000,5858.2500,-6.0000,74.2500,False,left,False
5252,1791553421.375409,138.0000,5933.0000,-6.0000,74.7500,False,left,False
5253,1791553421.392076,132.0000,6008.2500,-6.0000,75.2500,False,left,False
5254,1791553421.408742,126.0000,6084.0000,-6.0000,75.7500,False,left,False
5255,1791553421.425409,120.0000,6160.2500,-6.0000,76.2500,False,left,False
5256,1791553421.442075,114.0000,6237.0000,-6.0000,76.7500,False,left,False
5257,1791553421.458742,108.0000,6314.2500,-6.0000,77.2500,False,left,False
5258,1791553421.475409,102.0000,6392.0000,-6.0000,77.7500,False,left,False
5259,1791553421.492076,96.0000,6470.2500,-6.0000,78.2500,False,left,False
5260,1791553421.508742,90.0000,6549.0000,-6.0000,78.7500,False,left,False
5261,1791553421.525409,84.0000,6628.2500,-6.0000,79.2500,False,left,False
5262,1791553421.542076,78.0000,6708.0000,-6.0000,79.7500,False,left,False
5263,1791553421.558742,72.0000,6788.2500,-6.0000,80.2500,False,left,False
5264,1791553421.575409,66.0000,6869.0000,-6.0000,80.7500,False,left,False
5265,1791553421.592076,60.0000,6950.2500,-6.0000,81.2500,False,left,False
5266,1791553421.608742,54.0000,7032.0000,-6.0000,81.7500,False,left,False
5267,1791553421.625409,48.0000,7114.2500,-6.0000,82.2500,False,left,False
5268,1791553421.642076,42.0000,7197.0000,-6.0000,82.7500,False,left,False
5269,1791553421.658742,36.0000,7280.2500,-6.0000,83.2500,False,left,False
5270,1791553421.675409,30.0000,7364.0000,-6.0000,83.7500,False,left,False
5271,1791553421.692075,24.0000,7448.2500,-6.0000,84.2500,False,left,False
5272,1791553421.708742,18.0000,7533.0000,-6.0000,84.7500,False,left,False
5273,1791553421.725409,12.0000,7618.2500,-6.0000,85.2500,False,left,False
5274,1791553421.742076,6.0000,7704.0000,-6.0000,85.7500,False,left,False
5275,1791553421.758742,-0.0000,7790.2500,-6.0000,86.2500,False,left,False
5276,1791553421.775409,-6.0000,7877.0000,-6.0000,86.7500,False,left,False
5277,1791553421.792076,-12.0000,7964.2500,-6.0000,87.2500,False,left,False
5278,1791553421.808742,-18.0000,8052.0000,-6.0000,87.7500,False,left,False
5279,1791553421.825409,-24.0000,8140.2500,-6.0000,88.2500,False,left,False
5280,1791553421.842076,-30.0000,8229.0000,-6.0000,88.7500,False,left,False
5281,1791553421.858742,-36.0000,8318.2500,-6.0000,89.2500,False,left,False
5282,1791553421.875409,-42.0000,8408.0000,-6.0000,89.7500,False,left,False
5283,1791553421.892076,-48.0000,8498.2500,-6.0000,90.2500,False,left,False
5284,1791553421.908742,-54.0000,8589.0000,-6.0000,90.7500,False,left,False
5285,1791553421.925409,-60.0000,8680.2500,-6.0000,91.2500,False,left,False
5286,1791553421.942075,-66.0000,8772.0000,-6.0000,91.7500,False,left,False
5287,1791553421.958742,-72.0000,8864.2500,-6.0000,92.2500,False,left,False
5288,1791553421.975409,-78.0000,8957.0000,-6.0000,92.7500,False,left,False
5289,1791553421.992076,-84.0000,9050.2500,-6.0000,93.2500,False,left,False
5290,1791553422.008742,-90.0000,9144.0000,-6.0000,93.7500,False,left,False
5291,1791553422.025409,-96.0000,9238.2500,-6.0000,94.2500,False,left,False
5292,1791553422.042076,-102.0000,9333.0000,-6.0000,94.7500,False,left,False
5293,1791553422.058742,-108.0000,9428.2500,-6.0000,95.2500,False,left,False
5294,1791553422.075409,-114.0000,9524.0000,-6.0000,95.7500,False,left,False
5295,1791553422.092076,-120.0000,9620.2500,-6.0000,96.2500,False,left,False
5296,1791553422.108742,-126.0000,9717.0000,-6.0000,96.7500,False,left,False
5297,1791553422.125409,-132.0000,9814.2500,-6.0000,97.2500,False,left,False
5298,1791553422.142076,-138.0000,9912.0000,-6.0000,97.7500,False,left,False
5299,1791553422.158742,-144.0000,10010.2500,-6.0000,98.2500,False,left,False
5300,1791553422.175409,-150.0000,10109.0000,-6.0000,98.7500,False,left,False
5301,1791553422.192075,-156.0000,10208.2500,-6.0000,99.2500,False,left,False
5302,1791553422.208742,-162.0000,10308.0000,-6.0000,99.7500,False,left,False
5303,1791553422.225409,-168.0000,10408.2500,-6.0000,100.2500,False,left,False
5304,1791553422.242076,-174.0000,10509.0000,-6.0000,100.7500,False,left,False
5305,1791553422.258742,-180.0000,10610.2500,-6.0000,101.2500,False,left,False
5306,1791553422.275409,-186.0000,10712.0000,-6.0000,101.7500,False,left,False
5307,1791553422.292076,-192.0000,10814.2500,-6.0000,102.2500,False,left,False
5308,1791553422.308742,-198.0000,10917.0000,-6.0000,102.7500,False,left,False
5309,1791553422.325409,-204.0000,11020.2500,-6.0000,103.2500,False,left,False
5310,1791553422.342076,-210.0000,11124.0000,-6.0000,103.7500,False,left,False
5311,1791553422.358742,-216.0000,11228.2500,-6.0000,104.2500,False,left,False
5312,1791553422.375409,-222.0000,11333.0000,-6.0000,104.7500,False,left,False
5313,1791553422.392076,-228.0000,11438.2500,-6.0000,105.2500,False,left,False
5314,1791553422.408742,-234.0000,11544.0000,-6.0000,105.7500,False,left,False
5315,1791553422.425409,-240.0000,11650.2500,-6.0000,106.2500,False,left,False
5316,1791553422.442075,-246.0000,11757.0000,-6.0000,106.7500,False,left,False
5317,1791553422.458742,-252.0000,11864.2500,-6.0000,107.2500,False,left,False
5318,1791553422.475409,-258.0000,11972.0000,-6.0000,107.7500,False,left,False
5319,1791553422.492076,-264.0000,12080.2500,-6.0000,108.2500,False,left,False
5320,1791553422.508742,-270.0000,12189.0000,-6.0000,108.7500,False,left,False
5321,1791553422.525409,-276.0000,12298.2500,-6.0000,109.2500,False,left,False
5322,1791553422.542076,-282.0000,12408.0000,-6.0000,109.7500,False,left,False
5323,1791553422.558742,-288.0000,12518.2500,-6.0000,110.2500,False,left,False
5324,1791553422.575409,-294.0000,12629.0000,-6.0000,110.7500,False,left,False
5325,1791553422.592076,-300.0000,12740.2500,-6.0000,111.2500,False,left,False
5326,1791553422.608742,-306.0000,12852.0000,-6.0000,111.7500,False,left,False
5327,1791553422.625409,-312.0000,12964.2500,-6.0000,112.2500,False,left,False
5328,1791553422.642076,-318.0000,13077.0000,-6.0000,112.7500,False,left,False
5329,1791553422.658742,-324.0000,13190.2500,-6.0000,113.2500,False,left,False
5330,1791553422.675409,-330.0000,13304.0000,-6.0000,113.7500,False,left,False
5331,1791553422.692075,-336.0000,13418.2500,-6.0000,114.2500,False,left,False
5332,1791553422.708742,-342.0000,13533.0000,-6.0000,114.7500,False,left,False
5333,1791553422.725409,-348.0000,13648.2500,-6.0000,115.2500,False,left,False
5334,1791553422.742076,-354.0000,13764.0000,-6.0000,115.7500,False,left,False
5335,1791553422.758742,-360.0000,13880.2500,-6.0000,116.2500,False,left,False
5336,1791553422.775409,-366.0000,13997.0000,-6.0000,116.7500,False,left,False
5337,1791553422.792076,-372.0000,14114.2500,-6.0000,117.2500,False,left,False
5338,1791553422.808742,-378.0000,14232.0000,-6.0000,117.7500,False,left,False
5339,1791553422.825409,-384.0000,14350.2500,-6.0000,118.2500,False,left,False
5340,1791553422.842076,-390.0000,14469.0000,-6.0000,118.7500,False,left,False
5341,1791553422.858742,-396.0000,14588.2500,-6.0000,119.2500,False,left,False
5342,1791553422.875409,-402.0000,14708.0000,-6.0000,119.7500,False,left,False
5343,1791553422.892076,-408.0000,14828.2500,-6.0000,120.2500,False,left,False
5344,1791553422.908742,-414.0000,14949.0000,-6.0000,120.7500,False,left,False
5345,1791553422.925409,-420.0000,15070.2500,-6.0000,121.2500,False,left,False
5346,1791553422.942075,-426.0000,15192.0000,-6.0000,121.7500,False,left,False
5347,1791553422.958742,-432.0000,15314.2500,-6.0000,122.2500,False,left,False
5348,1791553422.975409,-438.0000,15437.0000,-6.0000,122.7500,False,left,False
5349,1791553422.992076,-444.0000,15560.2500,-6.0000,123.2500,False,left,False
5350,1791553423.008742,-450.0000,15684.0000,-6.0000,123.7500,False,left,False
5351,1791553423.025409,-456.0000,15808.2500,-6.0000,124.2500,False,left,False
5352,1791553423.042076,-462.0000,15933.0000,-6.0000,124.7500,False,left,False
5353,1791553423.058742,-468.0000,16058.2500,-6.0000,125.2500,False,left,False
5354,1791553423.075409,-474.0000,16184.0000,-6.0000,125.7500,False,left,False
5355,1791553423.092076,-480.0000,16310.2500,-6.0000,126.2500,False,left,False
5356,1791553423.108742,-486.0000,16437.0000,-6.0000,126.7500,False,left,False
5357,1791553423.125409,-492.0000,16564.2500,-6.0000,127.2500,False,left,False
5358,1791553423.142076,-498.0000,16692.0000,-6.0000,127.7500,False,left,False
5359,1791553423.158742,-504.0000,16820.2500,-6.0000,128.2500,False,left,False
5360,1791553423.175409,-510.0000,16949.0000,-6.0000,128.7500,False,left,False
5361,1791553423.192075,-516.0000,17078.2500,-6.0000,129.2500,False,left,False
5362,1791553423.208742,-522.0000,17208.0000,-6.0000,129.7500,False,left,False
5363,1791553423.225409,-528.0000,17338.2500,-6.0000,130.2500,False,left,False
5364,1791553423.242076,-534.0000,17469.0000,-6.0000,130.7500,False,left,False
5365,1791553423.258742,-540.0000,17600.2500,-6.0000,131.2500,False,left,False
5366,1791553423.275409,-546.0000,17732.0000,-6.0000,131.7500,False,left,False
5367,1791553423.292076,-552.0000,17864.2500,-6.0000,132.2500,False,left,False
5368,1791553423.308742,-558.0000,17997.0000,-6.0000,132.7500,False,left,False
5369,1791553423.325409,-564.0000,18130.2500,-6.0000,133.2500,False,left,False
5370,1791553423.342076,-570.0000,18264.0000,-6.0000,133.7500,False,left,False
5371,1791553423.358742,-576.0000,18398.2500,-6.0000,134.2500,False,left,False
5372,1791553423.375409,-582.0000,18533.0000,-6.0000,134.7500,False,left,False
5373,1791553423.392076,-588.0000,18668.2500,-6.0000,135.2500,False,left,False
5374,1791553423.408742,-594.0000,18804.0000,-6.0000,135.7500,False,left,False
5375,1791553423.425409,-600.0000,18940.2500,-6.0000,136.2500,False,left,False
5376,1791553423.442075,-606.0000,19077.0000,-6.0000,136.7500,False,left,False
5377,1791553423.458742,-612.0000,19214.2500,-6.0000,137.2500,False,left,False
5378,1791553423.475409,-618.0000,19352.0000,-6.0000,137.7500,False,left,False
5379,1791553423.492076,-624.0000,19490.2500,-6.0000,138.2500,False,left,False
5380,1791553423.508742,-630.0000,19629.0000,-6.0000,138.7500,False,left,False
5381,1791553423.525409,-636.0000,19768.2500,-6.0000,139.2500,False,left,False
5382,1791553423.542076,-642.0000,19908.0000,-6.0000,139.7500,False,left,False
5383,1791553423.558742,-648.0000,20048.2500,-6.0000,140.2500,False,left,False
5384,1791553423.575409,-654.0000,20189.0000,-6.0000,140.7500,False,left,False
5385,1791553423.592076,-660.0000,20330.2500,-6.0000,141.2500,False,left,False
5386,1791553423.608742,-666.0000,20472.0000,-6.0000,141.7500,False,left,False
5387,1791553423.625409,-672.0000,20614.2500,-6.0000,142.2500,False,left,False
5388,1791553423.642076,-678.0000,20757.0000,-6.0000,142.7500,False,left,False
5389,1791553423.658742,-684.0000,20900.2500,-6.0000,143.2500,False,left,False
5390,1791553423.675409,-690.0000,21044.0000,-6.0000,143.7500,False,left,False
5391,1791553423.692075,-696.0000,21188.2500,-6.0000,144.2500,False,left,False
5392,1791553423.708742,-702.0000,21333.0000,-6.0000,144.7500,False,left,False
5393,1791553423.725409,-708.0000,21478.2500,-6.0000,145.2500,False,left,False
5394,1791553423.742076,-714.0000,21624.0000,-6.0000,145.7500,False,left,False
5395,1791553423.758742,-720.0000,21770.2500,-6.0000,146.2500,False,left,False
5396,1791553423.775409,-726.0000,21917.0000,-6.0000,146.7500,False,left,False
5397,1791553423.792076,-732.0000,22064.2500,-6.0000,147.2500,False,left,False
5398,1791553423.808742,-738.0000,22212.0000,-6.0000,147.7500,False,left,False
5399,1791553423.825409,-744.0000,22360.2500,-6.0000,148.2500,False,left,False
5400,1791553423.842076,-750.0000,22509.0000,-6.0000,148.7500,False,left,False
5401,1791553423.858742,-756.0000,22658.2500,-6.0000,149.2500,False,left,False
5402,1791553423.875409,-762.0000,22808.0000,-6.0000,149.7500,False,left,False
5403,1791553423.892076,-768.0000,22958.2500,-6.0000,150.2500,False,left,False
5404,1791553423.908742,-774.0000,23109.0000,-6.0000,150.7500,False,left,False
5405,1791553423.925409,-780.0000,23260.2500,-6.0000,151.2500,False,left,False
5406,1791553423.942075,-786.0000,23412.0000,-6.0000,151.7500,False,left,False
5407,1791553423.958742,-792.0000,23564.2500,-6.0000,152.2500,False,left,False
5408,1791553423.975409,-798.0000,23717.0000,-6.0000,152.7500,False,left,False
5409,1791553423.992076,-804.0000,23870.2500,-6.0000,153.2500,False,left,False
5410,1791553424.008742,-810.0000,24024.0000,-6.0000,153.7500,False,left,False
5411,1791553424.025409,-816.0000,24178.2500,-6.0000,154.2500,False,left,False
5412,1791553424.042076,-822.0000,24333.0000,-6.0000,154.7500,False,left,False
5413,1791553424.058742,-828.0000,24488.2500,-6.0000,155.2500,False,left,False
5414,1791553424.075409,-834.0000,24644.0000,-6.0000,155.7500,False,left,False
5415,1791553424.092076,-840.0000,24800.2500,-6.0000,156.2500,False,left,False
5416,1791553424.108742,-846.0000,24957.0000,-6.0000,156.7500,False,left,False
5417,1791553424.125409,-852.0000,25114.2500,-6.0000,157.2500,False,left,False
5418,1791553424.142076,-858.0000,25272.0000,-6.0000,157.7500,False,left,False
5419,1791553424.158742,-864.0000,25430.2500,-6.0000,158.2500,False,left,False
5420,1791553424.175409,-870.0000,25589.0000,-6.0000,158.7500,False,left,False
5421,1791553424.192075,39.2000,404.5000,-0.8000,0.5000,False,left,False
5422,1791553424.208742,39.2000,405.5000,0.0000,1.0000,False,right,False
5423,1791553424.225409,40.0000,407.0000,0.8000,1.5000,False,right,False
5424,1791553424.242076,41.6000,408.0000,1.6000,0.0000,True,right,True
5425,1791553424.258742,44.0000,408.0000,2.4000,0.0000,True,right,True
5426,1791553424.275409,47.2000,408.0000,3.2000,0.0000,True,right,True
5427,1791553424.292076,51.2000,408.0000,4.0000,0.0000,True,right,True
5428,1791553424.308742,56.0000,408.0000,4.8000,0.0000,True,right,True
5429,1791553424.325409,61.6000,408.0000,5.6000,0.0000,True,right,True
5430,1791553424.342076,67.6000,408.0000,6.0000,0.0000,True,right,True
5431,1791553424.358742,73.6000,408.0000,6.0000,0.0000,True,right,True
5432,1791553424.375409,79.6000,408.0000,6.0000,0.0000,True,right,True
5433,1791553424.392076,85.6000,408.0000,6.0000,0.0000,True,right,True
5434,1791553424.408742,91.6000,408.0000,6.0000,0.0000,True,right,True
5435,1791553424.425409,97.6000,408.0000,6.0000,0.0000,True,right,True
5436,1791553424.442075,103.6000,408.0000,6.0000,0.0000,True,right,True
5437,1791553424.458742,109.6000,408.0000,6.0000,0.0000,True,right,True
5438,1791553424.475409,115.6000,408.0000,6.0000,0.0000,True,right,True
5439,1791553424.492076,121.6000,408.0000,6.0000,0.0000,True,right,True
5440,1791553424.508742,127.6000,408.0000,6.0000,0.0000,True,right,True
5441,1791553424.525409,133.6000,408.0000,6.0000,0.0000,True,right,True
5442,1791553424.542076,139.6000,408.0000,6.0000,0.0000,True,right,True
5443,1791553424.558742,145.6000,408.0000,6.0000,0.0000,True,right,True
5444,1791553424.575409,151.6000,408.0000,6.0000,0.0000,True,right,True
5445,1791553424.592076,157.6000,408.0000,6.0000,0.0000,True,right,True
5446,1791553424.608742,163.6000,408.0000,6.0000,0.0000,True,right,True
5447,1791553424.625409,169.6000,408.0000,6.0000,0.0000,True,right,True
5448,1791553424.642076,175.6000,408.0000,6.0000,0.0000,True,right,True
5449,1791553424.658742,181.6000,408.0000,6.0000,0.0000,True,right,True
5450,1791553424.675409,187.6000,408.0000,6.0000,0.0000,True,right,True
5451,1791553424.692075,193.6000,408.0000,6.0000,0.0000,True,right,True
5452,1791553424.708742,199.6000,408.0000,6.0000,0.0000,True,right,True
5453,1791553424.725409,205.6000,408.0000,6.0000,0.0000,True,right,True
5454,1791553424.742076,210.7000,408.0000,5.1000,0.0000,True,none,True
5455,1791553424.758742,215.0350,408.0000,4.3350,0.0000,True,none,True
5456,1791553424.775409,218.7198,408.0000,3.6847,0.0000,True,none,True
5457,1791553424.792076,221.8518,408.0000,3.1320,0.0000,True,none,True
5458,1791553424.808742,224.5140,408.0000,2.6622,0.0000,True,none,True
5459,1791553424.825409,226.7769,408.0000,2.2629,0.0000,True,none,True
5460,1791553424.842076,228.7004,408.0000,1.9235,0.0000,True,none,True
5461,1791553424.858742,230.3353,408.0000,1.6349,0.0000,True,none,True
5462,1791553424.875409,231.7250,408.0000,1.3897,0.0000,True,none,True
5463,1791553424.892076,232.9063,408.0000,1.1812,0.0000,True,none,True
5464,1791553424.908742,233.9103,408.0000,1.0041,0.0000,True,none,True
5465,1791553424.925409,234.7638,408.0000,0.8535,0.0000,True,none,True
5466,1791553424.942075,235.4892,408.0000,0.7254,0.0000,True,none,True
5467,1791553424.958742,236.1058,408.0000,0.6166,0.0000,True,none,True
5468,1791553424.975409,236.6300,408.0000,0.5241,0.0000,True,none,True
5469,1791553424.992076,237.0755,408.0000,0.4455,0.0000,True,none,True
5470,1791553425.008742,237.4541,408.0000,0.3787,0.0000,True,none,True
5471,1791553425.025409,237.7760,408.0000,0.3219,0.0000,True,none,True
5472,1791553425.042076,238.0496,408.0000,0.2736,0.0000,True,none,True
5473,1791553425.058742,239.1232,398.2500,1.0736,-9.7500,False,right+jump,False
5474,1791553425.075409,240.9968,389.0000,1.8736,-9.2500,False,right,False
5475,1791553425.092076,243.6704,380.2500,2.6736,-8.7500,False,right,False
5476,1791553425.108742,247.1440,372.0000,3.4736,-8.2500,False,right,False
5477,1791553425.125409,251.4176,364.2500,4.2736,-7.7500,False,right,False
5478,1791553425.142076,256.4912,357.0000,5.0736,-7.2500,False,right,False
5479,1791553425.158742,262.3648,350.2500,5.8736,-6.7500,False,right,False
5480,1791553425.175409,268.3648,344.0000,6.0000,-6.2500,False,right,False
5481,1791553425.192075,274.3648,338.2500,6.0000,-5.7500,False,right,False
5482,1791553425.208742,280.3648,333.0000,6.0000,-5.2500,False,right,False
5483,1791553425.225409,286.3648,328.2500,6.0000,-4.7500,False,right,False
5484,1791553425.242076,292.3648,324.0000,6.0000,-4.2500,False,right,False
5485,1791553425.258742,298.3648,320.2500,6.0000,-3.7500,False,right,False
5486,1791553425.275409,304.3648,317.0000,6.0000,-3.2500,False,right,False
5487,1791553425.292076,310.3648,314.2500,6.0000,-2.7500,False,right,False
5488,1791553425.308742,316.3648,312.0000,6.0000,-2.2500,False,right,False
5489,1791553425.325409,322.3648,310.2500,6.0000,-1.7500,False,right,False
5490,1791553425.342076,328.3648,309.0000,6.0000,-1.2500,False,right,False
5491,1791553425.358742,334.3648,308.2500,6.0000,-0.7500,False,right,False
5492,1791553425.375409,340.3648,308.0000,6.0000,-0.2500,False,right,False
5493,1791553425.392076,346.3648,308.2500,6.0000,0.2500,False,right,False
5494,1791553425.408742,352.3648,309.0000,6.0000,0.7500,False,right,False
5495,1791553425.425409,358.3648,310.2500,6.0000,1.2500,False,right,False
5496,1791553425.442075,364.3648,312.0000,6.0000,1.7500,False,right,False
5497,1791553425.458742,370.3648,314.2500,6.0000,2.2500,False,right,False
5498,1791553425.475409,376.3648,317.0000,6.0000,2.7500,False,right,False
5499,1791553425.492076,382.3648,320.2500,6.0000,3.2500,False,right,False
5500,1791553425.508742,388.3648,324.0000,6.0000,3.7500,False,right,False
5501,1791553425.525409,394.3648,328.2500,6.0000,4.2500,False,right,False
5502,1791553425.542076,400.3648,333.0000,6.0000,4.7500,False,right,False
5503,1791553425.558742,406.3648,338.2500,6.0000,5.2500,False,right,False
5504,1791553425.575409,412.3648,344.0000,6.0000,5.7500,False,right,False
5505,1791553425.592076,418.3648,350.2500,6.0000,6.2500,False,right,False
5506,1791553425.608742,424.3648,357.0000,6.0000,6.7500,False,right,False
5507,1791553425.625409,430.3648,364.2500,6.0000,7.2500,False,right,False
5508,1791553425.642076,436.3648,372.0000,6.0000,7.7500,False,right,False
5509,1791553425.658742,442.3648,380.2500,6.0000,8.2500,False,right,False
5510,1791553425.675409,448.3648,389.0000,6.0000,8.7500,False,right,False
5511,1791553425.692075,454.3648,398.2500,6.0000,9.2500,False,right,False
5512,1791553425.708742,460.3648,408.0000,6.0000,9.7500,False,right,True
5513,1791553425.725409,466.3648,408.0000,6.0000,0.0000,True,right,True
5514,1791553425.742076,472.3648,408.0000,6.0000,0.0000,True,right,True
5515,1791553425.758742,478.3648,408.0000,6.0000,0.0000,True,right,True
5516,1791553425.775409,484.3648,408.0000,6.0000,0.0000,True,right,True
5517,1791553425.792076,490.3648,408.0000,6.0000,0.0000,True,right,True
5518,1791553425.808742,496.3648,408.0000,6.0000,0.0000,True,right,True
5519,1791553425.825409,502.3648,408.0000,6.0000,0.0000,True,right,True
5520,1791553425.842076,508.3648,408.0000,6.0000,0.0000,True,right,True
5521,1791553425.858742,514.3648,408.0000,6.0000,0.0000,True,right,True
5522,1791553425.875409,520.3648,408.0000,6.0000,0.0000,True,right,True
5523,1791553425.892076,526.3648,408.0000,6.0000,0.0000,True,right,True
5524,1791553425.908742,532.3648,408.0000,6.0000,0.0000,True,right,True
5525,1791553425.925409,538.3648,408.0000,6.0000,0.0000,True,right,True
5526,1791553425.942075,544.3648,408.0000,6.0000,0.0000,True,right,True
5527,1791553425.958742,550.3648,398.2500,6.0000,-9.7500,False,right+jump,False
5528,1791553425.975409,556.3648,389.0000,6.0000,-9.2500,False,right,False
5529,1791553425.992076,562.3648,380.2500,6.0000,-8.7500,False,right,False
5530,1791553426.008742,568.3648,376.0000,6.0000,0.0000,False,right,True
5531,1791553426.025409,574.3648,376.5000,6.0000,0.5000,False,right,True
5532,1791553426.042076,580.3648,377.5000,6.0000,1.0000,False,right,False
5533,1791553426.058742,586.3648,379.0000,6.0000,1.5000,False,right,False
5534,1791553426.075409,592.3648,381.0000,6.0000,2.0000,False,right,False
5535,1791553426.092076,598.3648,383.5000,6.0000,2.5000,False,right,False
5536,1791553426.108742,604.3648,386.5000,6.0000,3.0000,False,right,False
5537,1791553426.125409,610.3648,390.0000,6.0000,3.5000,False,right,False
5538,1791553426.142076,616.3648,394.0000,6.0000,4.0000,False,right,False
5539,1791553426.158742,622.3648,398.5000,6.0000,4.5000,False,right,False
5540,1791553426.175409,628.3648,403.5000,6.0000,5.0000,False,right,False
5541,1791553426.192075,634.3648,408.0000,6.0000,0.0000,True,right,True
5542,1791553426.208742,640.3648,408.0000,6.0000,0.0000,True,right,True
5543,1791553426.225409,646.3648,408.0000,6.0000,0.0000,True,right,True
5544,1791553426.242076,652.3648,408.0000,6.0000,0.0000,True,right,True
5545,1791553426.258742,658.3648,408.0000,6.0000,0.0000,True,right,True
5546,1791553426.275409,664.3648,408.0000,6.0000,0.0000,True,right,True
5547,1791553426.292076,670.3648,408.0000,6.0000,0.0000,True,right,True
5548,1791553426.308742,676.3648,408.0000,6.0000,0.0000,True,right,True
5549,1791553426.325409,682.3648,408.0000,6.0000,0.0000,True,right,True
5550,1791553426.342076,688.3648,408.0000,6.0000,0.0000,True,right,True
5551,1791553426.358742,694.3648,408.0000,6.0000,0.0000,True,right,True
5552,1791553426.375409,700.3648,408.0000,6.0000,0.0000,True,right,True
5553,1791553426.392076,706.3648,408.0000,6.0000,0.0000,True,right,True
5554,1791553426.408742,712.3648,408.0000,6.0000,0.0000,True,right,True
5555,1791553426.425409,718.3648,408.0000,6.0000,0.0000,True,right,True
5556,1791553426.442075,724.3648,408.0000,6.0000,0.0000,True,right,True
5557,1791553426.458742,730.3648,408.0000,6.0000,0.0000,True,right,True
5558,1791553426.475409,736.3648,408.0000,6.0000,0.0000,True,right,True
5559,1791553426.492076,742.3648,408.0000,6.0000,0.0000,True,right,True
5560,1791553426.508742,748.3648,408.0000,6.0000,0.0000,True,right,True
5561,1791553426.525409,752.0000,408.0000,0.0000,0.0000,True,right,True
5562,1791553426.542076,751.2000,408.0000,-0.8000,0.0000,True,left,True
5563,1791553426.558742,749.6000,408.0000,-1.6000,0.0000,True,left,True
5564,1791553426.575409,747.2000,408.0000,-2.4000,0.0000,True,left,True
5565,1791553426.592076,745.6000,398.2500,-1.6000,-9.7500,False,right+jump,False
5566,1791553426.608742,744.8000,389.0000,-0.8000,-9.2500,False,right+jump,False
5567,1791553426.625409,744.8000,380.2500,-0.0000,-8.7500,False,right+jump,False
5568,1791553426.642076,745.6000,372.0000,0.8000,-8.2500,False,right+jump,False
5569,1791553426.658742,747.2000,364.2500,1.6000,-7.7500,False,right+jump,False
5570,1791553426.675409,749.6000,357.0000,2.4000,-7.2500,False,right+jump,False
5571,1791553426.692075,752.0000,350.2500,0.0000,-6.7500,False,right+jump,True
5572,1791553426.708742,752.0000,344.0000,0.0000,-6.2500,False,right+jump,True
5573,1791553426.725409,752.0000,338.2500,0.0000,-5.7500,False,right+jump,True
5574,1791553426.742076,752.0000,333.0000,0.0000,-5.2500,False,right+jump,True
5575,1791553426.758742,752.0000,328.2500,0.0000,-4.7500,False,right+jump,True
5576,1791553426.775409,752.0000,324.0000,0.0000,-4.2500,False,right+jump,True
5577,1791553426.792076,752.0000,320.2500,0.0000,-3.7500,False,right+jump,True
5578,1791553426.808742,752.0000,317.0000,0.0000,-3.2500,False,right+jump,True
5579,1791553426.825409,752.0000,314.2500,0.0000,-2.7500,False,right+jump,True
5580,1791553426.842076,752.0000,312.0000,0.0000,-2.2500,False,right+jump,True
5581,1791553426.858742,752.0000,310.2500,0.0000,-1.7500,False,right+jump,True
5582,1791553426.875409,751.2000,309.0000,-0.8000,-1.2500,False,left+jump,True
5583,1791553426.892076,749.6000,308.2500,-1.6000,-0.7500,False,left+jump,False
5584,1791553426.908742,747.2000,308.0000,-2.4000,-0.2500,False,left+jump,False
5585,1791553426.925409,744.0000,308.2500,-3.2000,0.2500,False,left+jump,False
5586,1791553426.942075,740.0000,309.0000,-4.0000,0.7500,False,left+jump,False
5587,1791553426.958742,736.0000,310.2500,-4.0000,1.2500,False,jump,False
5588,1791553426.975409,732.0000,312.0000,-4.0000,1.7500,False,jump,False
5589,1791553426.992076,728.0000,314.2500,-4.0000,2.2500,False,jump,False
5590,1791553427.008742,724.8000,317.0000,-3.2000,2.7500,False,right,False
5591,1791553427.025409,722.4000,320.2500,-2.4000,3.2500,False,right,False
5592,1791553427.042076,720.8000,324.0000,-1.6000,3.7500,False,right,False
5593,1791553427.058742,720.0000,328.2500,-0.8000,4.2500,False,right+jump,False
5594,1791553427.075409,720.0000,333.0000,-0.0000,4.7500,False,right+jump,False
5595,1791553427.092076,720.8000,338.2500,0.8000,5.2500,False,right,False
5596,1791553427.108742,722.4000,344.0000,1.6000,5.7500,False,right,False
5597,1791553427.125409,724.8000,350.2500,2.4000,6.2500,False,right,False
5598,1791553427.142076,728.0000,357.0000,3.2000,6.7500,False,right,False
5599,1791553427.158742,730.4000,364.2500,2.4000,7.2500,False,left,False
5600,1791553427.175409,732.0000,372.0000,1.6000,7.7500,False,left,False
5601,1791553427.192075,732.8000,380.2500,0.8000,8.2500,False,left,False
5602,1791553427.208742,732.8000,389.0000,0.0000,8.7500,False,left,False
5603,1791553427.225409,732.0000,398.2500,-0.8000,9.2500,False,left,False
5604,1791553427.242076,732.0000,408.0000,0.0000,9.7500,False,right+jump,True
5605,1791553427.258742,732.8000,408.0000,0.8000,0.0000,True,right+jump,True
5606,1791553427.275409,734.4000,398.2500,1.6000,-9.7500,False,right+jump,False
5607,1791553427.292076,736.8000,389.0000,2.4000,-9.2500,False,right+jump,False
5608,1791553427.308742,738.4000,380.2500,1.6000,-8.7500,False,left,False
5609,1791553427.325409,739.2000,372.0000,0.8000,-8.2500,False,left,False
5610,1791553427.342076,739.2000,364.2500,0.0000,-7.7500,False,left,False
5611,1791553427.358742,738.4000,357.0000,-0.8000,-7.2500,False,left,False
5612,1791553427.375409,738.4000,350.2500,0.0000,-6.7500,False,right,False
5613,1791553427.392076,739.2000,344.0000,0.8000,-6.2500,False,right,False
5614,1791553427.408742,740.8000,338.2500,1.6000,-5.7500,False,right,False
5615,1791553427.425409,743.2000,333.0000,2.4000,-5.2500,False,right+jump,False
5616,1791553427.442075,746.4000,328.2500,3.2000,-4.7500,False,right+jump,False
5617,1791553427.458742,750.4000,324.0000,4.0000,-4.2500,False,right+jump,False
5618,1791553427.475409,752.0000,320.2500,0.0000,-3.7500,False,right+jump,True
5619,1791553427.492076,752.0000,317.0000,0.0000,-3.2500,False,right+jump,True
5620,1791553427.508742,752.0000,314.2500,0.0000,-2.7500,False,right+jump,True
5621,1791553427.525409,752.0000,312.0000,0.0000,-2.2500,False,right+jump,True
5622,1791553427.542076,752.0000,310.2500,0.0000,-1.7500,False,right+jump,True
5623,1791553427.558742,752.0000,309.0000,0.0000,-1.2500,False,right+jump,True
5624,1791553427.575409,752.0000,308.2500,0.0000,-0.7500,False,right+jump,True
5625,1791553427.592076,752.0000,308.0000,0.0000,-0.2500,False,right+jump,True
5626,1791553427.608742,752.0000,308.2500,0.0000,0.2500,False,right+jump,True
5627,1791553427.625409,752.0000,309.0000,0.0000,0.7500,False,right+jump,True
5628,1791553427.642076,752.0000,310.2500,0.0000,1.2500,False,right+jump,True
5629,1791553427.658742,752.0000,312.0000,0.0000,1.7500,False,right+jump,True
5630,1791553427.675409,752.0000,314.2500,0.0000,2.2500,False,right,True
5631,1791553427.692075,752.0000,317.0000,0.0000,2.7500,False,right,True
5632,1791553427.708742,752.0000,320.2500,0.0000,3.2500,False,right,True
5633,1791553427.725409,752.0000,324.0000,0.0000,3.7500,False,right+jump,True
5634,1791553427.742076,752.0000,328.2500,0.0000,4.2500,False,right+jump,True
5635,1791553427.758742,752.0000,333.0000,0.0000,4.7500,False,right+jump,True
5636,1791553427.775409,752.0000,338.2500,0.0000,5.2500,False,right+jump,True
5637,1791553427.792076,752.0000,344.0000,0.0000,5.7500,False,jump,True
5638,1791553427.808742,752.0000,350.2500,0.0000,6.2500,False,jump,True
5639,1791553427.825409,752.0000,357.0000,0.0000,6.7500,False,right+jump,True
5640,1791553427.842076,752.0000,364.2500,0.0000,7.2500,False,right+jump,True
5641,1791553427.858742,752.0000,372.0000,0.0000,7.7500,False,right+jump,True
5642,1791553427.875409,752.0000,380.2500,0.0000,8.2500,False,right+jump,True
5643,1791553427.892076,800.0000,389.0000,0.8000,8.7500,False,right+jump,True
5644,1791553427.908742,801.6000,398.2500,1.6000,9.2500,False,right+jump,False
5645,1791553427.925409,804.0000,408.0000,2.4000,9.7500,False,right+jump,False
5646,1791553427.942075,807.2000,418.2500,3.2000,10.2500,False,right+jump,False
5647,1791553427.958742,809.6000,429.0000,2.4000,10.7500,False,left+jump,False
5648,1791553427.975409,811.2000,440.2500,1.6000,11.2500,False,left+jump,False
5649,1791553427.992076,812.0000,452.0000,0.8000,11.7500,False,left+jump,False
5650,1791553428.008742,812.0000,464.2500,0.0000,12.2500,False,left+jump,False
5651,1791553428.025409,811.2000,477.0000,-0.8000,12.7500,False,left+jump,False
5652,1791553428.042076,811.2000,490.2500,0.0000,13.2500,False,right,False
5653,1791553428.058742,812.0000,504.0000,0.8000,13.7500,False,right,False
5654,1791553428.075409,813.6000,518.2500,1.6000,14.2500,False,right,False
5655,1791553428.092076,816.0000,533.0000,2.4000,14.7500,False,right,False
5656,1791553428.108742,819.2000,548.2500,3.2000,15.2500,False,right,False
5657,1791553428.125409,823.2000,564.0000,4.0000,15.7500,False,right+jump,False
5658,1791553428.142076,828.0000,580.2500,4.8000,16.2500,False,right+jump,False
5659,1791553428.158742,833.6000,597.0000,5.6000,16.7500,False,right+jump,False
5660,1791553428.175409,839.6000,614.2500,6.0000,17.2500,False,right+jump,False
5661,1791553428.192075,845.6000,632.0000,6.0000,17.7500,False,right+jump,False
5662,1791553428.208742,851.6000,650.2500,6.0000,18.2500,False,right+jump,False
5663,1791553428.225409,857.6000,669.0000,6.0000,18.7500,False,right+jump,False
5664,1791553428.242076,863.6000,688.2500,6.0000,19.2500,False,right+jump,False
5665,1791553428.258742,869.6000,708.0000,6.0000,19.7500,False,right+jump,False
5666,1791553428.275409,875.6000,728.2500,6.0000,20.2500,False,right+jump,False
5667,1791553428.292076,881.6000,749.0000,6.0000,20.7500,False,right+jump,False
5668,1791553428.308742,887.6000,770.2500,6.0000,21.2500,False,right+jump,False
5669,1791553428.325409,893.6000,792.0000,6.0000,21.7500,False,right+jump,False
5670,1791553428.342076,899.6000,814.2500,6.0000,22.2500,False,right+jump,False
5671,1791553428.358742,905.6000,837.0000,6.0000,22.7500,False,jump,False
5672,1791553428.375409,911.6000,860.2500,6.0000,23.2500,False,jump,False
5673,1791553428.392076,917.6000,884.0000,6.0000,23.7500,False,jump,False
5674,1791553428.408742,923.6000,908.2500,6.0000,24.2500,False,jump,False
5675,1791553428.425409,928.8000,933.0000,5.2000,24.7500,False,left,False
5676,1791553428.442075,933.2000,958.2500,4.4000,25.2500,False,left,False
5677,1791553428.458742,936.8000,984.0000,3.6000,25.7500,False,left,False
5678,1791553428.475409,939.6000,1010.2500,2.8000,26.2500,False,left,False
5679,1791553428.492076,941.6000,1037.0000,2.0000,26.7500,False,left,False
5680,1791553428.508742,942.8000,1064.2500,1.2000,27.2500,False,left,False
5681,1791553428.525409,943.2000,1092.0000,0.4000,27.7500,False,left,False
5682,1791553428.542076,942.8000,1120.2500,-0.4000,28.2500,False,left,False
5683,1791553428.558742,941.6000,1149.0000,-1.2000,28.7500,False,left,False
5684,1791553428.575409,939.6000,1178.2500,-2.0000,29.2500,False,left,False
5685,1791553428.592076,936.8000,1208.0000,-2.8000,29.7500,False,left,False
5686,1791553428.608742,933.2000,1238.2500,-3.6000,30.2500,False,left,False
5687,1791553428.625409,928.8000,1269.0000,-4.4000,30.7500,False,left,False
5688,1791553428.642076,923.6000,1300.2500,-5.2000,31.2500,False,left,False
5689,1791553428.658742,917.6000,1332.0000,-6.0000,31.7500,False,left,False
5690,1791553428.675409,911.6000,1364.2500,-6.0000,32.2500,False,left,False
5691,1791553428.692075,905.6000,1397.0000,-6.0000,32.7500,False,left,False
5692,1791553428.708742,899.6000,1430.2500,-6.0000,33.2500,False,left,False
5693,1791553428.725409,893.6000,1464.0000,-6.0000,33.7500,False,left,False
5694,1791553428.742076,887.6000,1498.2500,-6.0000,34.2500,False,left,False
5695,1791553428.758742,881.6000,1533.0000,-6.0000,34.7500,False,left,False
5696,1791553428.775409,875.6000,1568.2500,-6.0000,35.2500,False,left,False
5697,1791553428.792076,869.6000,1604.0000,-6.0000,35.7500,False,left,False
5698,1791553428.808742,863.6000,1640.2500,-6.0000,36.2500,False,left,False
5699,1791553428.825409,857.6000,1677.0000,-6.0000,36.7500,False,left,False
5700,1791553428.842076,851.6000,1714.2500,-6.0000,37.2500,False,left,False
5701,1791553428.858742,845.6000,1752.0000,-6.0000,37.7500,False,left,False
5702,1791553428.875409,839.6000,1790.2500,-6.0000,38.2500,False,left,False
5703,1791553428.892076,833.6000,1829.0000,-6.0000,38.7500,False,left,False
5704,1791553428.908742,827.6000,1868.2500,-6.0000,39.2500,False,left,False
5705,1791553428.925409,821.6000,1908.0000,-6.0000,39.7500,False,left,False
5706,1791553428.942075,815.6000,1948.2500,-6.0000,40.2500,False,left,False
5707,1791553428.958742,809.6000,1989.0000,-6.0000,40.7500,False,left,False
5708,1791553428.975409,803.6000,2030.2500,-6.0000,41.2500,False,left,False
5709,1791553428.992076,797.6000,2072.0000,-6.0000,41.7500,False,left,False
5710,1791553429.008742,791.6000,2114.2500,-6.0000,42.2500,False,left,False
5711,1791553429.025409,785.6000,2157.0000,-6.0000,42.7500,False,left,False
5712,1791553429.042076,779.6000,2200.2500,-6.0000,43.2500,False,left,False
5713,1791553429.058742,773.6000,2244.0000,-6.0000,43.7500,False,left,False
5714,1791553429.075409,767.6000,2288.2500,-6.0000,44.2500,False,left,False
5715,1791553429.092076,761.6000,2333.0000,-6.0000,44.7500,False,left,False
5716,1791553429.108742,755.6000,2378.2500,-6.0000,45.2500,False,left,False
5717,1791553429.125409,749.6000,2424.0000,-6.0000,45.7500,False,left,False
5718,1791553429.142076,743.6000,2470.2500,-6.0000,46.2500,False,left,False
5719,1791553429.158742,737.6000,2517.0000,-6.0000,46.7500,False,left,False
5720,1791553429.175409,731.6000,2564.2500,-6.0000,47.2500,False,left,False
5721,1791553429.192075,725.6000,2612.0000,-6.0000,47.7500,False,left,False
5722,1791553429.208742,719.6000,2660.2500,-6.0000,48.2500,False,left,False
5723,1791553429.225409,713.6000,2709.0000,-6.0000,48.7500,False,left,False
5724,1791553429.242076,707.6000,2758.2500,-6.0000,49.2500,False,left,False
5725,1791553429.258742,701.6000,2808.0000,-6.0000,49.7500,False,left,False
5726,1791553429.275409,695.6000,2858.2500,-6.0000,50.2500,False,left,False
5727,1791553429.292076,689.6000,2909.0000,-6.0000,50.7500,False,left,False
5728,1791553429.308742,683.6000,2960.2500,-6.0000,51.2500,False,left,False
5729,1791553429.325409,677.6000,3012.0000,-6.0000,51.7500,False,left,False
5730,1791553429.342076,671.6000,3064.2500,-6.0000,52.2500,False,left,False
5731,1791553429.358742,665.6000,3117.0000,-6.0000,52.7500,False,left,False
5732,1791553429.375409,659.6000,3170.2500,-6.0000,53.2500,False,left,False
5733,1791553429.392076,653.6000,3224.0000,-6.0000,53.7500,False,left,False
5734,1791553429.408742,647.6000,3278.2500,-6.0000,54.2500,False,left,False
5735,1791553429.425409,641.6000,3333.0000,-6.0000,54.7500,False,left,False
5736,1791553429.442075,635.6000,3388.2500,-6.0000,55.2500,False,left,False
5737,1791553429.458742,629.6000,3444.0000,-6.0000,55.7500,False,left,False
5738,1791553429.475409,623.6000,3500.2500,-6.0000,56.2500,False,left,False
5739,1791553429.492076,617.6000,3557.0000,-6.0000,56.7500,False,left,False
5740,1791553429.508742,611.6000,3614.2500,-6.0000,57.2500,False,left,False
5741,1791553429.525409,605.6000,3672.0000,-6.0000,57.7500,False,left,False
5742,1791553429.542076,599.6000,3730.2500,-6.0000,58.2500,False,left,False
5743,1791553429.558742,593.6000,3789.0000,-6.0000,58.7500,False,left,False
5744,1791553429.575409,587.6000,3848.2500,-6.0000,59.2500,False,left,False
5745,1791553429.592076,581.6000,3908.0000,-6.0000,59.7500,False,left,False
5746,1791553429.608742,575.6000,3968.2500,-6.0000,60.2500,False,left,False
5747,1791553429.625409,569.6000,4029.0000,-6.0000,60.7500,False,left,False
5748,1791553429.642076,563.6000,4090.2500,-6.0000,61.2500,False,left,False
5749,1791553429.658742,557.6000,4152.0000,-6.0000,61.7500,False,left,False
5750,1791553429.675409,551.6000,4214.2500,-6.0000,62.2500,False,left,False
5751,1791553429.692075,545.6000,4277.0000,-6.0000,62.7500,False,left,False
5752,1791553429.708742,539.6000,4340.2500,-6.0000,63.2500,False,left,False
5753,1791553429.725409,533.6000,4404.0000,-6.0000,63.7500,False,left,False
5754,1791553429.742076,527.6000,4468.2500,-6.0000,64.2500,False,left,False
5755,1791553429.758742,521.6000,4533.0000,-6.0000,64.7500,False,left,False
5756,1791553429.775409,515.6000,4598.2500,-6.0000,65.2500,False,left,False
5757,1791553429.792076,509.6000,4664.0000,-6.0000,65.7500,False,left,False
5758,1791553429.808742,503.6000,4730.2500,-6.0000,66.2500,False,left,False
5759,1791553429.825409,497.6000,4797.0000,-6.0000,66.7500,False,left,False
5760,1791553429.842076,491.6000,4864.2500,-6.0000,67.2500,False,left,False
5761,1791553429.858742,485.6000,4932.0000,-6.0000,67.7500,False,left,False
5762,1791553429.875409,479.6000,5000.2500,-6.0000,68.2500,False,left,False
5763,1791553429.892076,473.6000,5069.0000,-6.0000,68.7500,False,left,False
5764,1791553429.908742,467.6000,5138.2500,-6.0000,69.2500,False,left,False
5765,1791553429.925409,461.6000,5208.0000,-6.0000,69.7500,False,left,False
5766,1791553429.942075,455.6000,5278.2500,-6.0000,70.2500,False,left,False
5767,1791553429.958742,449.6000,5349.0000,-6.0000,70.7500,False,left,False
5768,1791553429.975409,443.6000,5420.2500,-6.0000,71.2500,False,left,False
5769,1791553429.992076,437.6000,5492.0000,-6.0000,71.7500,False,left,False
5770,1791553430.008742,431.6000,5564.2500,-6.0000,72.2500,False,left,False
5771,1791553430.025409,425.6000,5637.0000,-6.0000,72.7500,False,left,False
5772,1791553430.042076,419.6000,5710.2500,-6.0000,73.2500,False,left,False
5773,1791553430.058742,413.6000,5784.0000,-6.0000,73.7500,False,left,False
5774,1791553430.075409,407.6000,5858.2500,-6.0000,74.2500,False,left,False
5775,1791553430.092076,401.6000,5933.0000,-6.0000,74.7500,False,left,False
5776,1791553430.108742,395.6000,6008.2500,-6.0000,75.2500,False,left,False
5777,1791553430.125409,389.6000,6084.0000,-6.0000,75.7500,False,left,False
5778,1791553430.142076,383.6000,6160.2500,-6.0000,76.2500,False,left,False
5779,1791553430.158742,377.6000,6237.0000,-6.0000,76.7500,False,left,False
5780,1791553430.175409,371.6000,6314.2500,-6.0000,77.2500,False,left,False
5781,1791553430.192075,365.6000,6392.0000,-6.0000,77.7500,False,left,False
5782,1791553430.208742,359.6000,6470.2500,-6.0000,78.2500,False,left,False
5783,1791553430.225409,353.6000,6549.0000,-6.0000,78.7500,False,left,False
5784,1791553430.242076,347.6000,6628.2500,-6.0000,79.2500,False,left,False
5785,1791553430.258742,341.6000,6708.0000,-6.0000,79.7500,False,left,False
5786,1791553430.275409,335.6000,6788.2500,-6.0000,80.2500,False,left,False
5787,1791553430.292076,329.6000,6869.0000,-6.0000,80.7500,False,left,False
5788,1791553430.308742,323.6000,6950.2500,-6.0000,81.2500,False,left,False
5789,1791553430.325409,317.6000,7032.0000,-6.0000,81.7500,False,left,False
5790,1791553430.342076,311.6000,7114.2500,-6.0000,82.2500,False,left,False
5791,1791553430.358742,305.6000,7197.0000,-6.0000,82.7500,False,left,False
5792,1791553430.375409,299.6000,7280.2500,-6.0000,83.2500,False,left,False
5793,1791553430.392076,293.6000,7364.0000,-6.0000,83.7500,False,left,False
5794,1791553430.408742,287.6000,7448.2500,-6.0000,84.2500,False,left,False
5795,1791553430.425409,281.6000,7533.0000,-6.0000,84.7500,False,left,False
5796,1791553430.442075,275.6000,7618.2500,-6.0000,85.2500,False,left,False
5797,1791553430.458742,269.6000,7704.0000,-6.0000,85.7500,False,left,False
5798,1791553430.475409,263.6000,7790.2500,-6.0000,86.2500,False,left,False
5799,1791553430.492076,257.6000,7877.0000,-6.0000,86.7500,False,left,False
5800,1791553430.508742,251.6000,7964.2500,-6.0000,87.2500,False,left,False
5801,1791553430.525409,245.6000,8052.0000,-6.0000,87.7500,False,left,False
5802,1791553430.542076,239.6000,8140.2500,-6.0000,88.2500,False,left,False
5803,1791553430.558742,233.6000,8229.0000,-6.0000,88.7500,False,left,False
5804,1791553430.575409,227.6000,8318.2500,-6.0000,89.2500,False,left,False
5805,1791553430.592076,221.6000,8408.0000,-6.0000,89.7500,False,left,False
5806,1791553430.608742,215.6000,8498.2500,-6.0000,90.2500,False,left,False
5807,1791553430.625409,209.6000,8589.0000,-6.0000,90.7500,False,left,False
5808,1791553430.642076,203.6000,8680.2500,-6.0000,91.2500,False,left,False
5809,1791553430.658742,197.6000,8772.0000,-6.0000,91.7500,False,left,False
5810,1791553430.675409,191.6000,8864.2500,-6.0000,92.2500,False,left,False
5811,1791553430.692075,185.6000,8957.0000,-6.0000,92.7500,False,left,False
5812,1791553430.708742,179.6000,9050.2500,-6.0000,93.2500,False,left,False
5813,1791553430.725409,173.6000,9144.0000,-6.0000,93.7500,False,left,False
5814,1791553430.742076,167.6000,9238.2500,-6.0000,94.2500,False,left,False
5815,1791553430.758742,161.6000,9333.0000,-6.0000,94.7500,False,left,False
5816,1791553430.775409,155.6000,9428.2500,-6.0000,95.2500,False,left,False
5817,1791553430.792076,149.6000,9524.0000,-6.0000,95.7500,False,left,False
5818,1791553430.808742,143.6000,9620.2500,-6.0000,96.2500,False,left,False
5819,1791553430.825409,137.6000,9717.0000,-6.0000,96.7500,False,left,False
5820,1791553430.842076,131.6000,9814.2500,-6.0000,97.2500,False,left,False
5821,1791553430.858742,125.6000,9912.0000,-6.0000,97.7500,False,left,False
5822,1791553430.875409,119.6000,10010.2500,-6.0000,98.2500,False,left,False
5823,1791553430.892076,113.6000,10109.0000,-6.0000,98.7500,False,left,False
5824,1791553430.908742,107.6000,10208.2500,-6.0000,99.2500,False,left,False
5825,1791553430.925409,101.6000,10308.0000,-6.0000,99.7500,False,left,False
5826,1791553430.942075,95.6000,10408.2500,-6.0000,100.2500,False,left,False
5827,1791553430.958742,89.6000,10509.0000,-6.0000,100.7500,False,left,False
5828,1791553430.975409,83.6000,10610.2500,-6.0000,101.2500,False,left,False
5829,1791553430.992076,77.6000,10712.0000,-6.0000,101.7500,False,left,False
5830,1791553431.008742,71.6000,10814.2500,-6.0000,102.2500,False,left,False
5831,1791553431.025409,65.6000,10917.0000,-6.0000,102.7500,False,left,False
5832,1791553431.042076,59.6000,11020.2500,-6.0000,103.2500,False,left,False
5833,1791553431.058742,53.6000,11124.0000,-6.0000,103.7500,False,left,False
5834,1791553431.075409,47.6000,11228.2500,-6.0000,104.2500,False,left,False
5835,1791553431.092076,41.6000,11333.0000,-6.0000,104.7500,False,left,False
5836,1791553431.108742,35.6000,11438.2500,-6.0000,105.2500,False,left,False
5837,1791553431.125409,29.6000,11544.0000,-6.0000,105.7500,False,left,False
5838,1791553431.142076,23.6000,11650.2500,-6.0000,106.2500,False,left,False
5839,1791553431.158742,17.6000,11757.0000,-6.0000,106.7500,False,left,False
5840,1791553431.175409,11.6000,11864.2500,-6.0000,107.2500,False,left,False
5841,1791553431.192075,5.6000,11972.0000,-6.0000,107.7500,False,left,False
5842,1791553431.208742,-0.4000,12080.2500,-6.0000,108.2500,False,left,False
5843,1791553431.225409,-6.4000,12189.0000,-6.0000,108.7500,False,left,False
5844,1791553431.242076,-12.4000,12298.2500,-6.0000,109.2500,False,left,False
5845,1791553431.258742,-18.4000,12408.0000,-6.0000,109.7500,False,left,False
5846,1791553431.275409,-24.4000,12518.2500,-6.0000,110.2500,False,left,False
5847,1791553431.292076,-30.4000,12629.0000,-6.0000,110.7500,False,left,False
5848,1791553431.308742,-36.4000,12740.2500,-6.0000,111.2500,False,left,False
5849,1791553431.325409,-42.4000,12852.0000,-6.0000,111.7500,False,left,False
5850,1791553431.342076,-48.4000,12964.2500,-6.0000,112.2500,False,left,False
5851,1791553431.358742,-54.4000,13077.0000,-6.0000,112.7500,False,left,False
5852,1791553431.375409,-60.4000,13190.2500,-6.0000,113.2500,False,left,False
5853,1791553431.392076,-66.4000,13304.0000,-6.0000,113.7500,False,left,False
5854,1791553431.408742,-72.4000,13418.2500,-6.0000,114.2500,False,left,False
5855,1791553431.425409,-78.4000,13533.0000,-6.0000,114.7500,False,left,False
5856,1791553431.442075,-84.4000,13648.2500,-6.0000,115.2500,False,left,False
5857,1791553431.458742,-90.4000,13764.0000,-6.0000,115.7500,False,left,False
5858,1791553431.475409,-96.4000,13880.2500,-6.0000,116.2500,False,left,False
5859,1791553431.492076,-102.4000,13997.0000,-6.0000,116.7500,False,left,False
5860,1791553431.508742,-108.4000,14114.2500,-6.0000,117.2500,False,left,False
5861,1791553431.525409,-114.4000,14232.0000,-6.0000,117.7500,False,left,False
5862,1791553431.542076,-120.4000,14350.2500,-6.0000,118.2500,False,left,False
5863,1791553431.558742,-126.4000,14469.0000,-6.0000,118.7500,False,left,False
5864,1791553431.575409,-132.4000,14588.2500,-6.0000,119.2500,False,left,False
5865,1791553431.592076,-138.4000,14708.0000,-6.0000,119.7500,False,left,False
5866,1791553431.608742,-144.4000,14828.2500,-6.0000,120.2500,False,left,False
5867,1791553431.625409,-150.4000,14949.0000,-6.0000,120.7500,False,left,False
5868,1791553431.642076,-156.4000,15070.2500,-6.0000,121.2500,False,left,False
5869,1791553431.658742,-162.4000,15192.0000,-6.0000,121.7500,False,left,False
5870,1791553431.675409,-168.4000,15314.2500,-6.0000,122.2500,False,left,False
5871,1791553431.692075,-174.4000,15437.0000,-6.0000,122.7500,False,left,False
5872,1791553431.708742,-180.4000,15560.2500,-6.0000,123.2500,False,left,False
5873,1791553431.725409,-186.4000,15684.0000,-6.0000,123.7500,False,left,False
5874,1791553431.742076,-192.4000,15808.2500,-6.0000,124.2500,False,left,False
5875,1791553431.758742,-198.4000,15933.0000,-6.0000,124.7500,False,left,False
5876,1791553431.775409,-204.4000,16058.2500,-6.0000,125.2500,False,left,False
5877,1791553431.792076,-210.4000,16184.0000,-6.0000,125.7500,False,left,False
5878,1791553431.808742,-216.4000,16310.2500,-6.0000,126.2500,False,left,False
5879,1791553431.825409,-222.4000,16437.0000,-6.0000,126.7500,False,left,False
5880,1791553431.842076,-228.4000,16564.2500,-6.0000,127.2500,False,left,False
5881,1791553431.858742,-234.4000,16692.0000,-6.0000,127.7500,False,left,False
5882,1791553431.875409,-240.4000,16820.2500,-6.0000,128.2500,False,left,False
5883,1791553431.892076,-246.4000,16949.0000,-6.0000,128.7500,False,left,False
5884,1791553431.908742,-252.4000,17078.2500,-6.0000,129.2500,False,left,False
5885,1791553431.925409,-258.4000,17208.0000,-6.0000,129.7500,False,left,False
5886,1791553431.942075,-264.4000,17338.2500,-6.0000,130.2500,False,left,False
5887,1791553431.958742,-270.4000,17469.0000,-6.0000,130.7500,False,left,False
5888,1791553431.975409,-276.4000,17600.2500,-6.0000,131.2500,False,left,False
5889,1791553431.992076,-282.4000,17732.0000,-6.0000,131.7500,False,left,False
5890,1791553432.008742,-288.4000,17864.2500,-6.0000,132.2500,False,left,False
5891,1791553432.025409,-294.4000,17997.0000,-6.0000,132.7500,False,left,False
5892,1791553432.042076,-300.4000,18130.2500,-6.0000,133.2500,False,left,False
5893,1791553432.058742,-306.4000,18264.0000,-6.0000,133.7500,False,left,False
5894,1791553432.075409,-312.4000,18398.2500,-6.0000,134.2500,False,left,False
5895,1791553432.092076,-318.4000,18533.0000,-6.0000,134.7500,False,left,False
5896,1791553432.108742,-324.4000,18668.2500,-6.0000,135.2500,False,left,False
5897,1791553432.125409,-330.4000,18804.0000,-6.0000,135.7500,False,left,False
5898,1791553432.142076,-336.4000,18940.2500,-6.0000,136.2500,False,left,False
5899,1791553432.158742,-342.4000,19077.0000,-6.0000,136.7500,False,left,False
5900,1791553432.175409,-348.4000,19214.2500,-6.0000,137.2500,False,left,False
5901,1791553432.192075,-354.4000,19352.0000,-6.0000,137.7500,False,left,False
5902,1791553432.208742,-360.4000,19490.2500,-6.0000,138.2500,False,left,False
5903,1791553432.225409,-366.4000,19629.0000,-6.0000,138.7500,False,left,False
5904,1791553432.242076,-372.4000,19768.2500,-6.0000,139.2500,False,left,False
5905,1791553432.258742,-378.4000,19908.0000,-6.0000,139.7500,False,left,False
5906,1791553432.275409,-384.4000,20048.2500,-6.0000,140.2500,False,left,False
5907,1791553432.292076,-390.4000,20189.0000,-6.0000,140.7500,False,left,False
5908,1791553432.308742,-396.4000,20330.2500,-6.0000,141.2500,False,left,False
5909,1791553432.325409,-402.4000,20472.0000,-6.0000,141.7500,False,left,False
5910,1791553432.342076,-408.4000,20614.2500,-6.0000,142.2500,False,left,False
5911,1791553432.358742,-414.4000,20757.0000,-6.0000,142.7500,False,left,False
5912,1791553432.375409,-420.4000,20900.2500,-6.0000,143.2500,False,left,False
5913,1791553432.392076,-426.4000,21044.0000,-6.0000,143.7500,False,left,False
5914,1791553432.408742,-432.4000,21188.2500,-6.0000,144.2500,False,left,False
5915,1791553432.425409,-438.4000,21333.0000,-6.0000,144.7500,False,left,False
5916,1791553432.442075,-444.4000,21478.2500,-6.0000,145.2500,False,left,False
5917,1791553432.458742,-450.4000,21624.0000,-6.0000,145.7500,False,left,False
5918,1791553432.475409,-456.4000,21770.2500,-6.0000,146.2500,False,left,False
5919,1791553432.492076,-462.4000,21917.0000,-6.0000,146.7500,False,left,False
5920,1791553432.508742,-468.4000,22064.2500,-6.0000,147.2500,False,left,False
5921,1791553432.525409,-474.4000,22212.0000,-6.0000,147.7500,False,left,False
5922,1791553432.542076,-480.4000,22360.2500,-6.0000,148.2500,False,left,False
5923,1791553432.558742,-486.4000,22509.0000,-6.0000,148.7500,False,left,False
5924,1791553432.575409,-492.4000,22658.2500,-6.0000,149.2500,False,left,False
5925,1791553432.592076,-498.4000,22808.0000,-6.0000,149.7500,False,left,False
5926,1791553432.608742,-504.4000,22958.2500,-6.0000,150.2500,False,left,False
5927,1791553432.625409,-510.4000,23109.0000,-6.0000,150.7500,False,left,False
5928,1791553432.642076,-516.4000,23260.2500,-6.0000,151.2500,False,left,False
5929,1791553432.658742,-522.4000,23412.0000,-6.0000,151.7500,False,left,False
5930,1791553432.675409,-528.4000,23564.2500,-6.0000,152.2500,False,left,False
5931,1791553432.692075,-534.4000,23717.0000,-6.0000,152.7500,False,left,False
5932,1791553432.708742,-540.4000,23870.2500,-6.0000,153.2500,False,left,False
5933,1791553432.725409,-546.4000,24024.0000,-6.0000,153.7500,False,left,False
5934,1791553432.742076,-552.4000,24178.2500,-6.0000,154.2500,False,left,False
5935,1791553432.758742,-558.4000,24333.0000,-6.0000,154.7500,False,left,False
5936,1791553432.775409,-564.4000,24488.2500,-6.0000,155.2500,False,left,False
5937,1791553432.792076,-570.4000,24644.0000,-6.0000,155.7500,False,left,False
5938,1791553432.808742,-576.4000,24800.2500,-6.0000,156.2500,False,left,False
5939,1791553432.825409,-582.4000,24957.0000,-6.0000,156.7500,False,left,False
5940,1791553432.842076,-588.4000,25114.2500,-6.0000,157.2500,False,left,False
5941,1791553432.858742,-594.4000,25272.0000,-6.0000,157.7500,False,left,False
5942,1791553432.875409,-600.4000,25430.2500,-6.0000,158.2500,False,left,False
5943,1791553432.892076,-606.4000,25589.0000,-6.0000,158.7500,False,left,False
5944,1791553432.908742,-612.4000,25748.2500,-6.0000,159.2500,False,left,False
5945,1791553432.925409,339.2000,404.5000,-0.8000,0.5000,False,left,False
5946,1791553432.942075,339.2000,405.5000,0.0000,1.0000,False,right,False
5947,1791553432.958742,340.0000,407.0000,0.8000,1.5000,False,right,False
5948,1791553432.975409,341.6000,408.0000,1.6000,0.0000,True,right,True
5949,1791553432.992076,344.0000,408.0000,2.4000,0.0000,True,right,True
5950,1791553433.008742,347.2000,408.0000,3.2000,0.0000,True,right,True
5951,1791553433.025409,351.2000,408.0000,4.0000,0.0000,True,right,True
5952,1791553433.042076,356.0000,408.0000,4.8000,0.0000,True,right,True
5953,1791553433.058742,361.6000,408.0000,5.6000,0.0000,True,right,True
5954,1791553433.075409,367.6000,408.0000,6.0000,0.0000,True,right,True
5955,1791553433.092076,373.6000,408.0000,6.0000,0.0000,True,right,True
5956,1791553433.108742,379.6000,408.0000,6.0000,0.0000,True,right,True
5957,1791553433.125409,385.6000,408.0000,6.0000,0.0000,True,right,True
5958,1791553433.142076,391.6000,408.0000,6.0000,0.0000,True,right,True
5959,1791553433.158742,397.6000,408.0000,6.0000,0.0000,True,right,True
5960,1791553433.175409,403.6000,408.0000,6.0000,0.0000,True,right,True
5961,1791553433.192075,409.6000,408.0000,6.0000,0.0000,True,right,True
5962,1791553433.208742,414.7000,408.0000,5.1000,0.0000,True,none,True
5963,1791553433.225409,419.0350,408.0000,4.3350,0.0000,True,none,True
5964,1791553433.242076,422.7198,408.0000,3.6847,0.0000,True,none,True
5965,1791553433.258742,425.8518,408.0000,3.1320,0.0000,True,none,True
5966,1791553433.275409,428.5140,408.0000,2.6622,0.0000,True,none,True
5967,1791553433.292076,430.7769,408.0000,2.2629,0.0000,True,none,True
5968,1791553433.308742,432.7004,408.0000,1.9235,0.0000,True,none,True
5969,1791553433.325409,435.4238,398.2500,2.7235,-9.7500,False,right+jump,False
5970,1791553433.342076,438.9473,389.0000,3.5235,-9.2500,False,right,False
5971,1791553433.358742,443.2708,380.2500,4.3235,-8.7500,False,right,False
5972,1791553433.375409,448.3942,372.0000,5.1235,-8.2500,False,right,False
5973,1791553433.392076,454.3177,364.2500,5.9235,-7.7500,False,right,False
5974,1791553433.408742,460.3177,357.0000,6.0000,-7.2500,False,right,False
5975,1791553433.425409,466.3177,350.2500,6.0000,-6.7500,False,right,False
5976,1791553433.442075,472.3177,344.0000,6.0000,-6.2500,False,right,False
5977,1791553433.458742,478.3177,338.2500,6.0000,-5.7500,False,right,False
5978,1791553433.475409,484.3177,333.0000,6.0000,-5.2500,False,right,False
5979,1791553433.492076,490.3177,328.2500,6.0000,-4.7500,False,right,False
5980,1791553433.508742,496.3177,324.0000,6.0000,-4.2500,False,right,False
5981,1791553433.525409,502.3177,320.2500,6.0000,-3.7500,False,right,False
5982,1791553433.542076,508.3177,317.0000,6.0000,-3.2500,False,right,False
5983,1791553433.558742,514.3177,314.2500,6.0000,-2.7500,False,right,False
5984,1791553433.575409,520.3177,312.0000,6.0000,-2.2500,False,right,False
5985,1791553433.592076,526.3177,310.2500,6.0000,-1.7500,False,right,False
5986,1791553433.608742,532.3177,309.0000,6.0000,-1.2500,False,right,False
5987,1791553433.625409,538.3177,308.2500,6.0000,-0.7500,False,right,False
5988,1791553433.642076,544.3177,308.0000,6.0000,-0.2500,False,right,False
5989,1791553433.658742,550.3177,308.2500,6.0000,0.2500,False,right,False
5990,1791553433.675409,556.3177,309.0000,6.0000,0.7500,False,right,False
5991,1791553433.692075,562.3177,310.2500,6.0000,1.2500,False,right,False
5992,1791553433.708742,568.3177,312.0000,6.0000,1.7500,False,right,False
5993,1791553433.725409,574.3177,314.2500,6.0000,2.2500,False,right,False
5994,1791553433.742076,580.3177,317.0000,6.0000,2.7500,False,right,False
5995,1791553433.758742,586.3177,320.2500,6.0000,3.2500,False,right,False
5996,1791553433.775409,592.3177,324.0000,6.0000,3.7500,False,right,False
5997,1791553433.792076,598.3177,328.0000,6.0000,0.0000,True,right,True
5998,1791553433.808742,604.3177,318.2500,6.0000,-9.7500,False,right+jump,False
5999,1791553433.825409,610.3177,309.0000,6.0000,-9.2500,False,right,False
6000,1791553433.842076,616.3177,300.2500,6.0000,-8.7500,False,right,False
6001,1791553433.858742,622.3177,292.0000,6.0000,-8.2500,False,right,False
6002,1791553433.875409,628.3177,284.2500,6.0000,-7.7500,False,right,False
6003,1791553433.892076,634.3177,277.0000,6.0000,-7.2500,False,right,False
6004,1791553433.908742,640.3177,270.2500,6.0000,-6.7500,False,right,False
6005,1791553433.925409,646.3177,264.0000,6.0000,-6.2500,False,right,False
6006,1791553433.942075,652.3177,258.2500,6.0000,-5.7500,False,right,False
6007,1791553433.958742,658.3177,253.0000,6.0000,-5.2500,False,right,False
6008,1791553433.975409,664.3177,248.2500,6.0000,-4.7500,False,right,False
6009,1791553433.992076,670.3177,244.0000,6.0000,-4.2500,False,right,False
6010,1791553434.008742,676.3177,240.2500,6.0000,-3.7500,False,right,False
6011,1791553434.025409,682.3177,237.0000,6.0000,-3.2500,False,right,False
6012,1791553434.042076,688.3177,234.2500,6.0000,-2.7500,False,right,False
6013,1791553434.058742,694.3177,232.0000,6.0000,-2.2500,False,right,False
6014,1791553434.075409,700.3177,230.2500,6.0000,-1.7500,False,right,False
6015,1791553434.092076,706.3177,229.0000,6.0000,-1.2500,False,right,False
6016,1791553434.108742,712.3177,228.2500,6.0000,-0.7500,False,right,False
6017,1791553434.125409,718.3177,228.0000,6.0000,-0.2500,False,right,False
6018,1791553434.142076,724.3177,228.2500,6.0000,0.2500,False,right,False
6019,1791553434.158742,730.3177,229.0000,6.0000,0.7500,False,right,False
6020,1791553434.175409,736.3177,230.2500,6.0000,1.2500,False,right,False
6021,1791553434.192075,742.3177,232.0000,6.0000,1.7500,False,right,False
6022,1791553434.208742,748.3177,234.2500,6.0000,2.2500,False,right,False
6023,1791553434.225409,752.0000,237.0000,0.0000,2.7500,False,right,True
6024,1791553434.242076,752.0000,240.2500,0.0000,3.2500,False,right+jump,True
6025,1791553434.258742,752.0000,244.0000,0.0000,3.7500,False,right+jump,True
6026,1791553434.275409,752.0000,248.2500,0.0000,4.2500,False,right+jump,True
6027,1791553434.292076,752.0000,253.0000,0.0000,4.7500,False,right+jump,True
6028,1791553434.308742,752.0000,258.2500,0.0000,5.2500,False,right+jump,True
6029,1791553434.325409,752.0000,264.0000,0.0000,5.7500,False,right+jump,True
6030,1791553434.342076,752.0000,270.2500,0.0000,6.2500,False,right+jump,True
6031,1791553434.358742,752.0000,277.0000,0.0000,6.7500,False,right+jump,True
6032,1791553434.375409,752.0000,284.2500,0.0000,7.2500,False,right+jump,True
6033,1791553434.392076,752.0000,292.0000,0.0000,7.7500,False,right+jump,True
6034,1791553434.408742,752.0000,300.2500,0.0000,8.2500,False,right+jump,True
6035,1791553434.425409,752.0000,309.0000,0.0000,8.7500,False,right+jump,True
6036,1791553434.442075,752.0000,318.2500,0.0000,9.2500,False,right+jump,True
6037,1791553434.458742,752.0000,328.0000,0.0000,9.7500,False,jump,True
6038,1791553434.475409,752.0000,338.2500,0.0000,10.2500,False,jump,True
6039,1791553434.492076,752.0000,349.0000,0.0000,10.7500,False,jump,True
6040,1791553434.508742,752.0000,360.2500,0.0000,11.2500,False,jump,True
6041,1791553434.525409,752.0000,372.0000,0.0000,11.7500,False,jump,True
6042,1791553434.542076,752.0000,384.2500,0.0000,12.2500,False,right+jump,True
6043,1791553434.558742,800.0000,397.0000,0.8000,12.7500,False,right+jump,True
6044,1791553434.575409,801.6000,410.2500,1.6000,13.2500,False,right+jump,False
6045,1791553434.592076,804.0000,424.0000,2.4000,13.7500,False,right+jump,False
6046,1791553434.608742,807.2000,438.2500,3.2000,14.2500,False,right+jump,False
6047,1791553434.625409,811.2000,453.0000,4.0000,14.7500,False,right+jump,False
6048,1791553434.642076,814.4000,468.2500,3.2000,15.2500,False,left,False
6049,1791553434.658742,816.8000,484.0000,2.4000,15.7500,False,left,False
6050,1791553434.675409,818.4000,500.2500,1.6000,16.2500,False,left+jump,False
6051,1791553434.692075,819.2000,517.0000,0.8000,16.7500,False,left+jump,False
6052,1791553434.708742,819.2000,534.2500,0.0000,17.2500,False,left+jump,False
6053,1791553434.725409,818.4000,552.0000,-0.8000,17.7500,False,left+jump,False
6054,1791553434.742076,816.8000,570.2500,-1.6000,18.2500,False,left+jump,False
6055,1791553434.758742,816.0000,589.0000,-0.8000,18.7500,False,right+jump,False
6056,1791553434.775409,816.0000,608.2500,0.0000,19.2500,False,right+jump,False
6057,1791553434.792076,816.8000,628.0000,0.8000,19.7500,False,right+jump,False
6058,1791553434.808742,818.4000,648.2500,1.6000,20.2500,False,right+jump,False
6059,1791553434.825409,820.8000,669.0000,2.4000,20.7500,False,right+jump,False
6060,1791553434.842076,824.0000,690.2500,3.2000,21.2500,False,right+jump,False
6061,1791553434.858742,828.0000,712.0000,4.0000,21.7500,False,right+jump,False
6062,1791553434.875409,832.8000,734.2500,4.8000,22.2500,False,right+jump,False
6063,1791553434.892076,838.4000,757.0000,5.6000,22.7500,False,right+jump,False
6064,1791553434.908742,844.4000,780.2500,6.0000,23.2500,False,right+jump,False
6065,1791553434.925409,850.4000,804.0000,6.0000,23.7500,False,right+jump,False
6066,1791553434.942075,856.4000,828.2500,6.0000,24.2500,False,right+jump,False
6067,1791553434.958742,862.4000,853.0000,6.0000,24.7500,False,right+jump,False
6068,1791553434.975409,868.4000,878.2500,6.0000,25.2500,False,right+jump,False
6069,1791553434.992076,874.4000,904.0000,6.0000,25.7500,False,right+jump,False
6070,1791553435.008742,880.4000,930.2500,6.0000,26.2500,False,right+jump,False
6071,1791553435.025409,886.4000,957.0000,6.0000,26.7500,False,right+jump,False
6072,1791553435.042076,892.4000,984.2500,6.0000,27.2500,False,right+jump,False
6073,1791553435.058742,898.4000,1012.0000,6.0000,27.7500,False,right+jump,False
6074,1791553435.075409,904.4000,1040.2500,6.0000,28.2500,False,right+jump,False
6075,1791553435.092076,910.4000,1069.0000,6.0000,28.7500,False,right+jump,False
6076,1791553435.108742,916.4000,1098.2500,6.0000,29.2500,False,right+jump,False
6077,1791553435.125409,922.4000,1128.0000,6.0000,29.7500,False,right+jump,False
6078,1791553435.142076,928.4000,1158.2500,6.0000,30.2500,False,right+jump,False
6079,1791553435.158742,934.4000,1189.0000,6.0000,30.7500,False,right+jump,False
6080,1791553435.175409,940.4000,1220.2500,6.0000,31.2500,False,right,False
6081,1791553435.192075,946.4000,1252.0000,6.0000,31.7500,False,right,False
6082,1791553435.208742,952.4000,1284.2500,6.0000,32.2500,False,right,False
6083,1791553435.225409,958.4000,1317.0000,6.0000,32.7500,False,right,False
6084,1791553435.242076,963.6000,1350.2500,5.2000,33.2500,False,left,False
6085,1791553435.258742,968.0000,1384.0000,4.4000,33.7500,False,left,False
6086,1791553435.275409,971.6000,1418.2500,3.6000,34.2500,False,left,False
6087,1791553435.292076,974.4000,1453.0000,2.8000,34.7500,False,left,False
6088,1791553435.308742,978.0000,1488.2500,3.6000,35.2500,False,right,False
6089,1791553435.325409,982.4000,1524.0000,4.4000,35.7500,False,right,False
6090,1791553435.342076,987.6000,1560.2500,5.2000,36.2500,False,right,False
6091,1791553435.358742,993.6000,1597.0000,6.0000,36.7500,False,right,False
6092,1791553435.375409,999.6000,1634.2500,6.0000,37.2500,False,right,False
6093,1791553435.392076,1005.6000,1672.0000,6.0000,37.7500,False,right+jump,False
6094,1791553435.408742,1010.8000,1710.2500,5.2000,38.2500,False,left,False
6095,1791553435.425409,1015.2000,1749.0000,4.4000,38.7500,False,left,False
6096,1791553435.442075,1018.8000,1788.2500,3.6000,39.2500,False,left,False
6097,1791553435.458742,1021.6000,1828.0000,2.8000,39.7500,False,left,False
6098,1791553435.475409,1023.6000,1868.2500,2.0000,40.2500,False,left,False
6099,1791553435.492076,1024.8000,1909.0000,1.2000,40.7500,False,left,False
6100,1791553435.508742,1025.2000,1950.2500,0.4000,41.2500,False,left,False
6101,1791553435.525409,1024.8000,1992.0000,-0.4000,41.7500,False,left,False
6102,1791553435.542076,1023.6000,2034.2500,-1.2000,42.2500,False,left,False
6103,1791553435.558742,1021.6000,2077.0000,-2.0000,42.7500,False,left,False
6104,1791553435.575409,1018.8000,2120.2500,-2.8000,43.2500,False,left,False
6105,1791553435.592076,1015.2000,2164.0000,-3.6000,43.7500,False,left,False
6106,1791553435.608742,1010.8000,2208.2500,-4.4000,44.2500,False,left,False
6107,1791553435.625409,1005.6000,2253.0000,-5.2000,44.7500,False,left,False
6108,1791553435.642076,999.6000,2298.2500,-6.0000,45.2500,False,left,False
6109,1791553435.658742,993.6000,2344.0000,-6.0000,45.7500,False,left,False
6110,1791553435.675409,987.6000,2390.2500,-6.0000,46.2500,False,left,False
6111,1791553435.692075,981.6000,2437.0000,-6.0000,46.7500,False,left,False
6112,1791553435.708742,975.6000,2484.2500,-6.0000,47.2500,False,left,False
6113,1791553435.725409,969.6000,2532.0000,-6.0000,47.7500,False,left,False
6114,1791553435.742076,963.6000,2580.2500,-6.0000,48.2500,False,left,False
6115,1791553435.758742,957.6000,2629.0000,-6.0000,48.7500,False,left,False
6116,1791553435.775409,951.6000,2678.2500,-6.0000,49.2500,False,left,False
6117,1791553435.792076,945.6000,2728.0000,-6.0000,49.7500,False,left,False
6118,1791553435.808742,939.6000,2778.2500,-6.0000,50.2500,False,left,False
6119,1791553435.825409,933.6000,2829.0000,-6.0000,50.7500,False,left,False
6120,1791553435.842076,927.6000,2880.2500,-6.0000,51.2500,False,left,False
6121,1791553435.858742,921.6000,2932.0000,-6.0000,51.7500,False,left,False
6122,1791553435.875409,915.6000,2984.2500,-6.0000,52.2500,False,left,False
6123,1791553435.892076,909.6000,3037.0000,-6.0000,52.7500,False,left,False
6124,1791553435.908742,903.6000,3090.2500,-6.0000,53.2500,False,left,False
6125,1791553435.925409,897.6000,3144.0000,-6.0000,53.7500,False,left,False
6126,1791553435.942075,891.6000,3198.2500,-6.0000,54.2500,False,left,False
6127,1791553435.958742,885.6000,3253.0000,-6.0000,54.7500,False,left,False
6128,1791553435.975409,879.6000,3308.2500,-6.0000,55.2500,False,left,False
6129,1791553435.992076,873.6000,3364.0000,-6.0000,55.7500,False,left,False
6130,1791553436.008742,867.6000,3420.2500,-6.0000,56.2500,False,left,False
6131,1791553436.025409,861.6000,3477.0000,-6.0000,56.7500,False,left,False
6132,1791553436.042076,855.6000,3534.2500,-6.0000,57.2500,False,left,False
6133,1791553436.058742,849.6000,3592.0000,-6.0000,57.7500,False,left,False
6134,1791553436.075409,843.6000,3650.2500,-6.0000,58.2500,False,left,False
6135,1791553436.092076,837.6000,3709.0000,-6.0000,58.7500,False,left,False
6136,1791553436.108742,831.6000,3768.2500,-6.0000,59.2500,False,left,False
6137,1791553436.125409,825.6000,3828.0000,-6.0000,59.7500,False,left,False
6138,1791553436.142076,819.6000,3888.2500,-6.0000,60.2500,False,left,False
6139,1791553436.158742,813.6000,3949.0000,-6.0000,60.7500,False,left,False
6140,1791553436.175409,807.6000,4010.2500,-6.0000,61.2500,False,left,False
6141,1791553436.192075,801.6000,4072.0000,-6.0000,61.7500,False,left,False
6142,1791553436.208742,795.6000,4134.2500,-6.0000,62.2500,False,left,False
6143,1791553436.225409,789.6000,4197.0000,-6.0000,62.7500,False,left,False
6144,1791553436.242076,783.6000,4260.2500,-6.0000,63.2500,False,left,False
6145,1791553436.258742,777.6000,4324.0000,-6.0000,63.7500,False,left,False
6146,1791553436.275409,771.6000,4388.2500,-6.0000,64.2500,False,left,False
6147,1791553436.292076,765.6000,4453.0000,-6.0000,64.7500,False,left,False
6148,1791553436.308742,759.6000,4518.2500,-6.0000,65.2500,False,left,False
6149,1791553436.325409,753.6000,4584.0000,-6.0000,65.7500,False,left,False
6150,1791553436.342076,747.6000,4650.2500,-6.0000,66.2500,False,left,False
6151,1791553436.358742,741.6000,4717.0000,-6.0000,66.7500,False,left,False
6152,1791553436.375409,735.6000,4784.2500,-6.0000,67.2500,False,left,False
6153,1791553436.392076,729.6000,4852.0000,-6.0000,67.7500,False,left,False
6154,1791553436.408742,723.6000,4920.2500,-6.0000,68.2500,False,left,False
6155,1791553436.425409,717.6000,4989.0000,-6.0000,68.7500,False,left,False
6156,1791553436.442075,711.6000,5058.2500,-6.0000,69.2500,False,left,False
6157,1791553436.458742,705.6000,5128.0000,-6.0000,69.7500,False,left,False
6158,1791553436.475409,699.6000,5198.2500,-6.0000,70.2500,False,left,False
6159,1791553436.492076,693.6000,5269.0000,-6.0000,70.7500,False,left,False
6160,1791553436.508742,687.6000,5340.2500,-6.0000,71.2500,False,left,False
6161,1791553436.525409,681.6000,5412.0000,-6.0000,71.7500,False,left,False
6162,1791553436.542076,675.6000,5484.2500,-6.0000,72.2500,False,left,False
6163,1791553436.558742,669.6000,5557.0000,-6.0000,72.7500,False,left,False
6164,1791553436.575409,663.6000,5630.2500,-6.0000,73.2500,False,left,False
6165,1791553436.592076,657.6000,5704.0000,-6.0000,73.7500,False,left,False
6166,1791553436.608742,651.6000,5778.2500,-6.0000,74.2500,False,left,False
6167,1791553436.625409,645.6000,5853.0000,-6.0000,74.7500,False,left,False
6168,1791553436.642076,639.6000,5928.2500,-6.0000,75.2500,False,left,False
6169,1791553436.658742,633.6000,6004.0000,-6.0000,75.7500,False,left,False
6170,1791553436.675409,627.6000,6080.2500,-6.0000,76.2500,False,left,False
6171,1791553436.692075,621.6000,6157.0000,-6.0000,76.7500,False,left,False
6172,1791553436.708742,615.6000,6234.2500,-6.0000,77.2500,False,left,False
6173,1791553436.725409,609.6000,6312.0000,-6.0000,77.7500,False,left,False
6174,1791553436.742076,603.6000,6390.2500,-6.0000,78.2500,False,left,False
6175,1791553436.758742,597.6000,6469.0000,-6.0000,78.7500,False,left,False
6176,1791553436.775409,591.6000,6548.2500,-6.0000,79.2500,False,left,False
6177,1791553436.792076,585.6000,6628.0000,-6.0000,79.7500,False,left,False
6178,1791553436.808742,579.6000,6708.2500,-6.0000,80.2500,False,left,False
6179,1791553436.825409,573.6000,6789.0000,-6.0000,80.7500,False,left,False
6180,1791553436.842076,567.6000,6870.2500,-6.0000,81.2500,False,left,False
6181,1791553436.858742,561.6000,6952.0000,-6.0000,81.7500,False,left,False
6182,1791553436.875409,555.6000,7034.2500,-6.0000,82.2500,False,left,False
6183,1791553436.892076,549.6000,7117.0000,-6.0000,82.7500,False,left,False
6184,1791553436.908742,543.6000,7200.2500,-6.0000,83.2500,False,left,False
6185,1791553436.925409,537.6000,7284.0000,-6.0000,83.7500,False,left,False
6186,1791553436.942075,531.6000,7368.2500,-6.0000,84.2500,False,left,False
6187,1791553436.958742,525.6000,7453.0000,-6.0000,84.7500,False,left,False
6188,1791553436.975409,519.6000,7538.2500,-6.0000,85.2500,False,left,False
6189,1791553436.992076,513.6000,7624.0000,-6.0000,85.7500,False,left,False
6190,1791553437.008742,507.6000,7710.2500,-6.0000,86.2500,False,left,False
6191,1791553437.025409,501.6000,7797.0000,-6.0000,86.7500,False,left,False
6192,1791553437.042076,495.6000,7884.2500,-6.0000,87.2500,False,left,False
6193,1791553437.058742,489.6000,7972.0000,-6.0000,87.7500,False,left,False
6194,1791553437.075409,483.6000,8060.2500,-6.0000,88.2500,False,left,False
6195,1791553437.092076,477.6000,8149.0000,-6.0000,88.7500,False,left,False
6196,1791553437.108742,471.6000,8238.2500,-6.0000,89.2500,False,left,False
6197,1791553437.125409,465.6000,8328.0000,-6.0000,89.7500,False,left,False
6198,1791553437.142076,459.6000,8418.2500,-6.0000,90.2500,False,left,False
6199,1791553437.158742,453.6000,8509.0000,-6.0000,90.7500,False,left,False
6200,1791553437.175409,447.6000,8600.2500,-6.0000,91.2500,False,left,False
6201,1791553437.192075,441.6000,8692.0000,-6.0000,91.7500,False,left,False
6202,1791553437.208742,435.6000,8784.2500,-6.0000,92.2500,False,left,False
6203,1791553437.225409,429.6000,8877.0000,-6.0000,92.7500,False,left,False
6204,1791553437.242076,423.6000,8970.2500,-6.0000,93.2500,False,left,False
6205,1791553437.258742,417.6000,9064.0000,-6.0000,93.7500,False,left,False
6206,1791553437.275409,411.6000,9158.2500,-6.0000,94.2500,False,left,False
6207,1791553437.292076,405.6000,9253.0000,-6.0000,94.7500,False,left,False
6208,1791553437.308742,399.6000,9348.2500,-6.0000,95.2500,False,left,False
6209,1791553437.325409,393.6000,9444.0000,-6.0000,95.7500,False,left,False
6210,1791553437.342076,387.6000,9540.2500,-6.0000,96.2500,False,left,False
6211,1791553437.358742,381.6000,9637.0000,-6.0000,96.7500,False,left,False
6212,1791553437.375409,375.6000,9734.2500,-6.0000,97.2500,False,left,False
6213,1791553437.392076,369.6000,9832.0000,-6.0000,97.7500,False,left,False
6214,1791553437.408742,363.6000,9930.2500,-6.0000,98.2500,False,left,False
6215,1791553437.425409,357.6000,10029.0000,-6.0000,98.7500,False,left,False
6216,1791553437.442075,351.6000,10128.2500,-6.0000,99.2500,False,left,False
6217,1791553437.458742,345.6000,10228.0000,-6.0000,99.7500,False,left,False
6218,1791553437.475409,339.6000,10328.2500,-6.0000,100.2500,False,left,False
6219,1791553437.492076,333.6000,10429.0000,-6.0000,100.7500,False,left,False
6220,1791553437.508742,327.6000,10530.2500,-6.0000,101.2500,False,left,False
6221,1791553437.525409,321.6000,10632.0000,-6.0000,101.7500,False,left,False
6222,1791553437.542076,315.6000,10734.2500,-6.0000,102.2500,False,left,False
6223,1791553437.558742,309.6000,10837.0000,-6.0000,102.7500,False,left,False
6224,1791553437.575409,303.6000,10940.2500,-6.0000,103.2500,False,left,False
6225,1791553437.592076,297.6000,11044.0000,-6.0000,103.7500,False,left,False
6226,1791553437.608742,291.6000,11148.2500,-6.0000,104.2500,False,left,False
6227,1791553437.625409,285.6000,11253.0000,-6.0000,104.7500,False,left,False
6228,1791553437.642076,279.6000,11358.2500,-6.0000,105.2500,False,left,False
6229,1791553437.658742,273.6000,11464.0000,-6.0000,105.7500,False,left,False
6230,1791553437.675409,267.6000,11570.2500,-6.0000,106.2500,False,left,False
6231,1791553437.692075,261.6000,11677.0000,-6.0000,106.7500,False,left,False
6232,1791553437.708742,255.6000,11784.2500,-6.0000,107.2500,False,left,False
6233,1791553437.725409,249.6000,11892.0000,-6.0000,107.7500,False,left,False
6234,1791553437.742076,243.6000,12000.2500,-6.0000,108.2500,False,left,False
6235,1791553437.758742,237.6000,12109.0000,-6.0000,108.7500,False,left,False
6236,1791553437.775409,231.6000,12218.2500,-6.0000,109.2500,False,left,False
6237,1791553437.792076,225.6000,12328.0000,-6.0000,109.7500,False,left,False
6238,1791553437.808742,219.6000,12438.2500,-6.0000,110.2500,False,left,False
6239,1791553437.825409,213.6000,12549.0000,-6.0000,110.7500,False,left,False
6240,1791553437.842076,207.6000,12660.2500,-6.0000,111.2500,False,left,False
6241,1791553437.858742,201.6000,12772.0000,-6.0000,111.7500,False,left,False
6242,1791553437.875409,195.6000,12884.2500,-6.0000,112.2500,False,left,False
6243,1791553437.892076,189.6000,12997.0000,-6.0000,112.7500,False,left,False
6244,1791553437.908742,183.6000,13110.2500,-6.0000,113.2500,False,left,False
6245,1791553437.925409,177.6000,13224.0000,-6.0000,113.7500,False,left,False
6246,1791553437.942075,171.6000,13338.2500,-6.0000,114.2500,False,left,False
6247,1791553437.958742,165.6000,13453.0000,-6.0000,114.7500,False,left,False
6248,1791553437.975409,159.6000,13568.2500,-6.0000,115.2500,False,left,False
6249,1791553437.992076,153.6000,13684.0000,-6.0000,115.7500,False,left,False
6250,1791553438.008742,147.6000,13800.2500,-6.0000,116.2500,False,left,False
6251,1791553438.025409,141.6000,13917.0000,-6.0000,116.7500,False,left,False
6252,1791553438.042076,135.6000,14034.2500,-6.0000,117.2500,False,left,False
6253,1791553438.058742,129.6000,14152.0000,-6.0000,117.7500,False,left,False
6254,1791553438.075409,123.6000,14270.2500,-6.0000,118.2500,False,left,False
6255,1791553438.092076,117.6000,14389.0000,-6.0000,118.7500,False,left,False
6256,1791553438.108742,111.6000,14508.2500,-6.0000,119.2500,False,left,False
6257,1791553438.125409,105.6000,14628.0000,-6.0000,119.7500,False,left,False
6258,1791553438.142076,99.6000,14748.2500,-6.0000,120.2500,False,left,False
6259,1791553438.158742,93.6000,14869.0000,-6.0000,120.7500,False,left,False
6260,1791553438.175409,87.6000,14990.2500,-6.0000,121.2500,False,left,False
6261,1791553438.192075,81.6000,15112.0000,-6.0000,121.7500,False,left,False
6262,1791553438.208742,75.6000,15234.2500,-6.0000,122.2500,False,left,False
6263,1791553438.225409,69.6000,15357.0000,-6.0000,122.7500,False,left,False
6264,1791553438.242076,63.6000,15480.2500,-6.0000,123.2500,False,left,False
6265,1791553438.258742,57.6000,15604.0000,-6.0000,123.7500,False,left,False
6266,1791553438.275409,51.6000,15728.2500,-6.0000,124.2500,False,left,False
6267,1791553438.292076,45.6000,15853.0000,-6.0000,124.7500,False,left,False
6268,1791553438.308742,39.6000,15978.2500,-6.0000,125.2500,False,left,False
6269,1791553438.325409,33.6000,16104.0000,-6.0000,125.7500,False,left,False
6270,1791553438.342076,27.6000,16230.2500,-6.0000,126.2500,False,left,False
6271,1791553438.358742,21.6000,16357.0000,-6.0000,126.7500,False,left,False
6272,1791553438.375409,15.6000,16484.2500,-6.0000,127.2500,False,left,False
6273,1791553438.392076,9.6000,16612.0000,-6.0000,127.7500,False,left,False
6274,1791553438.408742,3.6000,16740.2500,-6.0000,128.2500,False,left,False
6275,1791553438.425409,-2.4000,16869.0000,-6.0000,128.7500,False,left,False
6276,1791553438.442075,-8.4000,16998.2500,-6.0000,129.2500,False,left,False
6277,1791553438.458742,-14.4000,17128.0000,-6.0000,129.7500,False,left,False
6278,1791553438.475409,-20.4000,17258.2500,-6.0000,130.2500,False,left,False
6279,1791553438.492076,-26.4000,17389.0000,-6.0000,130.7500,False,left,False
6280,1791553438.508742,-32.4000,17520.2500,-6.0000,131.2500,False,left,False
6281,1791553438.525409,-38.4000,17652.0000,-6.0000,131.7500,False,left,False
6282,1791553438.542076,-44.4000,17784.2500,-6.0000,132.2500,False,left,False
6283,1791553438.558742,-50.4000,17917.0000,-6.0000,132.7500,False,left,False
6284,1791553438.575409,-56.4000,18050.2500,-6.0000,133.2500,False,left,False
6285,1791553438.592076,-62.4000,18184.0000,-6.0000,133.7500,False,left,False
6286,1791553438.608742,-68.4000,18318.2500,-6.0000,134.2500,False,left,False
6287,1791553438.625409,-74.4000,18453.0000,-6.0000,134.7500,False,left,False
6288,1791553438.642076,-80.4000,18588.2500,-6.0000,135.2500,False,left,False
6289,1791553438.658742,-86.4000,18724.0000,-6.0000,135.7500,False,left,False
6290,1791553438.675409,-92.4000,18860.2500,-6.0000,136.2500,False,left,False
6291,1791553438.692075,-98.4000,18997.0000,-6.0000,136.7500,False,left,False
6292,1791553438.708742,-104.4000,19134.2500,-6.0000,137.2500,False,left,False
6293,1791553438.725409,-110.4000,19272.0000,-6.0000,137.7500,False,left,False
6294,1791553438.742076,-116.4000,19410.2500,-6.0000,138.2500,False,left,False
6295,1791553438.758742,-122.4000,19549.0000,-6.0000,138.7500,False,left,False
6296,1791553438.775409,-128.4000,19688.2500,-6.0000,139.2500,False,left,False
6297,1791553438.792076,-134.4000,19828.0000,-6.0000,139.7500,False,left,False
6298,1791553438.808742,-140.4000,19968.2500,-6.0000,140.2500,False,left,False
6299,1791553438.825409,-146.4000,20109.0000,-6.0000,140.7500,False,left,False
6300,1791553438.842076,-152.4000,20250.2500,-6.0000,141.2500,False,left,False
6301,1791553438.858742,-158.4000,20392.0000,-6.0000,141.7500,False,left,False
6302,1791553438.875409,-164.4000,20534.2500,-6.0000,142.2500,False,left,False
6303,1791553438.892076,-170.4000,20677.0000,-6.0000,142.7500,False,left,False
6304,1791553438.908742,-176.4000,20820.2500,-6.0000,143.2500,False,left,False
6305,1791553438.925409,-182.4000,20964.0000,-6.0000,143.7500,False,left,False
6306,1791553438.942075,-188.4000,21108.2500,-6.0000,144.2500,False,left,False
6307,1791553438.958742,-194.4000,21253.0000,-6.0000,144.7500,False,left,False
6308,1791553438.975409,-200.4000,21398.2500,-6.0000,145.2500,False,left,False
6309,1791553438.992076,-206.4000,21544.0000,-6.0000,145.7500,False,left,False
6310,1791553439.008742,-212.4000,21690.2500,-6.0000,146.2500,False,left,False
6311,1791553439.025409,-218.4000,21837.0000,-6.0000,146.7500,False,left,False
6312,1791553439.042076,-224.4000,21984.2500,-6.0000,147.2500,False,left,False
6313,1791553439.058742,-230.4000,22132.0000,-6.0000,147.7500,False,left,False
6314,1791553439.075409,-236.4000,22280.2500,-6.0000,148.2500,False,left,False
6315,1791553439.092076,-242.4000,22429.0000,-6.0000,148.7500,False,left,False
6316,1791553439.108742,-248.4000,22578.2500,-6.0000,149.2500,False,left,False
6317,1791553439.125409,-254.4000,22728.0000,-6.0000,149.7500,False,left,False
6318,1791553439.142076,-260.4000,22878.2500,-6.0000,150.2500,False,left,False
6319,1791553439.158742,-266.4000,23029.0000,-6.0000,150.7500,False,left,False
6320,1791553439.175409,-272.4000,23180.2500,-6.0000,151.2500,False,left,False
6321,1791553439.192075,-278.4000,23332.0000,-6.0000,151.7500,False,left,False
6322,1791553439.208742,-284.4000,23484.2500,-6.0000,152.2500,False,left,False
6323,1791553439.225409,-290.4000,23637.0000,-6.0000,152.7500,False,left,False
6324,1791553439.242076,-296.4000,23790.2500,-6.0000,153.2500,False,left,False
6325,1791553439.258742,-302.4000,23944.0000,-6.0000,153.7500,False,left,False
6326,1791553439.275409,-308.4000,24098.2500,-6.0000,154.2500,False,left,False
6327,1791553439.292076,-314.4000,24253.0000,-6.0000,154.7500,False,left,False
6328,1791553439.308742,-320.4000,24408.2500,-6.0000,155.2500,False,left,False
6329,1791553439.325409,-326.4000,24564.0000,-6.0000,155.7500,False,left,False
6330,1791553439.342076,-332.4000,24720.2500,-6.0000,156.2500,False,left,False
6331,1791553439.358742,-338.4000,24877.0000,-6.0000,156.7500,False,left,False
6332,1791553439.375409,-344.4000,25034.2500,-6.0000,157.2500,False,left,False
6333,1791553439.392076,-350.4000,25192.0000,-6.0000,157.7500,False,left,False
6334,1791553439.408742,-356.4000,25350.2500,-6.0000,158.2500,False,left,False
6335,1791553439.425409,-362.4000,25509.0000,-6.0000,158.7500,False,left,False
6336,1791553439.442075,-368.4000,25668.2500,-6.0000,159.2500,False,left,False
6337,1791553439.458742,-374.4000,25828.0000,-6.0000,159.7500,False,left,False
6338,1791553439.475409,-380.4000,25988.2500,-6.0000,160.2500,False,left,False
6339,1791553439.492076,-386.4000,26149.0000,-6.0000,160.7500,False,left,False
6340,1791553439.508742,-392.4000,26310.2500,-6.0000,161.2500,False,left,False
6341,1791553439.525409,-398.4000,26472.0000,-6.0000,161.7500,False,left,False
6342,1791553439.542076,-404.4000,26634.2500,-6.0000,162.2500,False,left,False
6343,1791553439.558742,-410.4000,26797.0000,-6.0000,162.7500,False,left,False
6344,1791553439.575409,-416.4000,26960.2500,-6.0000,163.2500,False,left,False
6345,1791553439.592076,39.2000,404.5000,-0.8000,0.5000,False,left,False
6346,1791553439.608742,37.6000,405.5000,-1.6000,1.0000,False,left,False
6347,1791553439.625409,35.2000,407.0000,-2.4000,1.5000,False,left,False
6348,1791553439.642076,32.0000,408.0000,-3.2000,0.0000,True,left,True
6349,1791553439.658742,28.0000,408.0000,-4.0000,0.0000,True,left,True
6350,1791553439.675409,23.2000,408.0000,-4.8000,0.0000,True,left,True
6351,1791553439.692075,17.6000,408.0000,-5.6000,0.0000,True,left,True
6352,1791553439.708742,16.0000,408.0000,0.0000,0.0000,True,left,True
6353,1791553439.725409,16.0000,398.2500,0.0000,-9.7500,False,jump,True
6354,1791553439.742076,16.0000,389.0000,0.0000,-9.2500,False,jump,True
6355,1791553439.758742,16.0000,380.2500,0.0000,-8.7500,False,jump,True
6356,1791553439.775409,16.0000,372.0000,0.0000,-8.2500,False,jump,True
6357,1791553439.792076,16.0000,364.2500,0.0000,-7.7500,False,jump,True
6358,1791553439.808742,16.0000,357.0000,0.0000,-7.2500,False,jump,True
6359,1791553439.825409,16.0000,350.2500,0.0000,-6.7500,False,left+jump,True
6360,1791553439.842076,16.0000,344.0000,0.0000,-6.2500,False,left+jump,True
6361,1791553439.858742,16.0000,338.2500,0.0000,-5.7500,False,left+jump,True
6362,1791553439.875409,16.0000,333.0000,0.0000,-5.2500,False,left+jump,True
6363,1791553439.892076,16.0000,328.2500,0.0000,-4.7500,False,left+jump,True
6364,1791553439.908742,16.0000,324.0000,0.0000,-4.2500,False,left+jump,True
6365,1791553439.925409,16.0000,320.2500,0.0000,-3.7500,False,left+jump,True
6366,1791553439.942075,16.0000,317.0000,0.0000,-3.2500,False,left+jump,True
6367,1791553439.958742,16.0000,314.2500,0.0000,-2.7500,False,left+jump,True
6368,1791553439.975409,16.0000,312.0000,0.0000,-2.2500,False,left+jump,True
6369,1791553439.992076,16.0000,310.2500,0.0000,-1.7500,False,left+jump,True
6370,1791553440.008742,16.0000,309.0000,0.0000,-1.2500,False,left+jump,True
6371,1791553440.025409,16.0000,308.2500,0.0000,-0.7500,False,left+jump,True
6372,1791553440.042076,16.0000,308.0000,0.0000,-0.2500,False,left+jump,True
6373,1791553440.058742,16.0000,308.2500,0.0000,0.2500,False,left+jump,True
6374,1791553440.075409,16.0000,309.0000,0.0000,0.7500,False,left+jump,True
6375,1791553440.092076,16.0000,310.2500,0.0000,1.2500,False,left+jump,True
6376,1791553440.108742,16.0000,312.0000,0.0000,1.7500,False,left+jump,True
6377,1791553440.125409,16.0000,314.2500,0.0000,2.2500,False,left+jump,True
6378,1791553440.142076,16.0000,317.0000,0.0000,2.7500,False,left,True
6379,1791553440.158742,16.0000,320.2500,0.0000,3.2500,False,left,True
6380,1791553440.175409,16.0000,324.0000,0.0000,3.7500,False,left,True
6381,1791553440.192075,16.0000,328.2500,0.0000,4.2500,False,left,True
6382,1791553440.208742,16.0000,333.0000,0.0000,4.7500,False,left,True
6383,1791553440.225409,16.0000,338.2500,0.0000,5.2500,False,left+jump,True
6384,1791553440.242076,16.0000,344.0000,0.0000,5.7500,False,left+jump,True
6385,1791553440.258742,16.0000,350.2500,0.0000,6.2500,False,left+jump,True
6386,1791553440.275409,16.0000,357.0000,0.0000,6.7500,False,left+jump,True
6387,1791553440.292076,16.0000,364.2500,0.0000,7.2500,False,left+jump,True
6388,1791553440.308742,16.0000,372.0000,0.0000,7.7500,False,left+jump,True
6389,1791553440.325409,16.8000,380.2500,0.8000,8.2500,False,right,True
6390,1791553440.342076,18.4000,389.0000,1.6000,8.7500,False,right,False
6391,1791553440.358742,20.8000,398.2500,2.4000,9.2500,False,right,False
6392,1791553440.375409,22.4000,408.0000,1.6000,9.7500,False,left+jump,True
6393,1791553440.392076,23.2000,408.0000,0.8000,0.0000,True,left+jump,True
6394,1791553440.408742,23.2000,398.2500,0.0000,-9.7500,False,left+jump,False
6395,1791553440.425409,22.4000,389.0000,-0.8000,-9.2500,False,left+jump,False
6396,1791553440.442075,20.8000,380.2500,-1.6000,-8.7500,False,left+jump,False
6397,1791553440.458742,18.4000,372.0000,-2.4000,-8.2500,False,left+jump,False
6398,1791553440.475409,16.0000,364.2500,0.0000,-7.7500,False,left+jump,True
6399,1791553440.492076,16.0000,357.0000,0.0000,-7.2500,False,left+jump,True
6400,1791553440.508742,16.0000,350.2500,0.0000,-6.7500,False,left+jump,True
6401,1791553440.525409,16.0000,344.0000,0.0000,-6.2500,False,left+jump,True
6402,1791553440.542076,16.0000,338.2500,0.0000,-5.7500,False,left+jump,True
6403,1791553440.558742,16.0000,333.0000,0.0000,-5.2500,False,left+jump,True
6404,1791553440.575409,16.0000,328.2500,0.0000,-4.7500,False,left+jump,True
6405,1791553440.592076,16.0000,324.0000,0.0000,-4.2500,False,left,True
6406,1791553440.608742,16.0000,320.2500,0.0000,-3.7500,False,left,True
6407,1791553440.625409,16.0000,317.0000,0.0000,-3.2500,False,left,True
6408,1791553440.642076,16.0000,314.2500,0.0000,-2.7500,False,left,True
6409,1791553440.658742,16.0000,312.0000,0.0000,-2.2500,False,left,True
6410,1791553440.675409,16.0000,310.2500,0.0000,-1.7500,False,left,True
6411,1791553440.692075,16.8000,309.0000,0.8000,-1.2500,False,right,True
6412,1791553440.708742,18.4000,308.2500,1.6000,-0.7500,False,right,False
6413,1791553440.725409,20.0000,308.0000,1.6000,-0.2500,False,jump,False
6414,1791553440.742076,21.6000,308.2500,1.6000,0.2500,False,jump,False
6415,1791553440.758742,23.2000,309.0000,1.6000,0.7500,False,jump,False
6416,1791553440.775409,24.8000,310.2500,1.6000,1.2500,False,jump,False
6417,1791553440.792076,27.2000,312.0000,2.4000,1.7500,False,right,False
6418,1791553440.808742,30.4000,314.2500,3.2000,2.2500,False,right,False
6419,1791553440.825409,34.4000,317.0000,4.0000,2.7500,False,right,False
6420,1791553440.842076,39.2000,320.2500,4.8000,3.2500,False,right,False
6421,1791553440.858742,43.2000,324.0000,4.0000,3.7500,False,left,False
6422,1791553440.875409,46.4000,328.2500,3.2000,4.2500,False,left,False
6423,1791553440.892076,48.8000,333.0000,2.4000,4.7500,False,left+jump,False
6424,1791553440.908742,50.4000,338.2500,1.6000,5.2500,False,left+jump,False
6425,1791553440.925409,51.2000,344.0000,0.8000,5.7500,False,left+jump,False
6426,1791553440.942075,51.2000,350.2500,0.0000,6.2500,False,left+jump,False
6427,1791553440.958742,50.4000,357.0000,-0.8000,6.7500,False,left+jump,False
6428,1791553440.975409,50.4000,364.2500,0.0000,7.2500,False,right,False
6429,1791553440.992076,51.2000,372.0000,0.8000,7.7500,False,right,False
6430,1791553441.008742,51.2000,380.2500,0.0000,8.2500,False,left+jump,False
6431,1791553441.025409,50.4000,389.0000,-0.8000,8.7500,False,left+jump,False
6432,1791553441.042076,48.8000,398.2500,-1.6000,9.2500,False,left+jump,False
6433,1791553441.058742,46.4000,408.0000,-2.4000,9.7500,False,left+jump,True
6434,1791553441.075409,43.2000,408.0000,-3.2000,0.0000,True,left+jump,True
6435,1791553441.092076,39.2000,398.2500,-4.0000,-9.7500,False,left+jump,False
6436,1791553441.108742,34.4000,389.0000,-4.8000,-9.2500,False,left+jump,False
6437,1791553441.125409,28.8000,380.2500,-5.6000,-8.7500,False,left+jump,False
6438,1791553441.142076,22.8000,372.0000,-6.0000,-8.2500,False,left+jump,False
6439,1791553441.158742,16.8000,364.2500,-6.0000,-7.7500,False,left+jump,True
6440,1791553441.175409,16.0000,357.0000,0.0000,-7.2500,False,left+jump,True
6441,1791553441.192075,16.8000,350.2500,0.8000,-6.7500,False,right,True
6442,1791553441.208742,18.4000,344.0000,1.6000,-6.2500,False,right,False
6443,1791553441.225409,20.8000,338.2500,2.4000,-5.7500,False,right,False
6444,1791553441.242076,24.0000,333.0000,3.2000,-5.2500,False,right,False
6445,1791553441.258742,28.0000,328.2500,4.0000,-4.7500,False,right,False
6446,1791553441.275409,31.2000,324.0000,3.2000,-4.2500,False,left,False
6447,1791553441.292076,33.6000,320.2500,2.4000,-3.7500,False,left,False
6448,1791553441.308742,35.2000,317.0000,1.6000,-3.2500,False,left,False
6449,1791553441.325409,36.0000,314.2500,0.8000,-2.7500,False,left,False
6450,1791553441.342076,36.0000,312.0000,0.0000,-2.2500,False,left,False
6451,1791553441.358742,35.2000,310.2500,-0.8000,-1.7500,False,left,False
6452,1791553441.375409,35.2000,309.0000,0.0000,-1.2500,False,right+jump,False
6453,1791553441.392076,36.0000,308.2500,0.8000,-0.7500,False,right+jump,False
6454,1791553441.408742,37.6000,308.0000,1.6000,-0.2500,False,right,False
6455,1791553441.425409,40.0000,308.2500,2.4000,0.2500,False,right,False
6456,1791553441.442075,43.2000,309.0000,3.2000,0.7500,False,right,False
6457,1791553441.458742,47.2000,310.2500,4.0000,1.2500,False,right,False
6458,1791553441.475409,52.0000,312.0000,4.8000,1.7500,False,right,False
6459,1791553441.492076,56.0000,314.2500,4.0000,2.2500,False,left+jump,False
6460,1791553441.508742,59.2000,317.0000,3.2000,2.7500,False,left+jump,False
6461,1791553441.525409,61.6000,320.2500,2.4000,3.2500,False,left+jump,False
6462,1791553441.542076,63.2000,324.0000,1.6000,3.7500,False,left+jump,False
6463,1791553441.558742,64.0000,328.2500,0.8000,4.2500,False,left+jump,False
6464,1791553441.575409,64.0000,333.0000,0.0000,4.7500,False,left+jump,False
6465,1791553441.592076,63.2000,338.2500,-0.8000,5.2500,False,left+jump,False
6466,1791553441.608742,61.6000,344.0000,-1.6000,5.7500,False,left+jump,False
6467,1791553441.625409,59.2000,350.2500,-2.4000,6.2500,False,left+jump,False
6468,1791553441.642076,56.0000,357.0000,-3.2000,6.7500,False,left+jump,False
6469,1791553441.658742,52.0000,364.2500,-4.0000,7.2500,False,left,False
6470,1791553441.675409,47.2000,372.0000,-4.8000,7.7500,False,left,False
6471,1791553441.692075,41.6000,380.2500,-5.6000,8.2500,False,left,False
6472,1791553441.708742,35.6000,389.0000,-6.0000,8.7500,False,left,False
6473,1791553441.725409,29.6000,398.2500,-6.0000,9.2500,False,left,False
6474,1791553441.742076,23.6000,408.0000,-6.0000,9.7500,False,left,True
6475,1791553441.758742,17.6000,408.0000,-6.0000,0.0000,True,left,True
6476,1791553441.775409,16.0000,408.0000,0.0000,0.0000,True,left,True
6477,1791553441.792076,16.0000,408.0000,0.0000,0.0000,True,left,True
6478,1791553441.808742,16.0000,408.0000,0.0000,0.0000,True,left,True
6479,1791553441.825409,16.0000,408.0000,0.0000,0.0000,True,left,True
6480,1791553441.842076,16.0000,398.2500,0.0000,-9.7500,False,left+jump,True
6481,1791553441.858742,16.0000,389.0000,0.0000,-9.2500,False,left+jump,True
6482,1791553441.875409,16.0000,380.2500,0.0000,-8.7500,False,left,True
6483,1791553441.892076,16.0000,372.0000,0.0000,-8.2500,False,left,True
6484,1791553441.908742,16.0000,364.2500,0.0000,-7.7500,False,left,True
6485,1791553441.925409,16.0000,357.0000,0.0000,-7.2500,False,left,True
6486,1791553441.942075,16.0000,350.2500,0.0000,-6.7500,False,left,True
6487,1791553441.958742,16.0000,344.0000,0.0000,-6.2500,False,left+jump,True
6488,1791553441.975409,16.0000,338.2500,0.0000,-5.7500,False,left+jump,True
6489,1791553441.992076,16.0000,333.0000,0.0000,-5.2500,False,left+jump,True
6490,1791553442.008742,16.0000,328.2500,0.0000,-4.7500,False,left+jump,True
6491,1791553442.025409,16.0000,324.0000,0.0000,-4.2500,False,left+jump,True
6492,1791553442.042076,16.0000,320.2500,0.0000,-3.7500,False,left+jump,True
6493,1791553442.058742,16.0000,317.0000,0.0000,-3.2500,False,left+jump,True
6494,1791553442.075409,16.0000,314.2500,0.0000,-2.7500,False,left+jump,True
6495,1791553442.092076,16.8000,312.0000,0.8000,-2.2500,False,right+jump,True
6496,1791553442.108742,18.4000,310.2500,1.6000,-1.7500,False,right+jump,False
6497,1791553442.125409,20.8000,309.0000,2.4000,-1.2500,False,right+jump,False
6498,1791553442.142076,22.4000,308.2500,1.6000,-0.7500,False,left,False
6499,1791553442.158742,23.2000,308.0000,0.8000,-0.2500,False,left,False
6500,1791553442.175409,23.2000,308.2500,0.0000,0.2500,False,left,False
6501,1791553442.192075,22.4000,309.0000,-0.8000,0.7500,False,left,False
6502,1791553442.208742,22.4000,310.2500,0.0000,1.2500,False,right+jump,False
6503,1791553442.225409,23.2000,312.0000,0.8000,1.7500,False,right,False
6504,1791553442.242076,24.8000,314.2500,1.6000,2.2500,False,right,False
6505,1791553442.258742,27.2000,317.0000,2.4000,2.7500,False,right,False
6506,1791553442.275409,30.4000,320.2500,3.2000,3.2500,False,right,False
6507,1791553442.292076,34.4000,324.0000,4.0000,3.7500,False,right,False
6508,1791553442.308742,39.2000,328.2500,4.8000,4.2500,False,right,False
6509,1791553442.325409,44.8000,333.0000,5.6000,4.7500,False,right,False
6510,1791553442.342076,50.8000,338.2500,6.0000,5.2500,False,right,False
6511,1791553442.358742,56.8000,344.0000,6.0000,5.7500,False,right,False
6512,1791553442.375409,62.8000,350.2500,6.0000,6.2500,False,right,False
6513,1791553442.392076,68.8000,357.0000,6.0000,6.7500,False,right,False
6514,1791553442.408742,74.8000,364.2500,6.0000,7.2500,False,right,False
6515,1791553442.425409,80.8000,372.0000,6.0000,7.7500,False,right,False
6516,1791553442.442075,86.8000,380.2500,6.0000,8.2500,False,right,False
6517,1791553442.458742,92.8000,389.0000,6.0000,8.7500,False,right,False
6518,1791553442.475409,98.8000,398.2500,6.0000,9.2500,False,right,False
6519,1791553442.492076,104.8000,408.0000,6.0000,9.7500,False,right,True
6520,1791553442.508742,110.8000,408.0000,6.0000,0.0000,True,right,True
6521,1791553442.525409,116.8000,408.0000,6.0000,0.0000,True,right,True
6522,1791553442.542076,122.8000,408.0000,6.0000,0.0000,True,right,True
6523,1791553442.558742,128.8000,408.0000,6.0000,0.0000,True,right,True
6524,1791553442.575409,134.8000,408.0000,6.0000,0.0000,True,right,True
6525,1791553442.592076,140.8000,408.0000,6.0000,0.0000,True,right,True
6526,1791553442.608742,146.8000,408.0000,6.0000,0.0000,True,right,True
6527,1791553442.625409,152.8000,408.0000,6.0000,0.0000,True,right,True
6528,1791553442.642076,158.8000,408.0000,6.0000,0.0000,True,right,True
6529,1791553442.658742,164.8000,408.0000,6.0000,0.0000,True,right,True
6530,1791553442.675409,170.8000,408.0000,6.0000,0.0000,True,right,True
6531,1791553442.692075,176.8000,408.0000,6.0000,0.0000,True,right,True
6532,1791553442.708742,182.8000,408.0000,6.0000,0.0000,True,right,True
6533,1791553442.725409,188.8000,408.0000,6.0000,0.0000,True,right,True
6534,1791553442.742076,194.8000,408.0000,6.0000,0.0000,True,right,True
6535,1791553442.758742,200.8000,408.0000,6.0000,0.0000,True,right,True
6536,1791553442.775409,206.8000,408.0000,6.0000,0.0000,True,right,True
6537,1791553442.792076,211.9000,408.0000,5.1000,0.0000,True,none,True
6538,1791553442.808742,216.2350,408.0000,4.3350,0.0000,True,none,True
6539,1791553442.825409,219.9198,408.0000,3.6847,0.0000,True,none,True
6540,1791553442.842076,223.0518,408.0000,3.1320,0.0000,True,none,True
6541,1791553442.858742,225.7140,408.0000,2.6622,0.0000,True,none,True
6542,1791553442.875409,227.9769,408.0000,2.2629,0.0000,True,none,True
6543,1791553442.892076,229.9004,408.0000,1.9235,0.0000,True,none,True
6544,1791553442.908742,231.5353,408.0000,1.6349,0.0000,True,none,True
6545,1791553442.925409,232.9250,408.0000,1.3897,0.0000,True,none,True
6546,1791553442.942075,234.1063,408.0000,1.1812,0.0000,True,none,True
6547,1791553442.958742,235.1103,408.0000,1.0041,0.0000,True,none,True
6548,1791553442.975409,235.9638,408.0000,0.8535,0.0000,True,none,True
6549,1791553442.992076,236.6892,408.0000,0.7254,0.0000,True,none,True
6550,1791553443.008742,237.3058,408.0000,0.6166,0.0000,True,none,True
6551,1791553443.025409,237.8300,408.0000,0.5241,0.0000,True,none,True
6552,1791553443.042076,238.2755,408.0000,0.4455,0.0000,True,none,True
6553,1791553443.058742,238.6541,408.0000,0.3787,0.0000,True,none,True
6554,1791553443.075409,238.9760,408.0000,0.3219,0.0000,True,none,True
6555,1791553443.092076,239.2496,408.0000,0.2736,0.0000,True,none,True
6556,1791553443.108742,240.3232,408.5000,1.0736,0.5000,False,right,True
6557,1791553443.125409,242.1968,409.5000,1.8736,1.0000,False,right,False
6558,1791553443.142076,244.8704,411.0000,2.6736,1.5000,False,right,False
6559,1791553443.158742,248.3440,413.0000,3.4736,2.0000,False,right,False
6560,1791553443.175409,252.6176,415.5000,4.2736,2.5000,False,right,False
6561,1791553443.192075,257.6912,418.5000,5.0736,3.0000,False,right,False
6562,1791553443.208742,263.5648,422.0000,5.8736,3.5000,False,right,False
6563,1791553443.225409,268.0000,426.0000,0.0000,4.0000,False,right,True
6564,1791553443.242076,268.0000,430.5000,0.0000,4.5000,False,right+jump,True
6565,1791553443.258742,268.0000,435.5000,0.0000,5.0000,False,right+jump,True
6566,1791553443.275409,268.0000,441.0000,0.0000,5.5000,False,right+jump,True
6567,1791553443.292076,268.0000,447.0000,0.0000,6.0000,False,right+jump,True
6568,1791553443.308742,268.0000,453.5000,0.0000,6.5000,False,right,True
6569,1791553443.325409,268.0000,460.5000,0.0000,7.0000,False,right,True
6570,1791553443.342076,268.0000,468.0000,0.0000,7.5000,False,right,True
6571,1791553443.358742,268.0000,476.0000,0.0000,8.0000,False,right,True
6572,1791553443.375409,268.0000,484.5000,0.0000,8.5000,False,right,True
6573,1791553443.392076,268.0000,493.5000,0.0000,9.0000,False,right,True
6574,1791553443.408742,268.0000,503.0000,0.0000,9.5000,False,right+jump,True
6575,1791553443.425409,268.0000,513.0000,0.0000,10.0000,False,right+jump,True
6576,1791553443.442075,268.0000,523.5000,0.0000,10.5000,False,right+jump,True
6577,1791553443.458742,268.0000,534.5000,0.0000,11.0000,False,right+jump,True
6578,1791553443.475409,268.0000,546.0000,0.0000,11.5000,False,right+jump,True
6579,1791553443.492076,268.0000,558.0000,0.0000,12.0000,False,right+jump,True
6580,1791553443.508742,268.0000,570.5000,0.0000,12.5000,False,right+jump,True
6581,1791553443.525409,268.0000,583.5000,0.0000,13.0000,False,right+jump,True
6582,1791553443.542076,268.0000,597.0000,0.0000,13.5000,False,right+jump,True
6583,1791553443.558742,267.2000,611.0000,-0.8000,14.0000,False,left+jump,False
6584,1791553443.575409,265.6000,625.5000,-1.6000,14.5000,False,left+jump,False
6585,1791553443.592076,263.2000,640.5000,-2.4000,15.0000,False,left+jump,False
6586,1791553443.608742,261.6000,656.0000,-1.6000,15.5000,False,right+jump,False
6587,1791553443.625409,260.8000,672.0000,-0.8000,16.0000,False,right+jump,False
6588,1791553443.642076,260.8000,688.5000,-0.0000,16.5000,False,right+jump,False
6589,1791553443.658742,261.6000,705.5000,0.8000,17.0000,False,right+jump,False
6590,1791553443.675409,263.2000,723.0000,1.6000,17.5000,False,right+jump,False
6591,1791553443.692075,265.6000,741.0000,2.4000,18.0000,False,right+jump,False
6592,1791553443.708742,268.8000,759.5000,3.2000,18.5000,False,right+jump,False
6593,1791553443.725409,272.8000,778.5000,4.0000,19.0000,False,right+jump,False
6594,1791553443.742076,277.6000,798.0000,4.8000,19.5000,False,right+jump,False
6595,1791553443.758742,283.2000,818.0000,5.6000,20.0000,False,right+jump,False
6596,1791553443.775409,289.2000,838.5000,6.0000,20.5000,False,right+jump,False
6597,1791553443.792076,294.4000,859.5000,5.2000,21.0000,False,left,False
6598,1791553443.808742,298.8000,881.0000,4.4000,21.5000,False,left,False
6599,1791553443.825409,303.2000,903.0000,4.4000,22.0000,False,jump,False
6600,1791553443.842076,307.6000,925.5000,4.4000,22.5000,False,jump,False
6601,1791553443.858742,312.0000,948.5000,4.4000,23.0000,False,jump,False
6602,1791553443.875409,316.4000,972.0000,4.4000,23.5000,False,jump,False
6603,1791553443.892076,320.8000,996.0000,4.4000,24.0000,False,jump,False
6604,1791553443.908742,325.2000,1020.5000,4.4000,24.5000,False,jump,False
6605,1791553443.925409,329.6000,1045.5000,4.4000,25.0000,False,jump,False
6606,1791553443.942075,334.0000,1071.0000,4.4000,25.5000,False,jump,False
6607,1791553443.958742,337.6000,1097.0000,3.6000,26.0000,False,left+jump,False
6608,1791553443.975409,340.4000,1123.5000,2.8000,26.5000,False,left+jump,False
6609,1791553443.992076,343.2000,1150.5000,2.8000,27.0000,False,jump,False
6610,1791553444.008742,346.0000,1178.0000,2.8000,27.5000,False,jump,False
6611,1791553444.025409,348.8000,1206.0000,2.8000,28.0000,False,jump,False
6612,1791553444.042076,350.8000,1234.5000,2.0000,28.5000,False,left,False
6613,1791553444.058742,352.0000,1263.5000,1.2000,29.0000,False,left,False
6614,1791553444.075409,352.4000,1293.0000,0.4000,29.5000,False,left,False
6615,1791553444.092076,353.6000,1323.0000,1.2000,30.0000,False,right+jump,False
6616,1791553444.108742,355.6000,1353.5000,2.0000,30.5000,False,right+jump,False
6617,1791553444.125409,356.8000,1384.5000,1.2000,31.0000,False,left+jump,False
6618,1791553444.142076,357.2000,1416.0000,0.4000,31.5000,False,left+jump,False
6619,1791553444.158742,356.8000,1448.0000,-0.4000,32.0000,False,left+jump,False
6620,1791553444.175409,355.6000,1480.5000,-1.2000,32.5000,False,left,False
6621,1791553444.192075,353.6000,1513.5000,-2.0000,33.0000,False,left,False
6622,1791553444.208742,352.4000,1547.0000,-1.2000,33.5000,False,right+jump,False
6623,1791553444.225409,352.0000,1581.0000,-0.4000,34.0000,False,right+jump,False
6624,1791553444.242076,352.4000,1615.5000,0.4000,34.5000,False,right+jump,False
6625,1791553444.258742,353.6000,1650.5000,1.2000,35.0000,False,right+jump,False
6626,1791553444.275409,355.6000,1686.0000,2.0000,35.5000,False,right+jump,False
6627,1791553444.292076,358.4000,1722.0000,2.8000,36.0000,False,right+jump,False
6628,1791553444.308742,362.0000,1758.5000,3.6000,36.5000,False,right+jump,False
6629,1791553444.325409,366.4000,1795.5000,4.4000,37.0000,False,right+jump,False
6630,1791553444.342076,371.6000,1833.0000,5.2000,37.5000,False,right+jump,False
6631,1791553444.358742,377.6000,1871.0000,6.0000,38.0000,False,right+jump,False
6632,1791553444.375409,383.6000,1909.5000,6.0000,38.5000,False,right+jump,False
6633,1791553444.392076,389.6000,1948.5000,6.0000,39.0000,False,right+jump,False
6634,1791553444.408742,395.6000,1988.0000,6.0000,39.5000,False,right,False
6635,1791553444.425409,401.6000,2028.0000,6.0000,40.0000,False,right,False
6636,1791553444.442075,407.6000,2068.5000,6.0000,40.5000,False,right,False
6637,1791553444.458742,413.6000,2109.5000,6.0000,41.0000,False,right,False
6638,1791553444.475409,419.6000,2151.0000,6.0000,41.5000,False,right,False
6639,1791553444.492076,425.6000,2193.0000,6.0000,42.0000,False,right+jump,False
6640,1791553444.508742,431.6000,2235.5000,6.0000,42.5000,False,right+jump,False
6641,1791553444.525409,437.6000,2278.5000,6.0000,43.0000,False,right+jump,False
6642,1791553444.542076,443.6000,2322.0000,6.0000,43.5000,False,right,False
6643,1791553444.558742,449.6000,2366.0000,6.0000,44.0000,False,right,False
6644,1791553444.575409,455.6000,2410.5000,6.0000,44.5000,False,right,False
6645,1791553444.592076,461.6000,2455.5000,6.0000,45.0000,False,right,False
6646,1791553444.608742,466.8000,2501.0000,5.2000,45.5000,False,left,False
6647,1791553444.625409,471.2000,2547.0000,4.4000,46.0000,False,left,False
6648,1791553444.642076,474.8000,2593.5000,3.6000,46.5000,False,left,False
6649,1791553444.658742,479.2000,2640.5000,4.4000,47.0000,False,right,False
6650,1791553444.675409,484.4000,2688.0000,5.2000,47.5000,False,right,False
6651,1791553444.692075,488.8000,2736.0000,4.4000,48.0000,False,left,False
6652,1791553444.708742,492.4000,2784.5000,3.6000,48.5000,False,left,False
6653,1791553444.725409,495.2000,2833.5000,2.8000,49.0000,False,left,False
6654,1791553444.742076,497.2000,2883.0000,2.0000,49.5000,False,left,False
6655,1791553444.758742,498.4000,2933.0000,1.2000,50.0000,False,left,False
6656,1791553444.775409,498.8000,2983.5000,0.4000,50.5000,False,left,False
6657,1791553444.792076,498.4000,3034.5000,-0.4000,51.0000,False,left,False
6658,1791553444.808742,497.2000,3086.0000,-1.2000,51.5000,False,left,False
6659,1791553444.825409,495.2000,3138.0000,-2.0000,52.0000,False,left,False
6660,1791553444.842076,492.4000,3190.5000,-2.8000,52.5000,False,left,False
6661,1791553444.858742,488.8000,3243.5000,-3.6000,53.0000,False,left,False
6662,1791553444.875409,484.4000,3297.0000,-4.4000,53.5000,False,left,False
6663,1791553444.892076,479.2000,3351.0000,-5.2000,54.0000,False,left,False
6664,1791553444.908742,473.2000,3405.5000,-6.0000,54.5000,False,left,False
6665,1791553444.925409,467.2000,3460.5000,-6.0000,55.0000,False,left,False
6666,1791553444.942075,461.2000,3516.0000,-6.0000,55.5000,False,left,False
6667,1791553444.958742,455.2000,3572.0000,-6.0000,56.0000,False,left,False
6668,1791553444.975409,449.2000,3628.5000,-6.0000,56.5000,False,left,False
6669,1791553444.992076,443.2000,3685.5000,-6.0000,57.0000,False,left,False
6670,1791553445.008742,437.2000,3743.0000,-6.0000,57.5000,False,left,False
6671,1791553445.025409,431.2000,3801.0000,-6.0000,58.0000,False,left,False
6672,1791553445.042076,425.2000,3859.5000,-6.0000,58.5000,False,left,False
6673,1791553445.058742,419.2000,3918.5000,-6.0000,59.0000,False,left,False
6674,1791553445.075409,413.2000,3978.0000,-6.0000,59.5000,False,left,False
6675,1791553445.092076,407.2000,4038.0000,-6.0000,60.0000,False,left,False
6676,1791553445.108742,401.2000,4098.5000,-6.0000,60.5000,False,left,False
6677,1791553445.125409,395.2000,4159.5000,-6.0000,61.0000,False,left,False
6678,1791553445.142076,389.2000,4221.0000,-6.0000,61.5000,False,left,False
6679,1791553445.158742,383.2000,4283.0000,-6.0000,62.0000,False,left,False
6680,1791553445.175409,377.2000,4345.5000,-6.0000,62.5000,False,left,False
6681,1791553445.192075,371.2000,4408.5000,-6.0000,63.0000,False,left,False
6682,1791553445.208742,365.2000,4472.0000,-6.0000,63.5000,False,left,False
6683,1791553445.225409,359.2000,4536.0000,-6.0000,64.0000,False,left,False
6684,1791553445.242076,353.2000,4600.5000,-6.0000,64.5000,False,left,False
6685,1791553445.258742,347.2000,4665.5000,-6.0000,65.0000,False,left,False
6686,1791553445.275409,341.2000,4731.0000,-6.0000,65.5000,False,left,False
6687,1791553445.292076,335.2000,4797.0000,-6.0000,66.0000,False,left,False
6688,1791553445.308742,329.2000,4863.5000,-6.0000,66.5000,False,left,False
6689,1791553445.325409,323.2000,4930.5000,-6.0000,67.0000,False,left,False
6690,1791553445.342076,317.2000,4998.0000,-6.0000,67.5000,False,left,False
6691,1791553445.358742,311.2000,5066.0000,-6.0000,68.0000,False,left,False
6692,1791553445.375409,305.2000,5134.5000,-6.0000,68.5000,False,left,False
6693,1791553445.392076,299.2000,5203.5000,-6.0000,69.0000,False,left,False
6694,1791553445.408742,293.2000,5273.0000,-6.0000,69.5000,False,left,False
6695,1791553445.425409,287.2000,5343.0000,-6.0000,70.0000,False,left,False
6696,1791553445.442075,281.2000,5413.5000,-6.0000,70.5000,False,left,False
6697,1791553445.458742,275.2000,5484.5000,-6.0000,71.0000,False,left,False
6698,1791553445.475409,269.2000,5556.0000,-6.0000,71.5000,False,left,False
6699,1791553445.492076,263.2000,5628.0000,-6.0000,72.0000,False,left,False
6700,1791553445.508742,257.2000,5700.5000,-6.0000,72.5000,False,left,False
6701,1791553445.525409,251.2000,5773.5000,-6.0000,73.0000,False,left,False
6702,1791553445.542076,245.2000,5847.0000,-6.0000,73.5000,False,left,False
6703,1791553445.558742,239.2000,5921.0000,-6.0000,74.0000,False,left,False
6704,1791553445.575409,233.2000,5995.5000,-6.0000,74.5000,False,left,False
6705,1791553445.592076,227.2000,6070.5000,-6.0000,75.0000,False,left,False
6706,1791553445.608742,221.2000,6146.0000,-6.0000,75.5000,False,left,False
6707,1791553445.625409,215.2000,6222.0000,-6.0000,76.0000,False,left,False
6708,1791553445.642076,209.2000,6298.5000,-6.0000,76.5000,False,left,False
6709,1791553445.658742,203.2000,6375.5000,-6.0000,77.0000,False,left,False
6710,1791553445.675409,197.2000,6453.0000,-6.0000,77.5000,False,left,False
6711,1791553445.692075,191.2000,6531.0000,-6.0000,78.0000,False,left,False
6712,1791553445.708742,185.2000,6609.5000,-6.0000,78.5000,False,left,False
6713,1791553445.725409,179.2000,6688.5000,-6.0000,79.0000,False,left,False
6714,1791553445.742076,173.2000,6768.0000,-6.0000,79.5000,False,left,False
6715,1791553445.758742,167.2000,6848.0000,-6.0000,80.0000,False,left,False
6716,1791553445.775409,161.2000,6928.5000,-6.0000,80.5000,False,left,False
6717,1791553445.792076,155.2000,7009.5000,-6.0000,81.0000,False,left,False
6718,1791553445.808742,149.2000,7091.0000,-6.0000,81.5000,False,left,False
6719,1791553445.825409,143.2000,7173.0000,-6.0000,82.0000,False,left,False
6720,1791553445.842076,137.2000,7255.5000,-6.0000,82.5000,False,left,False
6721,1791553445.858742,131.2000,7338.5000,-6.0000,83.0000,False,left,False
6722,1791553445.875409,125.2000,7422.0000,-6.0000,83.5000,False,left,False
6723,1791553445.892076,119.2000,7506.0000,-6.0000,84.0000,False,left,False
6724,1791553445.908742,113.2000,7590.5000,-6.0000,84.5000,False,left,False
6725,1791553445.925409,107.2000,7675.5000,-6.0000,85.0000,False,left,False
6726,1791553445.942075,101.2000,7761.0000,-6.0000,85.5000,False,left,False
6727,1791553445.958742,95.2000,7847.0000,-6.0000,86.0000,False,left,False
6728,1791553445.975409,89.2000,7933.5000,-6.0000,86.5000,False,left,False
6729,1791553445.992076,83.2000,8020.5000,-6.0000,87.0000,False,left,False
6730,1791553446.008742,77.2000,8108.0000,-6.0000,87.5000,False,left,False
6731,1791553446.025409,71.2000,8196.0000,-6.0000,88.0000,False,left,False
6732,1791553446.042076,65.2000,8284.5000,-6.0000,88.5000,False,left,False
6733,1791553446.058742,59.2000,8373.5000,-6.0000,89.0000,False,left,False
6734,1791553446.075409,53.2000,8463.0000,-6.0000,89.5000,False,left,False
6735,1791553446.092076,47.2000,8553.0000,-6.0000,90.0000,False,left,False
6736,1791553446.108742,41.2000,8643.5000,-6.0000,90.5000,False,left,False
6737,1791553446.125409,35.2000,8734.5000,-6.0000,91.0000,False,left,False
6738,1791553446.142076,29.2000,8826.0000,-6.0000,91.5000,False,left,False
6739,1791553446.158742,23.2000,8918.0000,-6.0000,92.0000,False,left,False
6740,1791553446.175409,17.2000,9010.5000,-6.0000,92.5000,False,left,False
6741,1791553446.192075,11.2000,9103.5000,-6.0000,93.0000,False,left,False
6742,1791553446.208742,5.2000,9197.0000,-6.0000,93.5000,False,left,False
6743,1791553446.225409,-0.8000,9291.0000,-6.0000,94.0000,False,left,False
6744,1791553446.242076,-6.8000,9385.5000,-6.0000,94.5000,False,left,False
6745,1791553446.258742,-12.8000,9480.5000,-6.0000,95.0000,False,left,False
6746,1791553446.275409,-18.8000,9576.0000,-6.0000,95.5000,False,left,False
6747,1791553446.292076,-24.8000,9672.0000,-6.0000,96.0000,False,left,False
6748,1791553446.308742,-30.8000,9768.5000,-6.0000,96.5000,False,left,False
6749,1791553446.325409,-36.8000,9865.5000,-6.0000,97.0000,False,left,False
6750,1791553446.342076,-42.8000,9963.0000,-6.0000,97.5000,False,left,False
6751,1791553446.358742,-48.8000,10061.0000,-6.0000,98.0000,False,left,False
6752,1791553446.375409,-54.8000,10159.5000,-6.0000,98.5000,False,left,False
6753,1791553446.392076,-60.8000,10258.5000,-6.0000,99.0000,False,left,False
6754,1791553446.408742,-66.8000,10358.0000,-6.0000,99.5000,False,left,False
6755,1791553446.425409,-72.8000,10458.0000,-6.0000,100.0000,False,left,False
6756,1791553446.442075,-78.8000,10558.5000,-6.0000,100.5000,False,left,False
6757,1791553446.458742,-84.8000,10659.5000,-6.0000,101.0000,False,left,False
6758,1791553446.475409,-90.8000,10761.0000,-6.0000,101.5000,False,left,False
6759,1791553446.492076,-96.8000,10863.0000,-6.0000,102.0000,False,left,False
6760,1791553446.508742,-102.8000,10965.5000,-6.0000,102.5000,False,left,False
6761,1791553446.525409,-108.8000,11068.5000,-6.0000,103.0000,False,left,False
6762,1791553446.542076,-114.8000,11172.0000,-6.0000,103.5000,False,left,False
6763,1791553446.558742,-120.8000,11276.0000,-6.0000,104.0000,False,left,False
6764,1791553446.575409,-126.8000,11380.5000,-6.0000,104.5000,False,left,False
6765,1791553446.592076,-132.8000,11485.5000,-6.0000,105.0000,False,left,False
6766,1791553446.608742,-138.8000,11591.0000,-6.0000,105.5000,False,left,False
6767,1791553446.625409,-144.8000,11697.0000,-6.0000,106.0000,False,left,False
6768,1791553446.642076,-150.8000,11803.5000,-6.0000,106.5000,False,left,False
6769,1791553446.658742,-156.8000,11910.5000,-6.0000,107.0000,False,left,False
6770,1791553446.675409,-162.8000,12018.0000,-6.0000,107.5000,False,left,False
6771,1791553446.692075,-168.8000,12126.0000,-6.0000,108.0000,False,left,False
6772,1791553446.708742,-174.8000,12234.5000,-6.0000,108.5000,False,left,False
6773,1791553446.725409,-180.8000,12343.5000,-6.0000,109.0000,False,left,False
6774,1791553446.742076,-186.8000,12453.0000,-6.0000,109.5000,False,left,False
6775,1791553446.758742,-192.8000,12563.0000,-6.0000,110.0000,False,left,False
6776,1791553446.775409,-198.8000,12673.5000,-6.0000,110.5000,False,left,False
6777,1791553446.792076,-204.8000,12784.5000,-6.0000,111.0000,False,left,False
6778,1791553446.808742,-210.8000,12896.0000,-6.0000,111.5000,False,left,False
6779,1791553446.825409,-216.8000,13008.0000,-6.0000,112.0000,False,left,False
6780,1791553446.842076,-222.8000,13120.5000,-6.0000,112.5000,False,left,False
6781,1791553446.858742,-228.8000,13233.5000,-6.0000,113.0000,False,left,False
6782,1791553446.875409,-234.8000,13347.0000,-6.0000,113.5000,False,left,False
6783,1791553446.892076,-240.8000,13461.0000,-6.0000,114.0000,False,left,False
6784,1791553446.908742,-246.8000,13575.5000,-6.0000,114.5000,False,left,False
6785,1791553446.925409,-252.8000,13690.5000,-6.0000,115.0000,False,left,False
6786,1791553446.942075,-258.8000,13806.0000,-6.0000,115.5000,False,left,False
6787,1791553446.958742,-264.8000,13922.0000,-6.0000,116.0000,False,left,False
6788,1791553446.975409,-270.8000,14038.5000,-6.0000,116.5000,False,left,False
6789,1791553446.992076,-276.8000,14155.5000,-6.0000,117.0000,False,left,False
6790,1791553447.008742,-282.8000,14273.0000,-6.0000,117.5000,False,left,False
6791,1791553447.025409,-288.8000,14391.0000,-6.0000,118.0000,False,left,False
6792,1791553447.042076,-294.8000,14509.5000,-6.0000,118.5000,False,left,False
6793,1791553447.058742,-300.8000,14628.5000,-6.0000,119.0000,False,left,False
6794,1791553447.075409,-306.8000,14748.0000,-6.0000,119.5000,False,left,False
6795,1791553447.092076,-312.8000,14868.0000,-6.0000,120.0000,False,left,False
6796,1791553447.108742,-318.8000,14988.5000,-6.0000,120.5000,False,left,False
6797,1791553447.125409,-324.8000,15109.5000,-6.0000,121.0000,False,left,False
6798,1791553447.142076,-330.8000,15231.0000,-6.0000,121.5000,False,left,False
6799,1791553447.158742,-336.8000,15353.0000,-6.0000,122.0000,False,left,False
6800,1791553447.175409,-342.8000,15475.5000,-6.0000,122.5000,False,left,False
6801,1791553447.192075,-348.8000,15598.5000,-6.0000,123.0000,False,left,False
6802,1791553447.208742,-354.8000,15722.0000,-6.0000,123.5000,False,left,False
6803,1791553447.225409,-360.8000,15846.0000,-6.0000,124.0000,False,left,False
6804,1791553447.242076,-366.8000,15970.5000,-6.0000,124.5000,False,left,False
6805,1791553447.258742,-372.8000,16095.5000,-6.0000,125.0000,False,left,False
6806,1791553447.275409,-378.8000,16221.0000,-6.0000,125.5000,False,left,False
6807,1791553447.292076,-384.8000,16347.0000,-6.0000,126.0000,False,left,False
6808,1791553447.308742,-390.8000,16473.5000,-6.0000,126.5000,False,left,False
6809,1791553447.325409,-396.8000,16600.5000,-6.0000,127.0000,False,left,False
6810,1791553447.342076,-402.8000,16728.0000,-6.0000,127.5000,False,left,False
6811,1791553447.358742,-408.8000,16856.0000,-6.0000,128.0000,False,left,False
6812,1791553447.375409,-414.8000,16984.5000,-6.0000,128.5000,False,left,False
6813,1791553447.392076,-420.8000,17113.5000,-6.0000,129.0000,False,left,False
6814,1791553447.408742,-426.8000,17243.0000,-6.0000,129.5000,False,left,False
6815,1791553447.425409,-432.8000,17373.0000,-6.0000,130.0000,False,left,False
6816,1791553447.442075,-438.8000,17503.5000,-6.0000,130.5000,False,left,False
6817,1791553447.458742,-444.8000,17634.5000,-6.0000,131.0000,False,left,False
6818,1791553447.475409,-450.8000,17766.0000,-6.0000,131.5000,False,left,False
6819,1791553447.492076,-456.8000,17898.0000,-6.0000,132.0000,False,left,False
6820,1791553447.508742,-462.8000,18030.5000,-6.0000,132.5000,False,left,False
6821,1791553447.525409,-468.8000,18163.5000,-6.0000,133.0000,False,left,False
6822,1791553447.542076,-474.8000,18297.0000,-6.0000,133.5000,False,left,False
6823,1791553447.558742,-480.8000,18431.0000,-6.0000,134.0000,False,left,False
6824,1791553447.575409,-486.8000,18565.5000,-6.0000,134.5000,False,left,False
6825,1791553447.592076,-492.8000,18700.5000,-6.0000,135.0000,False,left,False
6826,1791553447.608742,-498.8000,18836.0000,-6.0000,135.5000,False,left,False
6827,1791553447.625409,-504.8000,18972.0000,-6.0000,136.0000,False,left,False
6828,1791553447.642076,-510.8000,19108.5000,-6.0000,136.5000,False,left,False
6829,1791553447.658742,-516.8000,19245.5000,-6.0000,137.0000,False,left,False
6830,1791553447.675409,-522.8000,19383.0000,-6.0000,137.5000,False,left,False
6831,1791553447.692075,-528.8000,19521.0000,-6.0000,138.0000,False,left,False
6832,1791553447.708742,-534.8000,19659.5000,-6.0000,138.5000,False,left,False
6833,1791553447.725409,-540.8000,19798.5000,-6.0000,139.0000,False,left,False
6834,1791553447.742076,-546.8000,19938.0000,-6.0000,139.5000,False,left,False
6835,1791553447.758742,-552.8000,20078.0000,-6.0000,140.0000,False,left,False
6836,1791553447.775409,-558.8000,20218.5000,-6.0000,140.5000,False,left,False
6837,1791553447.792076,-564.8000,20359.5000,-6.0000,141.0000,False,left,False
6838,1791553447.808742,-570.8000,20501.0000,-6.0000,141.5000,False,left,False
6839,1791553447.825409,-576.8000,20643.0000,-6.0000,142.0000,False,left,False
6840,1791553447.842076,-582.8000,20785.5000,-6.0000,142.5000,False,left,False
6841,1791553447.858742,-588.8000,20928.5000,-6.0000,143.0000,False,left,False
6842,1791553447.875409,-594.8000,21072.0000,-6.0000,143.5000,False,left,False
6843,1791553447.892076,-600.8000,21216.0000,-6.0000,144.0000,False,left,False
6844,1791553447.908742,-606.8000,21360.5000,-6.0000,144.5000,False,left,False
6845,1791553447.925409,-612.8000,21505.5000,-6.0000,145.0000,False,left,False
6846,1791553447.942075,-618.8000,21651.0000,-6.0000,145.5000,False,left,False
6847,1791553447.958742,-624.8000,21797.0000,-6.0000,146.0000,False,left,False
6848,1791553447.975409,-630.8000,21943.5000,-6.0000,146.5000,False,left,False
6849,1791553447.992076,-636.8000,22090.5000,-6.0000,147.0000,False,left,False
6850,1791553448.008742,-642.8000,22238.0000,-6.0000,147.5000,False,left,False
6851,1791553448.025409,-648.8000,22386.0000,-6.0000,148.0000,False,left,False
6852,1791553448.042076,-654.8000,22534.5000,-6.0000,148.5000,False,left,False
6853,1791553448.058742,-660.8000,22683.5000,-6.0000,149.0000,False,left,False
6854,1791553448.075409,-666.8000,22833.0000,-6.0000,149.5000,False,left,False
6855,1791553448.092076,-672.8000,22983.0000,-6.0000,150.0000,False,left,False
6856,1791553448.108742,-678.8000,23133.5000,-6.0000,150.5000,False,left,False
6857,1791553448.125409,-684.8000,23284.5000,-6.0000,151.0000,False,left,False
6858,1791553448.142076,-690.8000,23436.0000,-6.0000,151.5000,False,left,False
6859,1791553448.158742,-696.8000,23588.0000,-6.0000,152.0000,False,left,False
6860,1791553448.175409,-702.8000,23740.5000,-6.0000,152.5000,False,left,False
6861,1791553448.192075,-708.8000,23893.5000,-6.0000,153.0000,False,left,False
6862,1791553448.208742,-714.8000,24047.0000,-6.0000,153.5000,False,left,False
6863,1791553448.225409,-720.8000,24201.0000,-6.0000,154.0000,False,left,False
6864,1791553448.242076,-726.8000,24355.5000,-6.0000,154.5000,False,left,False
6865,1791553448.258742,-732.8000,24510.5000,-6.0000,155.0000,False,left,False
6866,1791553448.275409,-738.8000,24666.0000,-6.0000,155.5000,False,left,False
6867,1791553448.292076,-744.8000,24822.0000,-6.0000,156.0000,False,left,False
6868,1791553448.308742,-750.8000,24978.5000,-6.0000,156.5000,False,left,False
6869,1791553448.325409,-756.8000,25135.5000,-6.0000,157.0000,False,left,False
6870,1791553448.342076,-762.8000,25293.0000,-6.0000,157.5000,False,left,False
6871,1791553448.358742,-768.8000,25451.0000,-6.0000,158.0000,False,left,False
6872,1791553448.375409,-774.8000,25609.5000,-6.0000,158.5000,False,left,False
6873,1791553448.392076,-780.8000,25768.5000,-6.0000,159.0000,False,left,False
6874,1791553448.408742,-786.8000,25928.0000,-6.0000,159.5000,False,left,False
6875,1791553448.425409,-792.8000,26088.0000,-6.0000,160.0000,False,left,False
6876,1791553448.442075,-798.8000,26248.5000,-6.0000,160.5000,False,left,False
6877,1791553448.458742,-804.8000,26409.5000,-6.0000,161.0000,False,left,False
6878,1791553448.475409,-810.8000,26571.0000,-6.0000,161.5000,False,left,False
6879,1791553448.492076,-816.8000,26733.0000,-6.0000,162.0000,False,left,False
6880,1791553448.508742,-822.8000,26895.5000,-6.0000,162.5000,False,left,False
6881,1791553448.525409,-828.8000,27058.5000,-6.0000,163.0000,False,left,False
6882,1791553448.542076,-834.8000,27222.0000,-6.0000,163.5000,False,left,False
6883,1791553448.558742,-840.8000,27386.0000,-6.0000,164.0000,False,left,False
6884,1791553448.575409,339.2000,404.5000,-0.8000,0.5000,False,left,False
6885,1791553448.592076,337.6000,405.5000,-1.6000,1.0000,False,left,False
6886,1791553448.608742,335.2000,407.0000,-2.4000,1.5000,False,left,False
6887,1791553448.625409,332.0000,408.0000,-3.2000,0.0000,True,left,True
6888,1791553448.642076,328.0000,408.0000,-4.0000,0.0000,True,left,True
6889,1791553448.658742,323.2000,408.0000,-4.8000,0.0000,True,left,True
6890,1791553448.675409,317.6000,408.0000,-5.6000,0.0000,True,left,True
6891,1791553448.692075,311.6000,408.0000,-6.0000,0.0000,True,left,True
6892,1791553448.708742,305.6000,408.0000,-6.0000,0.0000,True,left,True
6893,1791553448.725409,299.6000,408.0000,-6.0000,0.0000,True,left,True
6894,1791553448.742076,294.5000,408.0000,-5.1000,0.0000,True,none,True
6895,1791553448.758742,290.1650,408.0000,-4.3350,0.0000,True,none,True
6896,1791553448.775409,286.4802,408.0000,-3.6847,0.0000,True,none,True
6897,1791553448.792076,283.3482,408.0000,-3.1320,0.0000,True,none,True
6898,1791553448.808742,280.6860,408.0000,-2.6622,0.0000,True,none,True
6899,1791553448.825409,278.4231,408.0000,-2.2629,0.0000,True,none,True
6900,1791553448.842076,276.4996,408.0000,-1.9235,0.0000,True,none,True
6901,1791553448.858742,274.8647,408.0000,-1.6349,0.0000,True,none,True
6902,1791553448.875409,273.4750,408.0000,-1.3897,0.0000,True,none,True
6903,1791553448.892076,272.2937,408.0000,-1.1812,0.0000,True,none,True
6904,1791553448.908742,271.2897,408.0000,-1.0041,0.0000,True,none,True
6905,1791553448.925409,270.4362,408.0000,-0.8535,0.0000,True,none,True
6906,1791553448.942075,269.7108,408.0000,-0.7254,0.0000,True,none,True
6907,1791553448.958742,269.0942,408.0000,-0.6166,0.0000,True,none,True
6908,1791553448.975409,268.5700,408.0000,-0.5241,0.0000,True,none,True
6909,1791553448.992076,268.1245,408.0000,-0.4455,0.0000,True,none,True
6910,1791553449.008742,267.7459,408.5000,-0.3787,0.5000,False,none,True
6911,1791553449.025409,266.5672,409.5000,-1.1787,1.0000,False,left,False
6912,1791553449.042076,264.5885,411.0000,-1.9787,1.5000,False,left,False
6913,1791553449.058742,261.8098,413.0000,-2.7787,2.0000,False,left,False
6914,1791553449.075409,258.2311,415.5000,-3.5787,2.5000,False,left,False
6915,1791553449.092076,253.8525,418.5000,-4.3787,3.0000,False,left,False
6916,1791553449.108742,248.6738,422.0000,-5.1787,3.5000,False,left,False
6917,1791553449.125409,242.6951,426.0000,-5.9787,4.0000,False,left,False
6918,1791553449.142076,240.0000,430.5000,0.0000,4.5000,False,left,True
6919,1791553449.158742,240.0000,435.5000,0.0000,5.0000,False,left,True
6920,1791553449.175409,240.0000,441.0000,0.0000,5.5000,False,left,True
6921,1791553449.192075,240.0000,447.0000,0.0000,6.0000,False,left,True
6922,1791553449.208742,240.0000,453.5000,0.0000,6.5000,False,left+jump,True
6923,1791553449.225409,240.0000,460.5000,0.0000,7.0000,False,left+jump,True
6924,1791553449.242076,240.0000,468.0000,0.0000,7.5000,False,left+jump,True
6925,1791553449.258742,240.0000,476.0000,0.0000,8.0000,False,left+jump,True
6926,1791553449.275409,240.8000,484.5000,0.8000,8.5000,False,right+jump,True
6927,1791553449.292076,242.4000,493.5000,1.6000,9.0000,False,right+jump,False
6928,1791553449.308742,244.8000,503.0000,2.4000,9.5000,False,right+jump,False
6929,1791553449.325409,248.0000,513.0000,3.2000,10.0000,False,right+jump,False
6930,1791553449.342076,252.0000,523.5000,4.0000,10.5000,False,right+jump,False
6931,1791553449.358742,256.8000,534.5000,4.8000,11.0000,False,right+jump,False
6932,1791553449.375409,260.8000,546.0000,4.0000,11.5000,False,left,False
6933,1791553449.392076,264.0000,558.0000,3.2000,12.0000,False,left,False
6934,1791553449.408742,266.4000,570.5000,2.4000,12.5000,False,left,False
6935,1791553449.425409,268.0000,583.5000,1.6000,13.0000,False,left,True
6936,1791553449.442075,268.0000,597.0000,0.0000,13.5000,False,left+jump,True
6937,1791553449.458742,267.2000,611.0000,-0.8000,14.0000,False,left+jump,False
6938,1791553449.475409,266.4000,625.5000,-0.8000,14.5000,False,jump,False
6939,1791553449.492076,265.6000,640.5000,-0.8000,15.0000,False,jump,False
6940,1791553449.508742,264.8000,656.0000,-0.8000,15.5000,False,jump,False
6941,1791553449.525409,264.0000,672.0000,-0.8000,16.0000,False,jump,False
6942,1791553449.542076,264.0000,688.5000,0.0000,16.5000,False,right,False
6943,1791553449.558742,264.8000,705.5000,0.8000,17.0000,False,right,False
6944,1791553449.575409,266.4000,723.0000,1.6000,17.5000,False,right,False
6945,1791553449.592076,268.8000,741.0000,2.4000,18.0000,False,right,False
6946,1791553449.608742,272.0000,759.5000,3.2000,18.5000,False,right,False
6947,1791553449.625409,274.4000,778.5000,2.4000,19.0000,False,left+jump,False
6948,1791553449.642076,276.0000,798.0000,1.6000,19.5000,False,left+jump,False
6949,1791553449.658742,276.8000,818.0000,0.8000,20.0000,False,left,False
6950,1791553449.675409,276.8000,838.5000,0.0000,20.5000,False,left,False
6951,1791553449.692075,276.0000,859.5000,-0.8000,21.0000,False,left,False
6952,1791553449.708742,274.4000,881.0000,-1.6000,21.5000,False,left,False
6953,1791553449.725409,272.0000,903.0000,-2.4000,22.0000,False,left,False
6954,1791553449.742076,268.8000,925.5000,-3.2000,22.5000,False,left+jump,False
6955,1791553449.758742,264.8000,948.5000,-4.0000,23.0000,False,left+jump,False
6956,1791553449.775409,260.0000,972.0000,-4.8000,23.5000,False,left+jump,False
6957,1791553449.792076,254.4000,996.0000,-5.6000,24.0000,False,left+jump,False
6958,1791553449.808742,248.4000,1020.5000,-6.0000,24.5000,False,left+jump,False
6959,1791553449.825409,242.4000,1045.5000,-6.0000,25.0000,False,left+jump,False
6960,1791553449.842076,236.4000,1071.0000,-6.0000,25.5000,False,left+jump,False
6961,1791553449.858742,230.4000,1097.0000,-6.0000,26.0000,False,left+jump,False
6962,1791553449.875409,224.4000,1123.5000,-6.0000,26.5000,False,left+jump,False
6963,1791553449.892076,218.4000,1150.5000,-6.0000,27.0000,False,left+jump,False
6964,1791553449.908742,212.4000,1178.0000,-6.0000,27.5000,False,left+jump,False
6965,1791553449.925409,206.4000,1206.0000,-6.0000,28.0000,False,left+jump,False
6966,1791553449.942075,200.4000,1234.5000,-6.0000,28.5000,False,left+jump,False
6967,1791553449.958742,195.2000,1263.5000,-5.2000,29.0000,False,right+jump,False
6968,1791553449.975409,190.8000,1293.0000,-4.4000,29.5000,False,right+jump,False
6969,1791553449.992076,187.2000,1323.0000,-3.6000,30.0000,False,right+jump,False
6970,1791553450.008742,184.4000,1353.5000,-2.8000,30.5000,False,right+jump,False
6971,1791553450.025409,180.8000,1384.5000,-3.6000,31.0000,False,left,False
6972,1791553450.042076,176.4000,1416.0000,-4.4000,31.5000,False,left,False
6973,1791553450.058742,171.2000,1448.0000,-5.2000,32.0000,False,left,False
6974,1791553450.075409,165.2000,1480.5000,-6.0000,32.5000,False,left,False
6975,1791553450.092076,159.2000,1513.5000,-6.0000,33.0000,False,left,False
6976,1791553450.108742,153.2000,1547.0000,-6.0000,33.5000,False,left+jump,False
6977,1791553450.125409,147.2000,1581.0000,-6.0000,34.0000,False,left+jump,False
6978,1791553450.142076,141.2000,1615.5000,-6.0000,34.5000,False,left+jump,False
6979,1791553450.158742,135.2000,1650.5000,-6.0000,35.0000,False,left+jump,False
6980,1791553450.175409,129.2000,1686.0000,-6.0000,35.5000,False,left+jump,False
6981,1791553450.192075,123.2000,1722.0000,-6.0000,36.0000,False,left+jump,False
6982,1791553450.208742,117.2000,1758.5000,-6.0000,36.5000,False,left+jump,False
6983,1791553450.225409,111.2000,1795.5000,-6.0000,37.0000,False,left+jump,False
6984,1791553450.242076,106.0000,1833.0000,-5.2000,37.5000,False,right,False
6985,1791553450.258742,101.6000,1871.0000,-4.4000,38.0000,False,right,False
6986,1791553450.275409,98.0000,1909.5000,-3.6000,38.5000,False,right,False
6987,1791553450.292076,95.2000,1948.5000,-2.8000,39.0000,False,right,False
6988,1791553450.308742,93.2000,1988.0000,-2.0000,39.5000,False,right+jump,False
6989,1791553450.325409,92.0000,2028.0000,-1.2000,40.0000,False,right+jump,False
6990,1791553450.342076,90.8000,2068.5000,-1.2000,40.5000,False,jump,False
6991,1791553450.358742,89.6000,2109.5000,-1.2000,41.0000,False,jump,False
6992,1791553450.375409,88.4000,2151.0000,-1.2000,41.5000,False,jump,False
6993,1791553450.392076,87.2000,2193.0000,-1.2000,42.0000,False,jump,False
6994,1791553450.408742,86.0000,2235.5000,-1.2000,42.5000,False,jump,False
6995,1791553450.425409,84.0000,2278.5000,-2.0000,43.0000,False,left+jump,False
6996,1791553450.442075,81.2000,2322.0000,-2.8000,43.5000,False,left+jump,False
6997,1791553450.458742,77.6000,2366.0000,-3.6000,44.0000,False,left+jump,False
6998,1791553450.475409,73.2000,2410.5000,-4.4000,44.5000,False,left+jump,False
6999,1791553450.492076,68.0000,2455.5000,-5.2000,45.0000,False,left+jump,False
7000,1791553450.508742,62.0000,2501.0000,-6.0000,45.5000,False,left+jump,False
7001,1791553450.525409,56.0000,2547.0000,-6.0000,46.0000,False,left+jump,False
7002,1791553450.542076,50.0000,2593.5000,-6.0000,46.5000,False,left+jump,False
7003,1791553450.558742,44.0000,2640.5000,-6.0000,47.0000,False,left+jump,False
7004,1791553450.575409,38.0000,2688.0000,-6.0000,47.5000,False,left+jump,False
7005,1791553450.592076,32.0000,2736.0000,-6.0000,48.0000,False,left,False
7006,1791553450.608742,26.0000,2784.5000,-6.0000,48.5000,False,left,False
7007,1791553450.625409,20.0000,2833.5000,-6.0000,49.0000,False,left,False
7008,1791553450.642076,14.0000,2883.0000,-6.0000,49.5000,False,left,False
7009,1791553450.658742,8.0000,2933.0000,-6.0000,50.0000,False,left,False
7010,1791553450.675409,2.0000,2983.5000,-6.0000,50.5000,False,left,False
7011,1791553450.692075,-4.0000,3034.5000,-6.0000,51.0000,False,left,False
7012,1791553450.708742,-10.0000,3086.0000,-6.0000,51.5000,False,left,False
7013,1791553450.725409,-16.0000,3138.0000,-6.0000,52.0000,False,left,False
7014,1791553450.742076,-22.0000,3190.5000,-6.0000,52.5000,False,left+jump,False
7015,1791553450.758742,-28.0000,3243.5000,-6.0000,53.0000,False,left+jump,False
7016,1791553450.775409,-34.0000,3297.0000,-6.0000,53.5000,False,left+jump,False
7017,1791553450.792076,-40.0000,3351.0000,-6.0000,54.0000,False,left+jump,False
7018,1791553450.808742,-46.0000,3405.5000,-6.0000,54.5000,False,left,False
7019,1791553450.825409,-52.0000,3460.5000,-6.0000,55.0000,False,left,False
7020,1791553450.842076,-58.0000,3516.0000,-6.0000,55.5000,False,left,False
7021,1791553450.858742,-64.0000,3572.0000,-6.0000,56.0000,False,left,False
7022,1791553450.875409,-70.0000,3628.5000,-6.0000,56.5000,False,left+jump,False
7023,1791553450.892076,-76.0000,3685.5000,-6.0000,57.0000,False,left+jump,False
7024,1791553450.908742,-82.0000,3743.0000,-6.0000,57.5000,False,jump,False
7025,1791553450.925409,-88.0000,3801.0000,-6.0000,58.0000,False,jump,False
7026,1791553450.942075,-94.0000,3859.5000,-6.0000,58.5000,False,jump,False
7027,1791553450.958742,-100.0000,3918.5000,-6.0000,59.0000,False,left+jump,False
7028,1791553450.975409,-106.0000,3978.0000,-6.0000,59.5000,False,left+jump,False
7029,1791553450.992076,-112.0000,4038.0000,-6.0000,60.0000,False,left+jump,False
7030,1791553451.008742,-118.0000,4098.5000,-6.0000,60.5000,False,left+jump,False
7031,1791553451.025409,-124.0000,4159.5000,-6.0000,61.0000,False,left+jump,False
7032,1791553451.042076,-130.0000,4221.0000,-6.0000,61.5000,False,left+jump,False
7033,1791553451.058742,-136.0000,4283.0000,-6.0000,62.0000,False,left+jump,False
7034,1791553451.075409,-142.0000,4345.5000,-6.0000,62.5000,False,left+jump,False
7035,1791553451.092076,-148.0000,4408.5000,-6.0000,63.0000,False,left+jump,False
7036,1791553451.108742,-154.0000,4472.0000,-6.0000,63.5000,False,left+jump,False
7037,1791553451.125409,-159.2000,4536.0000,-5.2000,64.0000,False,right,False
7038,1791553451.142076,-163.6000,4600.5000,-4.4000,64.5000,False,right,False
7039,1791553451.158742,-167.2000,4665.5000,-3.6000,65.0000,False,right,False
7040,1791553451.175409,-170.0000,4731.0000,-2.8000,65.5000,False,right,False
7041,1791553451.192075,-172.0000,4797.0000,-2.0000,66.0000,False,right,False
7042,1791553451.208742,-173.2000,4863.5000,-1.2000,66.5000,False,right,False
7043,1791553451.225409,-173.6000,4930.5000,-0.4000,67.0000,False,right,False
7044,1791553451.242076,-173.2000,4998.0000,0.4000,67.5000,False,right,False
7045,1791553451.258742,-172.0000,5066.0000,1.2000,68.0000,False,right,False
7046,1791553451.275409,-170.0000,5134.5000,2.0000,68.5000,False,right,False
7047,1791553451.292076,-167.2000,5203.5000,2.8000,69.0000,False,right,False
7048,1791553451.308742,-163.6000,5273.0000,3.6000,69.5000,False,right,False
7049,1791553451.325409,-159.2000,5343.0000,4.4000,70.0000,False,right,False
7050,1791553451.342076,-154.0000,5413.5000,5.2000,70.5000,False,right,False
7051,1791553451.358742,-148.0000,5484.5000,6.0000,71.0000,False,right,False
7052,1791553451.375409,-142.0000,5556.0000,6.0000,71.5000,False,right,False
7053,1791553451.392076,-136.0000,5628.0000,6.0000,72.0000,False,right,False
7054,1791553451.408742,-130.0000,5700.5000,6.0000,72.5000,False,right,False
7055,1791553451.425409,-124.0000,5773.5000,6.0000,73.0000,False,right,False
7056,1791553451.442075,-118.0000,5847.0000,6.0000,73.5000,False,right,False
7057,1791553451.458742,-112.0000,5921.0000,6.0000,74.0000,False,right,False
7058,1791553451.475409,-106.0000,5995.5000,6.0000,74.5000,False,right,False
7059,1791553451.492076,-100.0000,6070.5000,6.0000,75.0000,False,right,False
7060,1791553451.508742,-94.0000,6146.0000,6.0000,75.5000,False,right,False
7061,1791553451.525409,-88.0000,6222.0000,6.0000,76.0000,False,right,False
7062,1791553451.542076,-82.0000,6298.5000,6.0000,76.5000,False,right,False
7063,1791553451.558742,-76.0000,6375.5000,6.0000,77.0000,False,right,False
7064,1791553451.575409,-70.0000,6453.0000,6.0000,77.5000,False,right,False
7065,1791553451.592076,-64.0000,6531.0000,6.0000,78.0000,False,right,False
7066,1791553451.608742,-58.0000,6609.5000,6.0000,78.5000,False,right,False
7067,1791553451.625409,-52.0000,6688.5000,6.0000,79.0000,False,right,False
7068,1791553451.642076,-46.0000,6768.0000,6.0000,79.5000,False,right,False
7069,1791553451.658742,-40.0000,6848.0000,6.0000,80.0000,False,right,False
7070,1791553451.675409,-34.0000,6928.5000,6.0000,80.5000,False,right,False
7071,1791553451.692075,-28.0000,7009.5000,6.0000,81.0000,False,right,False
7072,1791553451.708742,-22.0000,7091.0000,6.0000,81.5000,False,right,False
7073,1791553451.725409,-16.0000,7173.0000,6.0000,82.0000,False,right,False
7074,1791553451.742076,-10.0000,7255.5000,6.0000,82.5000,False,right,False
7075,1791553451.758742,-4.0000,7338.5000,6.0000,83.0000,False,right,False
7076,1791553451.775409,2.0000,7422.0000,6.0000,83.5000,False,right,False
7077,1791553451.792076,8.0000,7506.0000,6.0000,84.0000,False,right,False
7078,1791553451.808742,14.0000,7590.5000,6.0000,84.5000,False,right,False
7079,1791553451.825409,20.0000,7675.5000,6.0000,85.0000,False,right,False
7080,1791553451.842076,26.0000,7761.0000,6.0000,85.5000,False,right,False
7081,1791553451.858742,32.0000,7847.0000,6.0000,86.0000,False,right,False
7082,1791553451.875409,38.0000,7933.5000,6.0000,86.5000,False,right,False
7083,1791553451.892076,44.0000,8020.5000,6.0000,87.0000,False,right,False
7084,1791553451.908742,50.0000,8108.0000,6.0000,87.5000,False,right,False
7085,1791553451.925409,56.0000,8196.0000,6.0000,88.0000,False,right,False
7086,1791553451.942075,62.0000,8284.5000,6.0000,88.5000,False,right,False
7087,1791553451.958742,68.0000,8373.5000,6.0000,89.0000,False,right,False
7088,1791553451.975409,74.0000,8463.0000,6.0000,89.5000,False,right,False
7089,1791553451.992076,80.0000,8553.0000,6.0000,90.0000,False,right,False
7090,1791553452.008742,86.0000,8643.5000,6.0000,90.5000,False,right,False
7091,1791553452.025409,92.0000,8734.5000,6.0000,91.0000,False,right,False
7092,1791553452.042076,98.0000,8826.0000,6.0000,91.5000,False,right,False
7093,1791553452.058742,104.0000,8918.0000,6.0000,92.0000,False,right,False
7094,1791553452.075409,110.0000,9010.5000,6.0000,92.5000,False,right,False
7095,1791553452.092076,116.0000,9103.5000,6.0000,93.0000,False,right,False
7096,1791553452.108742,122.0000,9197.0000,6.0000,93.5000,False,right,False
7097,1791553452.125409,128.0000,9291.0000,6.0000,94.0000,False,right,False
7098,1791553452.142076,134.0000,9385.5000,6.0000,94.5000,False,right,False
7099,1791553452.158742,140.0000,9480.5000,6.0000,95.0000,False,right,False
7100,1791553452.175409,146.0000,9576.0000,6.0000,95.5000,False,right,False
7101,1791553452.192075,152.0000,9672.0000,6.0000,96.0000,False,right,False
7102,1791553452.208742,158.0000,9768.5000,6.0000,96.5000,False,right,False
7103,1791553452.225409,164.0000,9865.5000,6.0000,97.0000,False,right,False
7104,1791553452.242076,170.0000,9963.0000,6.0000,97.5000,False,right,False
7105,1791553452.258742,176.0000,10061.0000,6.0000,98.0000,False,right,False
7106,1791553452.275409,182.0000,10159.5000,6.0000,98.5000,False,right,False
7107,1791553452.292076,188.0000,10258.5000,6.0000,99.0000,False,right,False
7108,1791553452.308742,194.0000,10358.0000,6.0000,99.5000,False,right,False
7109,1791553452.325409,200.0000,10458.0000,6.0000,100.0000,False,right,False
7110,1791553452.342076,206.0000,10558.5000,6.0000,100.5000,False,right,False
7111,1791553452.358742,212.0000,10659.5000,6.0000,101.0000,False,right,False
7112,1791553452.375409,218.0000,10761.0000,6.0000,101.5000,False,right,False
7113,1791553452.392076,224.0000,10863.0000,6.0000,102.0000,False,right,False
7114,1791553452.408742,230.0000,10965.5000,6.0000,102.5000,False,right,False
7115,1791553452.425409,236.0000,11068.5000,6.0000,103.0000,False,right,False
7116,1791553452.442075,242.0000,11172.0000,6.0000,103.5000,False,right,False
7117,1791553452.458742,248.0000,11276.0000,6.0000,104.0000,False,right,False
7118,1791553452.475409,254.0000,11380.5000,6.0000,104.5000,False,right,False
7119,1791553452.492076,260.0000,11485.5000,6.0000,105.0000,False,right,False
7120,1791553452.508742,266.0000,11591.0000,6.0000,105.5000,False,right,False
7121,1791553452.525409,272.0000,11697.0000,6.0000,106.0000,False,right,False
7122,1791553452.542076,278.0000,11803.5000,6.0000,106.5000,False,right,False
7123,1791553452.558742,284.0000,11910.5000,6.0000,107.0000,False,right,False
7124,1791553452.575409,290.0000,12018.0000,6.0000,107.5000,False,right,False
7125,1791553452.592076,296.0000,12126.0000,6.0000,108.0000,False,right,False
7126,1791553452.608742,302.0000,12234.5000,6.0000,108.5000,False,right,False
7127,1791553452.625409,308.0000,12343.5000,6.0000,109.0000,False,right,False
7128,1791553452.642076,314.0000,12453.0000,6.0000,109.5000,False,right,False
7129,1791553452.658742,320.0000,12563.0000,6.0000,110.0000,False,right,False
7130,1791553452.675409,326.0000,12673.5000,6.0000,110.5000,False,right,False
7131,1791553452.692075,332.0000,12784.5000,6.0000,111.0000,False,right,False
7132,1791553452.708742,338.0000,12896.0000,6.0000,111.5000,False,right,False
7133,1791553452.725409,344.0000,13008.0000,6.0000,112.0000,False,right,False
7134,1791553452.742076,350.0000,13120.5000,6.0000,112.5000,False,right,False
7135,1791553452.758742,356.0000,13233.5000,6.0000,113.0000,False,right,False
7136,1791553452.775409,362.0000,13347.0000,6.0000,113.5000,False,right,False
7137,1791553452.792076,368.0000,13461.0000,6.0000,114.0000,False,right,False
7138,1791553452.808742,374.0000,13575.5000,6.0000,114.5000,False,right,False
7139,1791553452.825409,380.0000,13690.5000,6.0000,115.0000,False,right,False
7140,1791553452.842076,386.0000,13806.0000,6.0000,115.5000,False,right,False
7141,1791553452.858742,392.0000,13922.0000,6.0000,116.0000,False,right,False
7142,1791553452.875409,398.0000,14038.5000,6.0000,116.5000,False,right,False
7143,1791553452.892076,404.0000,14155.5000,6.0000,117.0000,False,right,False
7144,1791553452.908742,410.0000,14273.0000,6.0000,117.5000,False,right,False
7145,1791553452.925409,416.0000,14391.0000,6.0000,118.0000,False,right,False
7146,1791553452.942075,422.0000,14509.5000,6.0000,118.5000,False,right,False
7147,1791553452.958742,428.0000,14628.5000,6.0000,119.0000,False,right,False
7148,1791553452.975409,434.0000,14748.0000,6.0000,119.5000,False,right,False
7149,1791553452.992076,440.0000,14868.0000,6.0000,120.0000,False,right,False
7150,1791553453.008742,446.0000,14988.5000,6.0000,120.5000,False,right,False
7151,1791553453.025409,452.0000,15109.5000,6.0000,121.0000,False,right,False
7152,1791553453.042076,458.0000,15231.0000,6.0000,121.5000,False,right,False
7153,1791553453.058742,464.0000,15353.0000,6.0000,122.0000,False,right,False
7154,1791553453.075409,470.0000,15475.5000,6.0000,122.5000,False,right,False
7155,1791553453.092076,476.0000,15598.5000,6.0000,123.0000,False,right,False
7156,1791553453.108742,482.0000,15722.0000,6.0000,123.5000,False,right,False
7157,1791553453.125409,488.0000,15846.0000,6.0000,124.0000,False,right,False
7158,1791553453.142076,494.0000,15970.5000,6.0000,124.5000,False,right,False
7159,1791553453.158742,500.0000,16095.5000,6.0000,125.0000,False,right,False
7160,1791553453.175409,506.0000,16221.0000,6.0000,125.5000,False,right,False
7161,1791553453.192075,512.0000,16347.0000,6.0000,126.0000,False,right,False
7162,1791553453.208742,518.0000,16473.5000,6.0000,126.5000,False,right,False
7163,1791553453.225409,524.0000,16600.5000,6.0000,127.0000,False,right,False
7164,1791553453.242076,530.0000,16728.0000,6.0000,127.5000,False,right,False
7165,1791553453.258742,536.0000,16856.0000,6.0000,128.0000,False,right,False
7166,1791553453.275409,542.0000,16984.5000,6.0000,128.5000,False,right,False
7167,1791553453.292076,548.0000,17113.5000,6.0000,129.0000,False,right,False
7168,1791553453.308742,554.0000,17243.0000,6.0000,129.5000,False,right,False
7169,1791553453.325409,560.0000,17373.0000,6.0000,130.0000,False,right,False
7170,1791553453.342076,566.0000,17503.5000,6.0000,130.5000,False,right,False
7171,1791553453.358742,572.0000,17634.5000,6.0000,131.0000,False,right,False
7172,1791553453.375409,578.0000,17766.0000,6.0000,131.5000,False,right,False
7173,1791553453.392076,584.0000,17898.0000,6.0000,132.0000,False,right,False
7174,1791553453.408742,590.0000,18030.5000,6.0000,132.5000,False,right,False
7175,1791553453.425409,596.0000,18163.5000,6.0000,133.0000,False,right,False
7176,1791553453.442075,602.0000,18297.0000,6.0000,133.5000,False,right,False
7177,1791553453.458742,608.0000,18431.0000,6.0000,134.0000,False,right,False
7178,1791553453.475409,614.0000,18565.5000,6.0000,134.5000,False,right,False
7179,1791553453.492076,620.0000,18700.5000,6.0000,135.0000,False,right,False
7180,1791553453.508742,626.0000,18836.0000,6.0000,135.5000,False,right,False
7181,1791553453.525409,632.0000,18972.0000,6.0000,136.0000,False,right,False
7182,1791553453.542076,638.0000,19108.5000,6.0000,136.5000,False,right,False
7183,1791553453.558742,644.0000,19245.5000,6.0000,137.0000,False,right,False
7184,1791553453.575409,650.0000,19383.0000,6.0000,137.5000,False,right,False
7185,1791553453.592076,656.0000,19521.0000,6.0000,138.0000,False,right,False
7186,1791553453.608742,662.0000,19659.5000,6.0000,138.5000,False,right,False
7187,1791553453.625409,668.0000,19798.5000,6.0000,139.0000,False,right,False
7188,1791553453.642076,674.0000,19938.0000,6.0000,139.5000,False,right,False
7189,1791553453.658742,680.0000,20078.0000,6.0000,140.0000,False,right,False
7190,1791553453.675409,686.0000,20218.5000,6.0000,140.5000,False,right,False
7191,1791553453.692075,692.0000,20359.5000,6.0000,141.0000,False,right,False
7192,1791553453.708742,698.0000,20501.0000,6.0000,141.5000,False,right,False
7193,1791553453.725409,704.0000,20643.0000,6.0000,142.0000,False,right,False
7194,1791553453.742076,710.0000,20785.5000,6.0000,142.5000,False,right,False
7195,1791553453.758742,716.0000,20928.5000,6.0000,143.0000,False,right,False
7196,1791553453.775409,722.0000,21072.0000,6.0000,143.5000,False,right,False
7197,1791553453.792076,728.0000,21216.0000,6.0000,144.0000,False,right,False
7198,1791553453.808742,734.0000,21360.5000,6.0000,144.5000,False,right,False
7199,1791553453.825409,740.0000,21505.5000,6.0000,145.0000,False,right,False
