frame_id,timestamp,pos_x,pos_y,vel_x,vel_y,is_grounded,active_input,collision_state
0,1791559494.484278,340.0000,404.5000,0.0000,0.5000,False,none,False
1,1791559494.500945,340.8000,405.5000,0.8000,1.0000,False,right,False
2,1791559494.517612,342.4000,407.0000,1.6000,1.5000,False,right,False
3,1791559494.534278,344.8000,408.0000,2.4000,0.0000,True,right,True
4,1791559494.550945,348.0000,408.0000,3.2000,0.0000,True,right,True
5,1791559494.567611,352.0000,408.0000,4.0000,0.0000,True,right,True
6,1791559494.584278,356.8000,408.0000,4.8000,0.0000,True,right,True
7,1791559494.600945,362.4000,408.0000,5.6000,0.0000,True,right,True
8,1791559494.617612,368.4000,408.0000,6.0000,0.0000,True,right,True
9,1791559494.634278,374.4000,408.0000,6.0000,0.0000,True,right,True
10,1791559494.650945,380.4000,408.0000,6.0000,0.0000,True,right,True
11,1791559494.667612,386.4000,408.0000,6.0000,0.0000,True,right,True
12,1791559494.684278,392.4000,408.0000,6.0000,0.0000,True,right,True
13,1791559494.700945,398.4000,408.0000,6.0000,0.0000,True,right,True
14,1791559494.717612,404.4000,408.0000,6.0000,0.0000,True,right,True
15,1791559494.734278,409.5000,408.0000,5.1000,0.0000,True,none,True
16,1791559494.750945,413.8350,408.0000,4.3350,0.0000,True,none,True
17,1791559494.767612,417.5198,408.0000,3.6847,0.0000,True,none,True
18,1791559494.784278,420.6518,408.0000,3.1320,0.0000,True,none,True
19,1791559494.800945,423.3140,408.0000,2.6622,0.0000,True,none,True
20,1791559494.817611,425.5769,408.0000,2.2629,0.0000,True,none,True
21,1791559494.834278,427.5004,408.0000,1.9235,0.0000,True,none,True
22,1791559494.850945,430.2238,398.2500,2.7235,-9.7500,False,right+jump,False
23,1791559494.867612,433.7473,389.0000,3.5235,-9.2500,False,right,False
24,1791559494.884278,438.0708,380.2500,4.3235,-8.7500,False,right,False
25,1791559494.900945,443.1942,372.0000,5.1235,-8.2500,False,right,False
26,1791559494.917612,449.1177,364.2500,5.9235,-7.7500,False,right,False
27,1791559494.934278,455.1177,357.0000,6.0000,-7.2500,False,right,False
28,1791559494.950945,461.1177,350.2500,6.0000,-6.7500,False,right,False
29,1791559494.967612,467.1177,344.0000,6.0000,-6.2500,False,right,False
30,1791559494.984278,473.1177,338.2500,6.0000,-5.7500,False,right,False
31,1791559495.000945,479.1177,333.0000,6.0000,-5.2500,False,right,False
32,1791559495.017612,485.1177,328.2500,6.0000,-4.7500,False,right,False
33,1791559495.034278,491.1177,324.0000,6.0000,-4.2500,False,right,False
34,1791559495.050945,497.1177,320.2500,6.0000,-3.7500,False,right,False
35,1791559495.067611,503.1177,317.0000,6.0000,-3.2500,False,right,False
36,1791559495.084278,509.1177,314.2500,6.0000,-2.7500,False,right,False
37,1791559495.100945,515.1177,312.0000,6.0000,-2.2500,False,right,False
38,1791559495.117612,521.1177,310.2500,6.0000,-1.7500,False,right,False
39,1791559495.134278,527.1177,309.0000,6.0000,-1.2500,False,right,False
40,1791559495.150945,533.1177,308.2500,6.0000,-0.7500,False,right,False
41,1791559495.167612,539.1177,308.0000,6.0000,-0.2500,False,right,False
42,1791559495.184278,545.1177,308.2500,6.0000,0.2500,False,right,False
43,1791559495.200945,551.1177,309.0000,6.0000,0.7500,False,right,False
44,1791559495.217612,557.1177,310.2500,6.0000,1.2500,False,right,False
45,1791559495.234278,563.1177,312.0000,6.0000,1.7500,False,right,False
46,1791559495.250945,569.1177,314.2500,6.0000,2.2500,False,right,False
47,1791559495.267612,575.1177,317.0000,6.0000,2.7500,False,right,False
48,1791559495.284278,581.1177,320.2500,6.0000,3.2500,False,right,False
49,1791559495.300945,587.1177,324.0000,6.0000,3.7500,False,right,False
50,1791559495.317611,593.1177,328.0000,6.0000,0.0000,True,right,True
51,1791559495.334278,599.1177,328.0000,6.0000,0.0000,True,right,True
52,1791559495.350945,605.1177,328.0000,6.0000,0.0000,True,right,True
53,1791559495.367612,611.1177,328.0000,6.0000,0.0000,True,right,True
54,1791559495.384278,617.1177,328.0000,6.0000,0.0000,True,right,True
55,1791559495.400945,623.1177,328.0000,6.0000,0.0000,True,right,True
56,1791559495.417612,629.1177,328.0000,6.0000,0.0000,True,right,True
57,1791559495.434278,635.1177,328.0000,6.0000,0.0000,True,right,True
58,1791559495.450945,641.1177,328.0000,6.0000,0.0000,True,right,True
59,1791559495.467612,647.1177,328.0000,6.0000,0.0000,True,right,True
60,1791559495.484278,652.2177,328.0000,5.1000,0.0000,True,none,True
61,1791559495.500945,656.5527,328.0000,4.3350,0.0000,True,none,True
62,1791559495.517612,660.2374,328.0000,3.6847,0.0000,True,none,True
63,1791559495.534278,663.3695,328.0000,3.1320,0.0000,True,none,True
64,1791559495.550945,666.0317,328.0000,2.6622,0.0000,True,none,True
65,1791559495.567611,668.2946,328.0000,2.2629,0.0000,True,none,True
66,1791559495.584278,670.2181,328.0000,1.9235,0.0000,True,none,True
67,1791559495.600945,672.9415,328.0000,2.7235,0.0000,True,right,True
68,1791559495.617612,675.2565,328.0000,2.3149,0.0000,True,none,True
69,1791559495.634278,677.2242,328.0000,1.9677,0.0000,True,none,True
70,1791559495.650945,678.8967,328.0000,1.6725,0.0000,True,none,True
71,1791559495.667612,680.3184,328.5000,1.4217,0.5000,False,none,True
72,1791559495.684278,682.5401,329.5000,2.2217,1.0000,False,right,False
73,1791559495.700945,685.5617,331.0000,3.0217,1.5000,False,right,False
74,1791559495.717612,689.3834,333.0000,3.8217,2.0000,False,right,False
75,1791559495.734278,694.0050,335.5000,4.6217,2.5000,False,right,False
76,1791559495.750945,699.4267,338.5000,5.4217,3.0000,False,right,False
77,1791559495.767612,705.4267,342.0000,6.0000,3.5000,False,right,False
78,1791559495.784278,711.4267,346.0000,6.0000,4.0000,False,right,False
79,1791559495.800945,717.4267,350.5000,6.0000,4.5000,False,right,False
80,1791559495.817611,723.4267,355.5000,6.0000,5.0000,False,right,False
81,1791559495.834278,729.4267,361.0000,6.0000,5.5000,False,right,False
82,1791559495.850945,735.4267,367.0000,6.0000,6.0000,False,right,False
83,1791559495.867612,741.4267,373.5000,6.0000,6.5000,False,right,False
84,1791559495.884278,747.4267,380.5000,6.0000,7.0000,False,right,False
85,1791559495.900945,800.0000,388.0000,6.0000,7.5000,False,right,True
86,1791559495.917612,806.0000,396.0000,6.0000,8.0000,False,right,False
87,1791559495.934278,812.0000,404.5000,6.0000,8.5000,False,right,False
88,1791559495.950945,818.0000,413.5000,6.0000,9.0000,False,right,False
89,1791559495.967612,824.0000,423.0000,6.0000,9.5000,False,right,False
90,1791559495.984278,830.0000,433.0000,6.0000,10.0000,False,right,False
91,1791559496.000945,836.0000,443.5000,6.0000,10.5000,False,right,False
92,1791559496.017612,842.0000,454.5000,6.0000,11.0000,False,right,False
93,1791559496.034278,848.0000,466.0000,6.0000,11.5000,False,right,False
94,1791559496.050945,854.0000,478.0000,6.0000,12.0000,False,right,False
95,1791559496.067611,860.0000,490.5000,6.0000,12.5000,False,right,False
96,1791559496.084278,866.0000,503.5000,6.0000,13.0000,False,right,False
97,1791559496.100945,872.0000,517.0000,6.0000,13.5000,False,right,False
98,1791559496.117612,878.0000,531.0000,6.0000,14.0000,False,right,False
99,1791559496.134278,884.0000,545.5000,6.0000,14.5000,False,right,False
100,1791559496.150945,890.0000,560.5000,6.0000,15.0000,False,right,False
101,1791559496.167612,896.0000,576.0000,6.0000,15.5000,False,right,False
102,1791559496.184278,902.0000,592.0000,6.0000,16.0000,False,right,False
103,1791559496.200945,908.0000,608.5000,6.0000,16.5000,False,right,False
104,1791559496.217612,914.0000,625.5000,6.0000,17.0000,False,right,False
105,1791559496.234278,920.0000,643.0000,6.0000,17.5000,False,right,False
106,1791559496.250945,926.0000,661.0000,6.0000,18.0000,False,right,False
107,1791559496.267612,932.0000,679.5000,6.0000,18.5000,False,right,False
108,1791559496.284278,938.0000,698.5000,6.0000,19.0000,False,right,False
109,1791559496.300945,944.0000,718.0000,6.0000,19.5000,False,right,False
110,1791559496.317611,950.0000,738.0000,6.0000,20.0000,False,right,False
111,1791559496.334278,956.0000,758.5000,6.0000,20.5000,False,right,False
112,1791559496.350945,962.0000,779.5000,6.0000,21.0000,False,right,False
113,1791559496.367612,968.0000,801.0000,6.0000,21.5000,False,right,False
114,1791559496.384278,974.0000,823.0000,6.0000,22.0000,False,right,False
115,1791559496.400945,980.0000,845.5000,6.0000,22.5000,False,right,False
116,1791559496.417612,986.0000,868.5000,6.0000,23.0000,False,right,False
117,1791559496.434278,992.0000,892.0000,6.0000,23.5000,False,right,False
118,1791559496.450945,998.0000,916.0000,6.0000,24.0000,False,right,False
119,1791559496.467612,1004.0000,940.5000,6.0000,24.5000,False,right,False
120,1791559496.484278,1010.0000,965.5000,6.0000,25.0000,False,right,False
121,1791559496.500945,1016.0000,991.0000,6.0000,25.5000,False,right,False
122,1791559496.517612,1022.0000,1017.0000,6.0000,26.0000,False,right,False
123,1791559496.534278,1028.0000,1043.5000,6.0000,26.5000,False,right,False
124,1791559496.550945,1034.0000,1070.5000,6.0000,27.0000,False,right,False
125,1791559496.567611,1040.0000,1098.0000,6.0000,27.5000,False,right,False
126,1791559496.584278,1046.0000,1126.0000,6.0000,28.0000,False,right,False
127,1791559496.600945,1052.0000,1154.5000,6.0000,28.5000,False,right,False
128,1791559496.617612,1058.0000,1183.5000,6.0000,29.0000,False,right,False
129,1791559496.634278,1064.0000,1213.0000,6.0000,29.5000,False,right,False
130,1791559496.650945,1070.0000,1243.0000,6.0000,30.0000,False,right,False
131,1791559496.667612,1076.0000,1273.5000,6.0000,30.5000,False,right,False
132,1791559496.684278,1082.0000,1304.5000,6.0000,31.0000,False,right,False
133,1791559496.700945,1088.0000,1336.0000,6.0000,31.5000,False,right,False
134,1791559496.717612,1094.0000,1368.0000,6.0000,32.0000,False,right,False
135,1791559496.734278,1100.0000,1400.5000,6.0000,32.5000,False,right,False
136,1791559496.750945,1106.0000,1433.5000,6.0000,33.0000,False,right,False
137,1791559496.767612,1112.0000,1467.0000,6.0000,33.5000,False,right,False
138,1791559496.784278,1118.0000,1501.0000,6.0000,34.0000,False,right,False
139,1791559496.800945,1124.0000,1535.5000,6.0000,34.5000,False,right,False
140,1791559496.817611,1130.0000,1570.5000,6.0000,35.0000,False,right,False
141,1791559496.834278,1136.0000,1606.0000,6.0000,35.5000,False,right,False
142,1791559496.850945,1142.0000,1642.0000,6.0000,36.0000,False,right,False
143,1791559496.867612,1148.0000,1678.5000,6.0000,36.5000,False,right,False
144,1791559496.884278,1154.0000,1715.5000,6.0000,37.0000,False,right,False
145,1791559496.900945,1160.0000,1753.0000,6.0000,37.5000,False,right,False
146,1791559496.917612,1166.0000,1791.0000,6.0000,38.0000,False,right,False
147,1791559496.934278,1172.0000,1829.5000,6.0000,38.5000,False,right,False
148,1791559496.950945,1178.0000,1868.5000,6.0000,39.0000,False,right,False
149,1791559496.967612,1184.0000,1908.0000,6.0000,39.5000,False,right,False
150,1791559496.984278,1190.0000,1948.0000,6.0000,40.0000,False,right,False
151,1791559497.000945,1196.0000,1988.5000,6.0000,40.5000,False,right,False
152,1791559497.017612,1202.0000,2029.5000,6.0000,41.0000,False,right,False
153,1791559497.034278,1208.0000,2071.0000,6.0000,41.5000,False,right,False
154,1791559497.050945,1214.0000,2113.0000,6.0000,42.0000,False,right,False
155,1791559497.067611,1220.0000,2155.5000,6.0000,42.5000,False,right,False
156,1791559497.084278,1226.0000,2198.5000,6.0000,43.0000,False,right,False
157,1791559497.100945,1232.0000,2242.0000,6.0000,43.5000,False,right,False
158,1791559497.117612,1238.0000,2286.0000,6.0000,44.0000,False,right,False
159,1791559497.134278,1244.0000,2330.5000,6.0000,44.5000,False,right,False
160,1791559497.150945,1250.0000,2375.5000,6.0000,45.0000,False,right,False
161,1791559497.167612,1256.0000,2421.0000,6.0000,45.5000,False,right,False
162,1791559497.184278,1262.0000,2467.0000,6.0000,46.0000,False,right,False
163,1791559497.200945,1268.0000,2513.5000,6.0000,46.5000,False,right,False
164,1791559497.217612,1274.0000,2560.5000,6.0000,47.0000,False,right,False
165,1791559497.234278,1280.0000,2608.0000,6.0000,47.5000,False,right,False
166,1791559497.250945,1286.0000,2656.0000,6.0000,48.0000,False,right,False
167,1791559497.267612,1292.0000,2704.5000,6.0000,48.5000,False,right,False
168,1791559497.284278,1298.0000,2753.5000,6.0000,49.0000,False,right,False
169,1791559497.300945,1304.0000,2803.0000,6.0000,49.5000,False,right,False
170,1791559497.317611,1310.0000,2853.0000,6.0000,50.0000,False,right,False
171,1791559497.334278,1316.0000,2903.5000,6.0000,50.5000,False,right,False
172,1791559497.350945,1322.0000,2954.5000,6.0000,51.0000,False,right,False
173,1791559497.367612,1328.0000,3006.0000,6.0000,51.5000,False,right,False
174,1791559497.384278,1334.0000,3058.0000,6.0000,52.0000,False,right,False
175,1791559497.400945,1340.0000,3110.5000,6.0000,52.5000,False,right,False
176,1791559497.417612,1346.0000,3163.5000,6.0000,53.0000,False,right,False
177,1791559497.434278,1352.0000,3217.0000,6.0000,53.5000,False,right,False
178,1791559497.450945,1358.0000,3271.0000,6.0000,54.0000,False,right,False
179,1791559497.467612,1364.0000,3325.5000,6.0000,54.5000,False,right,False
180,1791559497.484278,1370.0000,3380.5000,6.0000,55.0000,False,right,False
181,1791559497.500945,1376.0000,3436.0000,6.0000,55.5000,False,right,False
182,1791559497.517612,1382.0000,3492.0000,6.0000,56.0000,False,right,False
183,1791559497.534278,1388.0000,3548.5000,6.0000,56.5000,False,right,False
184,1791559497.550945,1394.0000,3605.5000,6.0000,57.0000,False,right,False
185,1791559497.567611,1400.0000,3663.0000,6.0000,57.5000,False,right,False
186,1791559497.584278,1406.0000,3721.0000,6.0000,58.0000,False,right,False
187,1791559497.600945,1412.0000,3779.5000,6.0000,58.5000,False,right,False
188,1791559497.617612,1418.0000,3838.5000,6.0000,59.0000,False,right,False
189,1791559497.634278,1424.0000,3898.0000,6.0000,59.5000,False,right,False
190,1791559497.650945,1430.0000,3958.0000,6.0000,60.0000,False,right,False
191,1791559497.667612,1436.0000,4018.5000,6.0000,60.5000,False,right,False
192,1791559497.684278,1442.0000,4079.5000,6.0000,61.0000,False,right,False
193,1791559497.700945,1448.0000,4141.0000,6.0000,61.5000,False,right,False
194,1791559497.717612,1454.0000,4203.0000,6.0000,62.0000,False,right,False
195,1791559497.734278,1460.0000,4265.5000,6.0000,62.5000,False,right,False
196,1791559497.750945,1466.0000,4328.5000,6.0000,63.0000,False,right,False
197,1791559497.767612,1472.0000,4392.0000,6.0000,63.5000,False,right,False
198,1791559497.784278,1478.0000,4456.0000,6.0000,64.0000,False,right,False
199,1791559497.800945,1484.0000,4520.5000,6.0000,64.5000,False,right,False
200,1791559497.817611,1490.0000,4585.5000,6.0000,65.0000,False,right,False
201,1791559497.834278,1496.0000,4651.0000,6.0000,65.5000,False,right,False
202,1791559497.850945,1502.0000,4717.0000,6.0000,66.0000,False,right,False
203,1791559497.867612,1508.0000,4783.5000,6.0000,66.5000,False,right,False
204,1791559497.884278,1514.0000,4850.5000,6.0000,67.0000,False,right,False
205,1791559497.900945,1520.0000,4918.0000,6.0000,67.5000,False,right,False
206,1791559497.917612,1526.0000,4986.0000,6.0000,68.0000,False,right,False
207,1791559497.934278,1532.0000,5054.5000,6.0000,68.5000,False,right,False
208,1791559497.950945,1538.0000,5123.5000,6.0000,69.0000,False,right,False
209,1791559497.967612,1544.0000,5193.0000,6.0000,69.5000,False,right,False
210,1791559497.984278,1550.0000,5263.0000,6.0000,70.0000,False,right,False
211,1791559498.000945,1556.0000,5333.5000,6.0000,70.5000,False,right,False
212,1791559498.017612,1562.0000,5404.5000,6.0000,71.0000,False,right,False
213,1791559498.034278,1568.0000,5476.0000,6.0000,71.5000,False,right,False
214,1791559498.050945,1574.0000,5548.0000,6.0000,72.0000,False,right,False
215,1791559498.067611,1580.0000,5620.5000,6.0000,72.5000,False,right,False
216,1791559498.084278,1586.0000,5693.5000,6.0000,73.0000,False,right,False
217,1791559498.100945,1592.0000,5767.0000,6.0000,73.5000,False,right,False
218,1791559498.117612,1598.0000,5841.0000,6.0000,74.0000,False,right,False
219,1791559498.134278,1604.0000,5915.5000,6.0000,74.5000,False,right,False
220,1791559498.150945,1610.0000,5990.5000,6.0000,75.0000,False,right,False
221,1791559498.167612,1616.0000,6066.0000,6.0000,75.5000,False,right,False
222,1791559498.184278,1622.0000,6142.0000,6.0000,76.0000,False,right,False
223,1791559498.200945,1628.0000,6218.5000,6.0000,76.5000,False,right,False
224,1791559498.217612,1634.0000,6295.5000,6.0000,77.0000,False,right,False
225,1791559498.234278,1640.0000,6373.0000,6.0000,77.5000,False,right,False
226,1791559498.250945,1646.0000,6451.0000,6.0000,78.0000,False,right,False
227,1791559498.267612,1652.0000,6529.5000,6.0000,78.5000,False,right,False
228,1791559498.284278,1658.0000,6608.5000,6.0000,79.0000,False,right,False
229,1791559498.300945,1664.0000,6688.0000,6.0000,79.5000,False,right,False
230,1791559498.317611,1670.0000,6768.0000,6.0000,80.0000,False,right,False
231,1791559498.334278,1676.0000,6848.5000,6.0000,80.5000,False,right,False
232,1791559498.350945,1682.0000,6929.5000,6.0000,81.0000,False,right,False
233,1791559498.367612,1688.0000,7011.0000,6.0000,81.5000,False,right,False
234,1791559498.384278,1694.0000,7093.0000,6.0000,82.0000,False,right,False
235,1791559498.400945,1700.0000,7175.5000,6.0000,82.5000,False,right,False
236,1791559498.417612,1706.0000,7258.5000,6.0000,83.0000,False,right,False
237,1791559498.434278,1712.0000,7342.0000,6.0000,83.5000,False,right,False
238,1791559498.450945,1718.0000,7426.0000,6.0000,84.0000,False,right,False
239,1791559498.467612,1724.0000,7510.5000,6.0000,84.5000,False,right,False
240,1791559498.484278,1730.0000,7595.5000,6.0000,85.0000,False,right,False
241,1791559498.500945,1736.0000,7681.0000,6.0000,85.5000,False,right,False
242,1791559498.517612,1742.0000,7767.0000,6.0000,86.0000,False,right,False
243,1791559498.534278,1748.0000,7853.5000,6.0000,86.5000,False,right,False
244,1791559498.550945,1754.0000,7940.5000,6.0000,87.0000,False,right,False
245,1791559498.567611,1760.0000,8028.0000,6.0000,87.5000,False,right,False
246,1791559498.584278,1766.0000,8116.0000,6.0000,88.0000,False,right,False
247,1791559498.600945,1772.0000,8204.5000,6.0000,88.5000,False,right,False
248,1791559498.617612,1778.0000,8293.5000,6.0000,89.0000,False,right,False
249,1791559498.634278,1784.0000,8383.0000,6.0000,89.5000,False,right,False
250,1791559498.650945,1790.0000,8473.0000,6.0000,90.0000,False,right,False
251,1791559498.667612,1796.0000,8563.5000,6.0000,90.5000,False,right,False
252,1791559498.684278,1802.0000,8654.5000,6.0000,91.0000,False,right,False
253,1791559498.700945,1808.0000,8746.0000,6.0000,91.5000,False,right,False
254,1791559498.717612,1814.0000,8838.0000,6.0000,92.0000,False,right,False
255,1791559498.734278,1820.0000,8930.5000,6.0000,92.5000,False,right,False
256,1791559498.750945,1826.0000,9023.5000,6.0000,93.0000,False,right,False
257,1791559498.767612,1832.0000,9117.0000,6.0000,93.5000,False,right,False
258,1791559498.784278,1838.0000,9211.0000,6.0000,94.0000,False,right,False
259,1791559498.800945,1844.0000,9305.5000,6.0000,94.5000,False,right,False
260,1791559498.817611,1850.0000,9400.5000,6.0000,95.0000,False,right,False
261,1791559498.834278,1856.0000,9496.0000,6.0000,95.5000,False,right,False
262,1791559498.850945,1862.0000,9592.0000,6.0000,96.0000,False,right,False
263,1791559498.867612,1868.0000,9688.5000,6.0000,96.5000,False,right,False
264,1791559498.884278,1874.0000,9785.5000,6.0000,97.0000,False,right,False
265,1791559498.900945,1880.0000,9883.0000,6.0000,97.5000,False,right,False
266,1791559498.917612,1886.0000,9981.0000,6.0000,98.0000,False,right,False
267,1791559498.934278,1892.0000,10079.5000,6.0000,98.5000,False,right,False
268,1791559498.950945,1898.0000,10178.5000,6.0000,99.0000,False,right,False
269,1791559498.967612,1904.0000,10278.0000,6.0000,99.5000,False,right,False
270,1791559498.984278,1910.0000,10378.0000,6.0000,100.0000,False,right,False
271,1791559499.000945,1916.0000,10478.5000,6.0000,100.5000,False,right,False
272,1791559499.017612,1922.0000,10579.5000,6.0000,101.0000,False,right,False
273,1791559499.034278,1928.0000,10681.0000,6.0000,101.5000,False,right,False
274,1791559499.050945,1934.0000,10783.0000,6.0000,102.0000,False,right,False
275,1791559499.067611,1940.0000,10885.5000,6.0000,102.5000,False,right,False
276,1791559499.084278,1946.0000,10988.5000,6.0000,103.0000,False,right,False
277,1791559499.100945,1952.0000,11092.0000,6.0000,103.5000,False,right,False
278,1791559499.117612,1958.0000,11196.0000,6.0000,104.0000,False,right,False
279,1791559499.134278,1964.0000,11300.5000,6.0000,104.5000,False,right,False
280,1791559499.150945,1970.0000,11405.5000,6.0000,105.0000,False,right,False
281,1791559499.167612,1976.0000,11511.0000,6.0000,105.5000,False,right,False
282,1791559499.184278,1982.0000,11617.0000,6.0000,106.0000,False,right,False
283,1791559499.200945,1988.0000,11723.5000,6.0000,106.5000,False,right,False
284,1791559499.217612,1994.0000,11830.5000,6.0000,107.0000,False,right,False
285,1791559499.234278,2000.0000,11938.0000,6.0000,107.5000,False,right,False
286,1791559499.250945,2006.0000,12046.0000,6.0000,108.0000,False,right,False
287,1791559499.267612,2012.0000,12154.5000,6.0000,108.5000,False,right,False
288,1791559499.284278,2018.0000,12263.5000,6.0000,109.0000,False,right,False
289,1791559499.300945,2024.0000,12373.0000,6.0000,109.5000,False,right,False
290,1791559499.317611,2030.0000,12483.0000,6.0000,110.0000,False,right,False
291,1791559499.334278,2036.0000,12593.5000,6.0000,110.5000,False,right,False
292,1791559499.350945,2042.0000,12704.5000,6.0000,111.0000,False,right,False
293,1791559499.367612,2048.0000,12816.0000,6.0000,111.5000,False,right,False
294,1791559499.384278,2054.0000,12928.0000,6.0000,112.0000,False,right,False
295,1791559499.400945,2060.0000,13040.5000,6.0000,112.5000,False,right,False
296,1791559499.417612,2066.0000,13153.5000,6.0000,113.0000,False,right,False
297,1791559499.434278,2072.0000,13267.0000,6.0000,113.5000,False,right,False
298,1791559499.450945,2078.0000,13381.0000,6.0000,114.0000,False,right,False
299,1791559499.467612,2084.0000,13495.5000,6.0000,114.5000,False,right,False
300,1791559499.484278,2090.0000,13610.5000,6.0000,115.0000,False,right,False
301,1791559499.500945,2096.0000,13726.0000,6.0000,115.5000,False,right,False
302,1791559499.517612,2102.0000,13842.0000,6.0000,116.0000,False,right,False
303,1791559499.534278,2108.0000,13958.5000,6.0000,116.5000,False,right,False
304,1791559499.550945,2114.0000,14075.5000,6.0000,117.0000,False,right,False
305,1791559499.567611,2120.0000,14193.0000,6.0000,117.5000,False,right,False
306,1791559499.584278,2126.0000,14311.0000,6.0000,118.0000,False,right,False
307,1791559499.600945,2132.0000,14429.5000,6.0000,118.5000,False,right,False
308,1791559499.617612,2138.0000,14548.5000,6.0000,119.0000,False,right,False
309,1791559499.634278,2144.0000,14668.0000,6.0000,119.5000,False,right,False
310,1791559499.650945,2150.0000,14788.0000,6.0000,120.0000,False,right,False
311,1791559499.667612,2156.0000,14908.5000,6.0000,120.5000,False,right,False
312,1791559499.684278,2162.0000,15029.5000,6.0000,121.0000,False,right,False
313,1791559499.700945,2168.0000,15151.0000,6.0000,121.5000,False,right,False
314,1791559499.717612,2174.0000,15273.0000,6.0000,122.0000,False,right,False
315,1791559499.734278,2180.0000,15395.5000,6.0000,122.5000,False,right,False
316,1791559499.750945,2186.0000,15518.5000,6.0000,123.0000,False,right,False
317,1791559499.767612,2192.0000,15642.0000,6.0000,123.5000,False,right,False
318,1791559499.784278,2198.0000,15766.0000,6.0000,124.0000,False,right,False
319,1791559499.800945,2204.0000,15890.5000,6.0000,124.5000,False,right,False
320,1791559499.817611,2210.0000,16015.5000,6.0000,125.0000,False,right,False
321,1791559499.834278,2216.0000,16141.0000,6.0000,125.5000,False,right,False
322,1791559499.850945,2222.0000,16267.0000,6.0000,126.0000,False,right,False
323,1791559499.867612,2228.0000,16393.5000,6.0000,126.5000,False,right,False
324,1791559499.884278,2234.0000,16520.5000,6.0000,127.0000,False,right,False
325,1791559499.900945,2240.0000,16648.0000,6.0000,127.5000,False,right,False
326,1791559499.917612,2246.0000,16776.0000,6.0000,128.0000,False,right,False
327,1791559499.934278,2252.0000,16904.5000,6.0000,128.5000,False,right,False
328,1791559499.950945,2258.0000,17033.5000,6.0000,129.0000,False,right,False
329,1791559499.967612,2264.0000,17163.0000,6.0000,129.5000,False,right,False
330,1791559499.984278,2270.0000,17293.0000,6.0000,130.0000,False,right,False
331,1791559500.000945,2276.0000,17423.5000,6.0000,130.5000,False,right,False
332,1791559500.017612,2282.0000,17554.5000,6.0000,131.0000,False,right,False
333,1791559500.034278,2288.0000,17686.0000,6.0000,131.5000,False,right,False
334,1791559500.050945,2294.0000,17818.0000,6.0000,132.0000,False,right,False
335,1791559500.067611,2300.0000,17950.5000,6.0000,132.5000,False,right,False
336,1791559500.084278,2306.0000,18083.5000,6.0000,133.0000,False,right,False
337,1791559500.100945,2312.0000,18217.0000,6.0000,133.5000,False,right,False
338,1791559500.117612,2318.0000,18351.0000,6.0000,134.0000,False,right,False
339,1791559500.134278,2324.0000,18485.5000,6.0000,134.5000,False,right,False
340,1791559500.150945,2330.0000,18620.5000,6.0000,135.0000,False,right,False
341,1791559500.167612,2336.0000,18756.0000,6.0000,135.5000,False,right,False
342,1791559500.184278,2342.0000,18892.0000,6.0000,136.0000,False,right,False
343,1791559500.200945,2348.0000,19028.5000,6.0000,136.5000,False,right,False
344,1791559500.217612,2354.0000,19165.5000,6.0000,137.0000,False,right,False
345,1791559500.234278,2360.0000,19303.0000,6.0000,137.5000,False,right,False
346,1791559500.250945,2366.0000,19441.0000,6.0000,138.0000,False,right,False
347,1791559500.267612,2372.0000,19579.5000,6.0000,138.5000,False,right,False
348,1791559500.284278,2378.0000,19718.5000,6.0000,139.0000,False,right,False
349,1791559500.300945,2384.0000,19858.0000,6.0000,139.5000,False,right,False
350,1791559500.317611,2390.0000,19998.0000,6.0000,140.0000,False,right,False
351,1791559500.334278,2396.0000,20138.5000,6.0000,140.5000,False,right,False
352,1791559500.350945,2402.0000,20279.5000,6.0000,141.0000,False,right,False
353,1791559500.367612,2408.0000,20421.0000,6.0000,141.5000,False,right,False
354,1791559500.384278,2414.0000,20563.0000,6.0000,142.0000,False,right,False
355,1791559500.400945,2420.0000,20705.5000,6.0000,142.5000,False,right,False
356,1791559500.417612,2426.0000,20848.5000,6.0000,143.0000,False,right,False
357,1791559500.434278,2432.0000,20992.0000,6.0000,143.5000,False,right,False
358,1791559500.450945,2438.0000,21136.0000,6.0000,144.0000,False,right,False
359,1791559500.467612,2444.0000,21280.5000,6.0000,144.5000,False,right,False
360,1791559500.484278,2450.0000,21425.5000,6.0000,145.0000,False,right,False
361,1791559500.500945,2456.0000,21571.0000,6.0000,145.5000,False,right,False
362,1791559500.517612,2462.0000,21717.0000,6.0000,146.0000,False,right,False
363,1791559500.534278,2468.0000,21863.5000,6.0000,146.5000,False,right,False
364,1791559500.550945,2474.0000,22010.5000,6.0000,147.0000,False,right,False
365,1791559500.567611,2480.0000,22158.0000,6.0000,147.5000,False,right,False
366,1791559500.584278,2486.0000,22306.0000,6.0000,148.0000,False,right,False
367,1791559500.600945,2492.0000,22454.5000,6.0000,148.5000,False,right,False
368,1791559500.617612,2498.0000,22603.5000,6.0000,149.0000,False,right,False
369,1791559500.634278,2504.0000,22753.0000,6.0000,149.5000,False,right,False
370,1791559500.650945,2510.0000,22903.0000,6.0000,150.0000,False,right,False
371,1791559500.667612,2516.0000,23053.5000,6.0000,150.5000,False,right,False
372,1791559500.684278,2522.0000,23204.5000,6.0000,151.0000,False,right,False
373,1791559500.700945,2528.0000,23356.0000,6.0000,151.5000,False,right,False
374,1791559500.717612,2534.0000,23508.0000,6.0000,152.0000,False,right,False
375,1791559500.734278,2540.0000,23660.5000,6.0000,152.5000,False,right,False
376,1791559500.750945,2546.0000,23813.5000,6.0000,153.0000,False,right,False
377,1791559500.767612,2552.0000,23967.0000,6.0000,153.5000,False,right,False
378,1791559500.784278,2558.0000,24121.0000,6.0000,154.0000,False,right,False
379,1791559500.800945,2564.0000,24275.5000,6.0000,154.5000,False,right,False
380,1791559500.817611,2570.0000,24430.5000,6.0000,155.0000,False,right,False
381,1791559500.834278,2576.0000,24586.0000,6.0000,155.5000,False,right,False
382,1791559500.850945,2582.0000,24742.0000,6.0000,156.0000,False,right,False
383,1791559500.867612,2588.0000,24898.5000,6.0000,156.5000,False,right,False
384,1791559500.884278,2594.0000,25055.5000,6.0000,157.0000,False,right,False
385,1791559500.900945,2600.0000,25213.0000,6.0000,157.5000,False,right,False
386,1791559500.917612,2606.0000,25371.0000,6.0000,158.0000,False,right,False
387,1791559500.934278,640.8000,404.5000,0.8000,0.5000,False,right,False
388,1791559500.950945,640.8000,405.5000,0.0000,1.0000,False,left,False
389,1791559500.967612,640.0000,407.0000,-0.8000,1.5000,False,left,False
390,1791559500.984278,638.4000,408.0000,-1.6000,0.0000,True,left,True
391,1791559501.000945,636.0000,408.0000,-2.4000,0.0000,True,left,True
392,1791559501.017612,632.8000,408.0000,-3.2000,0.0000,True,left,True
393,1791559501.034278,628.8000,408.0000,-4.0000,0.0000,True,left,True
394,1791559501.050945,624.0000,408.0000,-4.8000,0.0000,True,left,True
395,1791559501.067611,618.4000,408.0000,-5.6000,0.0000,True,left,True
396,1791559501.084278,612.4000,408.0000,-6.0000,0.0000,True,left,True
397,1791559501.100945,606.4000,398.2500,-6.0000,-9.7500,False,left+jump,False
398,1791559501.117612,600.4000,389.0000,-6.0000,-9.2500,False,left,False
399,1791559501.134278,594.4000,380.2500,-6.0000,-8.7500,False,left,False
400,1791559501.150945,588.4000,376.0000,-6.0000,0.0000,False,left,True
401,1791559501.167612,582.4000,376.5000,-6.0000,0.5000,False,left,True
402,1791559501.184278,576.4000,377.5000,-6.0000,1.0000,False,left,False
403,1791559501.200945,570.4000,379.0000,-6.0000,1.5000,False,left,False
404,1791559501.217612,564.4000,381.0000,-6.0000,2.0000,False,left,False
405,1791559501.234278,558.4000,383.5000,-6.0000,2.5000,False,left,False
406,1791559501.250945,552.4000,386.5000,-6.0000,3.0000,False,left,False
407,1791559501.267612,546.4000,390.0000,-6.0000,3.5000,False,left,False
408,1791559501.284278,540.4000,394.0000,-6.0000,4.0000,False,left,False
409,1791559501.300945,534.4000,398.5000,-6.0000,4.5000,False,left,False
410,1791559501.317611,528.4000,403.5000,-6.0000,5.0000,False,left,False
411,1791559501.334278,522.4000,408.0000,-6.0000,0.0000,True,left,True
412,1791559501.350945,516.4000,408.0000,-6.0000,0.0000,True,left,True
413,1791559501.367612,510.4000,408.0000,-6.0000,0.0000,True,left,True
414,1791559501.384278,504.4000,408.0000,-6.0000,0.0000,True,left,True
415,1791559501.400945,498.4000,408.0000,-6.0000,0.0000,True,left,True
416,1791559501.417612,492.4000,408.0000,-6.0000,0.0000,True,left,True
417,1791559501.434278,486.4000,408.0000,-6.0000,0.0000,True,left,True
418,1791559501.450945,480.4000,408.0000,-6.0000,0.0000,True,left,True
419,1791559501.467612,475.3000,408.0000,-5.1000,0.0000,True,none,True
420,1791559501.484278,470.9650,408.0000,-4.3350,0.0000,True,none,True
421,1791559501.500945,467.2802,408.0000,-3.6847,0.0000,True,none,True
422,1791559501.517612,464.1482,408.0000,-3.1320,0.0000,True,none,True
423,1791559501.534278,461.4860,408.0000,-2.6622,0.0000,True,none,True
424,1791559501.550945,459.2231,408.0000,-2.2629,0.0000,True,none,True
425,1791559501.567611,457.2996,408.0000,-1.9235,0.0000,True,none,True
426,1791559501.584278,455.6647,408.0000,-1.6349,0.0000,True,none,True
427,1791559501.600945,454.2750,408.0000,-1.3897,0.0000,True,none,True
428,1791559501.617612,453.0937,408.0000,-1.1812,0.0000,True,none,True
429,1791559501.634278,452.0897,408.0000,-1.0041,0.0000,True,none,True
430,1791559501.650945,451.2362,408.0000,-0.8535,0.0000,True,none,True
431,1791559501.667612,450.5108,408.0000,-0.7254,0.0000,True,none,True
432,1791559501.684278,449.8942,408.0000,-0.6166,0.0000,True,none,True
433,1791559501.700945,449.3700,408.0000,-0.5241,0.0000,True,none,True
434,1791559501.717612,448.9245,408.0000,-0.4455,0.0000,True,none,True
435,1791559501.734278,448.5459,408.0000,-0.3787,0.0000,True,none,True
436,1791559501.750945,448.2240,408.0000,-0.3219,0.0000,True,none,True
437,1791559501.767612,447.1021,408.5000,-1.1219,0.5000,False,left,True
438,1791559501.784278,445.1802,409.5000,-1.9219,1.0000,False,left,False
439,1791559501.800945,442.4583,411.0000,-2.7219,1.5000,False,left,False
440,1791559501.817611,440.0000,413.0000,0.0000,2.0000,False,left,True
441,1791559501.834278,440.0000,415.5000,0.0000,2.5000,False,left+jump,True
442,1791559501.850945,440.0000,418.5000,0.0000,3.0000,False,left+jump,True
443,1791559501.867612,440.0000,422.0000,0.0000,3.5000,False,left+jump,True
444,1791559501.884278,440.0000,426.0000,0.0000,4.0000,False,left+jump,True
445,1791559501.900945,440.0000,430.5000,0.0000,4.5000,False,left+jump,True
446,1791559501.917612,440.0000,435.5000,0.0000,5.0000,False,left+jump,True
447,1791559501.934278,440.0000,441.0000,0.0000,5.5000,False,jump,True
448,1791559501.950945,440.0000,447.0000,0.0000,6.0000,False,jump,True
449,1791559501.967612,440.0000,453.5000,0.0000,6.5000,False,jump,True
450,1791559501.984278,440.0000,460.5000,0.0000,7.0000,False,jump,True
451,1791559502.000945,440.0000,468.0000,0.0000,7.5000,False,jump,True
452,1791559502.017612,440.0000,476.0000,0.0000,8.0000,False,left+jump,True
453,1791559502.034278,440.0000,484.5000,0.0000,8.5000,False,left+jump,True
454,1791559502.050945,440.0000,493.5000,0.0000,9.0000,False,left+jump,True
455,1791559502.067611,440.0000,503.0000,0.0000,9.5000,False,left+jump,True
456,1791559502.084278,440.0000,513.0000,0.0000,10.0000,False,left+jump,True
457,1791559502.100945,440.0000,523.5000,0.0000,10.5000,False,left+jump,True
458,1791559502.117612,440.8000,534.5000,0.8000,11.0000,False,right,True
459,1791559502.134278,442.4000,546.0000,1.6000,11.5000,False,right,False
460,1791559502.150945,443.2000,558.0000,0.8000,12.0000,False,left+jump,True
461,1791559502.167612,443.2000,558.0000,0.0000,0.0000,True,left+jump,True
462,1791559502.184278,442.4000,558.0000,-0.8000,0.0000,True,left,True
463,1791559502.200945,440.8000,558.0000,-1.6000,0.0000,True,left,True
464,1791559502.217612,440.0000,558.0000,0.0000,0.0000,True,left,True
465,1791559502.234278,440.0000,558.0000,0.0000,0.0000,True,left,True
466,1791559502.250945,440.0000,558.0000,0.0000,0.0000,True,left,True
467,1791559502.267612,440.0000,548.2500,0.0000,-9.7500,False,left+jump,True
468,1791559502.284278,440.0000,539.0000,0.0000,-9.2500,False,left+jump,True
469,1791559502.300945,440.0000,530.2500,0.0000,-8.7500,False,left+jump,True
470,1791559502.317611,440.0000,522.0000,0.0000,-8.2500,False,left+jump,True
471,1791559502.334278,440.0000,514.2500,0.0000,-7.7500,False,left+jump,True
472,1791559502.350945,440.0000,507.0000,0.0000,-7.2500,False,left+jump,True
473,1791559502.367612,440.0000,500.2500,0.0000,-6.7500,False,left,True
474,1791559502.384278,440.0000,494.0000,0.0000,-6.2500,False,left,True
475,1791559502.400945,440.0000,488.2500,0.0000,-5.7500,False,left,True
476,1791559502.417612,440.0000,483.0000,0.0000,-5.2500,False,left,True
477,1791559502.434278,440.0000,478.2500,0.0000,-4.7500,False,left+jump,True
478,1791559502.450945,440.0000,474.0000,0.0000,-4.2500,False,left+jump,True
479,1791559502.467612,440.0000,470.2500,0.0000,-3.7500,False,left+jump,True
480,1791559502.484278,440.0000,467.0000,0.0000,-3.2500,False,left+jump,True
481,1791559502.500945,440.0000,464.2500,0.0000,-2.7500,False,left+jump,True
482,1791559502.517612,440.0000,462.0000,0.0000,-2.2500,False,left+jump,True
483,1791559502.534278,440.0000,460.2500,0.0000,-1.7500,False,left+jump,True
484,1791559502.550945,440.0000,459.0000,0.0000,-1.2500,False,left+jump,True
485,1791559502.567611,440.0000,458.2500,0.0000,-0.7500,False,left+jump,True
486,1791559502.584278,440.0000,458.0000,0.0000,-0.2500,False,jump,True
487,1791559502.600945,440.0000,458.2500,0.0000,0.2500,False,jump,True
488,1791559502.617612,440.0000,459.0000,0.0000,0.7500,False,left+jump,True
489,1791559502.634278,440.0000,460.2500,0.0000,1.2500,False,left+jump,True
490,1791559502.650945,440.0000,462.0000,0.0000,1.7500,False,left+jump,True
491,1791559502.667612,440.0000,464.2500,0.0000,2.2500,False,left+jump,True
492,1791559502.684278,440.0000,467.0000,0.0000,2.7500,False,left+jump,True
493,1791559502.700945,440.0000,470.2500,0.0000,3.2500,False,left+jump,True
494,1791559502.717612,440.0000,474.0000,0.0000,3.7500,False,left+jump,True
495,1791559502.734278,440.0000,478.2500,0.0000,4.2500,False,jump,True
496,1791559502.750945,440.0000,483.0000,0.0000,4.7500,False,jump,True
497,1791559502.767612,440.0000,488.2500,0.0000,5.2500,False,jump,True
498,1791559502.784278,440.0000,494.0000,0.0000,5.7500,False,jump,True
499,1791559502.800945,440.0000,500.2500,0.0000,6.2500,False,jump,True
500,1791559502.817611,440.0000,507.0000,0.0000,6.7500,False,jump,True
501,1791559502.834278,440.0000,514.2500,0.0000,7.2500,False,left+jump,True
502,1791559502.850945,440.0000,522.0000,0.0000,7.7500,False,left+jump,True
503,1791559502.867612,440.0000,530.2500,0.0000,8.2500,False,left+jump,True
504,1791559502.884278,440.8000,539.0000,0.8000,8.7500,False,right+jump,True
505,1791559502.900945,442.4000,548.2500,1.6000,9.2500,False,right+jump,False
506,1791559502.917612,444.8000,558.0000,2.4000,9.7500,False,right+jump,True
507,1791559502.934278,446.4000,558.0000,1.6000,0.0000,True,left+jump,True
508,1791559502.950945,447.2000,548.2500,0.8000,-9.7500,False,left+jump,True
509,1791559502.967612,447.2000,539.0000,0.0000,-9.2500,False,left+jump,True
510,1791559502.984278,446.4000,530.2500,-0.8000,-8.7500,False,left+jump,False
511,1791559503.000945,444.8000,522.0000,-1.6000,-8.2500,False,left+jump,False
512,1791559503.017612,442.4000,514.2500,-2.4000,-7.7500,False,left+jump,False
513,1791559503.034278,440.0000,507.0000,0.0000,-7.2500,False,left+jump,True
514,1791559503.050945,440.0000,500.2500,0.0000,-6.7500,False,left+jump,True
515,1791559503.067611,440.0000,494.0000,0.0000,-6.2500,False,left+jump,True
516,1791559503.084278,440.0000,488.2500,0.0000,-5.7500,False,left+jump,True
517,1791559503.100945,440.8000,483.0000,0.8000,-5.2500,False,right+jump,True
518,1791559503.117612,442.4000,478.2500,1.6000,-4.7500,False,right+jump,False
519,1791559503.134278,443.2000,474.0000,0.8000,-4.2500,False,left+jump,False
520,1791559503.150945,443.2000,470.2500,0.0000,-3.7500,False,left+jump,False
521,1791559503.167612,444.0000,467.0000,0.8000,-3.2500,False,right,False
522,1791559503.184278,445.6000,464.2500,1.6000,-2.7500,False,right,False
523,1791559503.200945,448.0000,462.0000,0.0000,-2.2500,False,right,True
524,1791559503.217612,448.0000,460.2500,0.0000,-1.7500,False,right+jump,True
525,1791559503.234278,448.0000,459.0000,0.0000,-1.2500,False,right+jump,True
526,1791559503.250945,448.0000,458.2500,0.0000,-0.7500,False,right+jump,True
527,1791559503.267612,448.0000,458.0000,0.0000,-0.2500,False,right+jump,True
528,1791559503.284278,448.0000,458.2500,0.0000,0.2500,False,right+jump,True
529,1791559503.300945,447.2000,459.0000,-0.8000,0.7500,False,left+jump,True
530,1791559503.317611,445.6000,460.2500,-1.6000,1.2500,False,left+jump,False
531,1791559503.334278,443.2000,462.0000,-2.4000,1.7500,False,left+jump,False
532,1791559503.350945,440.0000,464.2500,-3.2000,2.2500,False,left+jump,True
533,1791559503.367612,440.0000,467.0000,0.0000,2.7500,False,left+jump,True
534,1791559503.384278,440.0000,470.2500,0.0000,3.2500,False,left+jump,True
535,1791559503.400945,440.8000,474.0000,0.8000,3.7500,False,right,True
536,1791559503.417612,442.4000,478.2500,1.6000,4.2500,False,right,False
537,1791559503.434278,444.8000,483.0000,2.4000,4.7500,False,right+jump,False
538,1791559503.450945,448.0000,488.2500,3.2000,5.2500,False,right+jump,True
539,1791559503.467612,448.0000,494.0000,0.0000,5.7500,False,right+jump,True
540,1791559503.484278,448.0000,500.2500,0.0000,6.2500,False,right+jump,True
541,1791559503.500945,448.0000,507.0000,0.0000,6.7500,False,right+jump,True
542,1791559503.517612,448.0000,514.2500,0.0000,7.2500,False,right+jump,True
543,1791559503.534278,448.0000,522.0000,0.0000,7.7500,False,right+jump,True
544,1791559503.550945,448.0000,530.2500,0.0000,8.2500,False,right+jump,True
545,1791559503.567611,448.0000,539.0000,0.0000,8.7500,False,right+jump,True
546,1791559503.584278,448.0000,548.2500,0.0000,9.2500,False,right+jump,True
547,1791559503.600945,448.0000,558.0000,0.0000,9.7500,False,right+jump,True
548,1791559503.617612,448.0000,558.0000,0.0000,0.0000,True,right+jump,True
549,1791559503.634278,448.0000,548.2500,0.0000,-9.7500,False,right+jump,True
550,1791559503.650945,448.0000,539.0000,0.0000,-9.2500,False,right+jump,True
551,1791559503.667612,448.0000,530.2500,0.0000,-8.7500,False,right+jump,True
552,1791559503.684278,448.0000,522.0000,0.0000,-8.2500,False,right+jump,True
553,1791559503.700945,448.0000,514.2500,0.0000,-7.7500,False,right+jump,True
554,1791559503.717612,448.0000,507.0000,0.0000,-7.2500,False,right+jump,True
555,1791559503.734278,448.0000,500.2500,0.0000,-6.7500,False,right+jump,True
556,1791559503.750945,448.0000,494.0000,0.0000,-6.2500,False,right+jump,True
557,1791559503.767612,448.0000,488.2500,0.0000,-5.7500,False,right+jump,True
558,1791559503.784278,448.0000,483.0000,0.0000,-5.2500,False,right+jump,True
559,1791559503.800945,448.0000,478.2500,0.0000,-4.7500,False,right+jump,True
560,1791559503.817611,448.0000,474.0000,0.0000,-4.2500,False,right+jump,True
561,1791559503.834278,448.0000,470.2500,0.0000,-3.7500,False,right+jump,True
562,1791559503.850945,448.0000,467.0000,0.0000,-3.2500,False,right,True
563,1791559503.867612,448.0000,464.2500,0.0000,-2.7500,False,right,True
564,1791559503.884278,448.0000,462.0000,0.0000,-2.2500,False,right,True
565,1791559503.900945,448.0000,460.2500,0.0000,-1.7500,False,right,True
566,1791559503.917612,448.0000,459.0000,0.0000,-1.2500,False,right,True
567,1791559503.934278,448.0000,458.2500,0.0000,-0.7500,False,right,True
568,1791559503.950945,448.0000,458.0000,0.0000,-0.2500,False,right,True
569,1791559503.967612,448.0000,458.2500,0.0000,0.2500,False,right,True
570,1791559503.984278,448.0000,459.0000,0.0000,0.7500,False,right,True
571,1791559504.000945,448.0000,460.2500,0.0000,1.2500,False,right,True
572,1791559504.017612,448.0000,462.0000,0.0000,1.7500,False,right,True
573,1791559504.034278,448.0000,464.2500,0.0000,2.2500,False,right,True
574,1791559504.050945,448.0000,467.0000,0.0000,2.7500,False,right,True
575,1791559504.067611,448.0000,470.2500,0.0000,3.2500,False,right,True
576,1791559504.084278,448.0000,474.0000,0.0000,3.7500,False,right,True
577,1791559504.100945,448.0000,478.2500,0.0000,4.2500,False,right+jump,True
578,1791559504.117612,448.0000,483.0000,0.0000,4.7500,False,right+jump,True
579,1791559504.134278,448.0000,488.2500,0.0000,5.2500,False,right+jump,True
580,1791559504.150945,448.0000,494.0000,0.0000,5.7500,False,right+jump,True
581,1791559504.167612,448.0000,500.2500,0.0000,6.2500,False,right+jump,True
582,1791559504.184278,448.0000,507.0000,0.0000,6.7500,False,right+jump,True
583,1791559504.200945,448.0000,514.2500,0.0000,7.2500,False,right+jump,True
584,1791559504.217612,448.0000,522.0000,0.0000,7.7500,False,right+jump,True
585,1791559504.234278,448.0000,530.2500,0.0000,8.2500,False,right+jump,True
586,1791559504.250945,448.0000,539.0000,0.0000,8.7500,False,right+jump,True
587,1791559504.267612,448.0000,548.2500,0.0000,9.2500,False,right+jump,True
588,1791559504.284278,447.2000,558.0000,-0.8000,9.7500,False,left,True
589,1791559504.300945,445.6000,558.0000,-1.6000,0.0000,True,left,True
590,1791559504.317611,443.2000,558.0000,-2.4000,0.0000,True,left,True
591,1791559504.334278,441.1600,548.2500,-2.0400,-9.7500,False,jump,False
592,1791559504.350945,440.0000,539.0000,0.0000,-9.2500,False,jump,True
593,1791559504.367612,440.0000,530.2500,0.0000,-8.7500,False,jump,True
594,1791559504.384278,440.0000,522.0000,0.0000,-8.2500,False,jump,True
595,1791559504.400945,440.0000,514.2500,0.0000,-7.7500,False,jump,True
596,1791559504.417612,440.0000,507.0000,0.0000,-7.2500,False,jump,True
597,1791559504.434278,440.0000,500.2500,0.0000,-6.7500,False,jump,True
598,1791559504.450945,440.0000,494.0000,0.0000,-6.2500,False,jump,True
599,1791559504.467612,440.0000,488.2500,0.0000,-5.7500,False,jump,True
600,1791559504.484278,440.8000,483.0000,0.8000,-5.2500,False,right+jump,True
601,1791559504.500945,442.4000,478.2500,1.6000,-4.7500,False,right+jump,False
602,1791559504.517612,444.8000,474.0000,2.4000,-4.2500,False,right+jump,False
603,1791559504.534278,448.0000,470.2500,3.2000,-3.7500,False,right+jump,True
604,1791559504.550945,448.0000,467.0000,0.0000,-3.2500,False,right+jump,True
605,1791559504.567611,447.2000,464.2500,-0.8000,-2.7500,False,left,True
606,1791559504.584278,445.6000,462.0000,-1.6000,-2.2500,False,left,False
607,1791559504.600945,443.2000,460.2500,-2.4000,-1.7500,False,left,False
608,1791559504.617612,440.0000,459.0000,-3.2000,-1.2500,False,left,True
609,1791559504.634278,440.0000,458.2500,0.0000,-0.7500,False,left,True
610,1791559504.650945,440.0000,458.0000,0.0000,-0.2500,False,left,True
611,1791559504.667612,440.8000,458.2500,0.8000,0.2500,False,right+jump,True
612,1791559504.684278,442.4000,459.0000,1.6000,0.7500,False,right+jump,False
613,1791559504.700945,444.8000,460.2500,2.4000,1.2500,False,right+jump,False
614,1791559504.717612,448.0000,462.0000,3.2000,1.7500,False,right+jump,True
615,1791559504.734278,448.0000,464.2500,0.0000,2.2500,False,right,True
616,1791559504.750945,448.0000,467.0000,0.0000,2.7500,False,right,True
617,1791559504.767612,448.0000,470.2500,0.0000,3.2500,False,right,True
618,1791559504.784278,448.0000,474.0000,0.0000,3.7500,False,right,True
619,1791559504.800945,448.0000,478.2500,0.0000,4.2500,False,right+jump,True
620,1791559504.817611,448.0000,483.0000,0.0000,4.7500,False,right+jump,True
621,1791559504.834278,448.0000,488.2500,0.0000,5.2500,False,right+jump,True
622,1791559504.850945,448.0000,494.0000,0.0000,5.7500,False,right+jump,True
623,1791559504.867612,448.0000,500.2500,0.0000,6.2500,False,right+jump,True
624,1791559504.884278,448.0000,507.0000,0.0000,6.7500,False,right+jump,True
625,1791559504.900945,448.0000,514.2500,0.0000,7.2500,False,right+jump,True
626,1791559504.917612,448.0000,522.0000,0.0000,7.7500,False,right+jump,True
627,1791559504.934278,448.0000,530.2500,0.0000,8.2500,False,right+jump,True
628,1791559504.950945,448.0000,539.0000,0.0000,8.7500,False,right+jump,True
629,1791559504.967612,448.0000,548.2500,0.0000,9.2500,False,right+jump,True
630,1791559504.984278,448.0000,558.0000,0.0000,9.7500,False,right,True
631,1791559505.000945,448.0000,558.0000,0.0000,0.0000,True,right,True
632,1791559505.017612,448.0000,558.0000,0.0000,0.0000,True,right,True
633,1791559505.034278,448.0000,558.0000,0.0000,0.0000,True,right,True
634,1791559505.050945,448.0000,558.0000,0.0000,0.0000,True,right,True
635,1791559505.067611,448.0000,558.0000,0.0000,0.0000,True,right,True
636,1791559505.084278,448.0000,548.2500,0.0000,-9.7500,False,right+jump,True
637,1791559505.100945,448.0000,539.0000,0.0000,-9.2500,False,right+jump,True
638,1791559505.117612,448.0000,530.2500,0.0000,-8.7500,False,right+jump,True
639,1791559505.134278,448.0000,522.0000,0.0000,-8.2500,False,right+jump,True
640,1791559505.150945,448.0000,514.2500,0.0000,-7.7500,False,right+jump,True
641,1791559505.167612,448.0000,507.0000,0.0000,-7.2500,False,right+jump,True
642,1791559505.184278,448.0000,500.2500,0.0000,-6.7500,False,right+jump,True
643,1791559505.200945,448.0000,494.0000,0.0000,-6.2500,False,right,True
644,1791559505.217612,448.0000,488.2500,0.0000,-5.7500,False,right,True
645,1791559505.234278,448.0000,483.0000,0.0000,-5.2500,False,right,True
646,1791559505.250945,448.0000,478.2500,0.0000,-4.7500,False,right,True
647,1791559505.267612,448.0000,474.0000,0.0000,-4.2500,False,right,True
648,1791559505.284278,448.0000,470.2500,0.0000,-3.7500,False,right,True
649,1791559505.300945,448.0000,467.0000,0.0000,-3.2500,False,right,True
650,1791559505.317611,448.0000,464.2500,0.0000,-2.7500,False,right,True
651,1791559505.334278,448.0000,462.0000,0.0000,-2.2500,False,right,True
652,1791559505.350945,448.0000,460.2500,0.0000,-1.7500,False,right,True
653,1791559505.367612,448.0000,459.0000,0.0000,-1.2500,False,right+jump,True
654,1791559505.384278,448.0000,458.2500,0.0000,-0.7500,False,right+jump,True
655,1791559505.400945,448.0000,458.0000,0.0000,-0.2500,False,right+jump,True
656,1791559505.417612,448.0000,458.2500,0.0000,0.2500,False,jump,True
657,1791559505.434278,448.0000,459.0000,0.0000,0.7500,False,jump,True
658,1791559505.450945,448.0000,460.2500,0.0000,1.2500,False,right+jump,True
659,1791559505.467612,448.0000,462.0000,0.0000,1.7500,False,right+jump,True
660,1791559505.484278,448.0000,464.2500,0.0000,2.2500,False,right+jump,True
661,1791559505.500945,448.0000,467.0000,0.0000,2.7500,False,right+jump,True
662,1791559505.517612,448.0000,470.2500,0.0000,3.2500,False,right+jump,True
663,1791559505.534278,448.0000,474.0000,0.0000,3.7500,False,right+jump,True
664,1791559505.550945,448.0000,478.2500,0.0000,4.2500,False,right+jump,True
665,1791559505.567611,448.0000,483.0000,0.0000,4.7500,False,right+jump,True
666,1791559505.584278,448.0000,488.2500,0.0000,5.2500,False,right+jump,True
667,1791559505.600945,448.0000,494.0000,0.0000,5.7500,False,right+jump,True
668,1791559505.617612,448.0000,500.2500,0.0000,6.2500,False,right+jump,True
669,1791559505.634278,448.0000,507.0000,0.0000,6.7500,False,right,True
670,1791559505.650945,448.0000,514.2500,0.0000,7.2500,False,right,True
671,1791559505.667612,448.0000,522.0000,0.0000,7.7500,False,right,True
672,1791559505.684278,448.0000,530.2500,0.0000,8.2500,False,right+jump,True
673,1791559505.700945,448.0000,539.0000,0.0000,8.7500,False,right+jump,True
674,1791559505.717612,448.0000,548.2500,0.0000,9.2500,False,right+jump,True
675,1791559505.734278,447.2000,558.0000,-0.8000,9.7500,False,left,True
676,1791559505.750945,445.6000,558.0000,-1.6000,0.0000,True,left,True
677,1791559505.767612,443.2000,558.0000,-2.4000,0.0000,True,left,True
678,1791559505.784278,440.0000,558.0000,-3.2000,0.0000,True,left,True
679,1791559505.800945,440.0000,548.2500,0.0000,-9.7500,False,jump,True
680,1791559505.817611,440.0000,539.0000,0.0000,-9.2500,False,jump,True
681,1791559505.834278,440.0000,530.2500,0.0000,-8.7500,False,jump,True
682,1791559505.850945,440.0000,522.0000,0.0000,-8.2500,False,jump,True
683,1791559505.867612,440.0000,514.2500,0.0000,-7.7500,False,jump,True
684,1791559505.884278,440.0000,507.0000,0.0000,-7.2500,False,jump,True
685,1791559505.900945,440.8000,500.2500,0.8000,-6.7500,False,right,True
686,1791559505.917612,442.4000,494.0000,1.6000,-6.2500,False,right,False
687,1791559505.934278,444.8000,488.2500,2.4000,-5.7500,False,right,False
688,1791559505.950945,448.0000,483.0000,3.2000,-5.2500,False,right,True
689,1791559505.967612,448.0000,478.2500,0.0000,-4.7500,False,right,True
690,1791559505.984278,447.2000,474.0000,-0.8000,-4.2500,False,left,True
691,1791559506.000945,445.6000,470.2500,-1.6000,-3.7500,False,left,False
692,1791559506.017612,443.2000,467.0000,-2.4000,-3.2500,False,left,False
693,1791559506.034278,440.0000,464.2500,-3.2000,-2.7500,False,left,True
694,1791559506.050945,440.0000,462.0000,0.0000,-2.2500,False,left+jump,True
695,1791559506.067611,440.0000,460.2500,0.0000,-1.7500,False,left+jump,True
696,1791559506.084278,440.8000,459.0000,0.8000,-1.2500,False,right,True
697,1791559506.100945,442.4000,458.2500,1.6000,-0.7500,False,right,False
698,1791559506.117612,444.8000,458.0000,2.4000,-0.2500,False,right,False
699,1791559506.134278,448.0000,458.2500,3.2000,0.2500,False,right,True
700,1791559506.150945,448.0000,459.0000,0.0000,0.7500,False,right,True
701,1791559506.167612,448.0000,460.2500,0.0000,1.2500,False,right,True
702,1791559506.184278,448.0000,462.0000,0.0000,1.7500,False,right+jump,True
703,1791559506.200945,448.0000,464.2500,0.0000,2.2500,False,right+jump,True
704,1791559506.217612,448.0000,467.0000,0.0000,2.7500,False,right+jump,True
705,1791559506.234278,448.0000,470.2500,0.0000,3.2500,False,right+jump,True
706,1791559506.250945,448.0000,474.0000,0.0000,3.7500,False,right+jump,True
707,1791559506.267612,448.0000,478.2500,0.0000,4.2500,False,right+jump,True
708,1791559506.284278,448.0000,483.0000,0.0000,4.7500,False,right+jump,True
709,1791559506.300945,448.0000,488.2500,0.0000,5.2500,False,right+jump,True
710,1791559506.317611,448.0000,494.0000,0.0000,5.7500,False,right+jump,True
711,1791559506.334278,448.0000,500.2500,0.0000,6.2500,False,right+jump,True
712,1791559506.350945,447.2000,507.0000,-0.8000,6.7500,False,left,True
713,1791559506.367612,445.6000,514.2500,-1.6000,7.2500,False,left,False
714,1791559506.384278,443.2000,522.0000,-2.4000,7.7500,False,left,False
715,1791559506.400945,440.8000,530.2500,-2.4000,8.2500,False,jump,True
716,1791559506.417612,440.0000,539.0000,0.0000,8.7500,False,jump,True
717,1791559506.434278,440.0000,548.2500,0.0000,9.2500,False,jump,True
718,1791559506.450945,440.0000,558.0000,0.0000,9.7500,False,jump,True
719,1791559506.467612,440.8000,558.0000,0.8000,0.0000,True,right+jump,True
720,1791559506.484278,442.4000,548.2500,1.6000,-9.7500,False,right+jump,False
721,1791559506.500945,444.8000,539.0000,2.4000,-9.2500,False,right+jump,False
722,1791559506.517612,448.0000,530.2500,3.2000,-8.7500,False,right+jump,True
723,1791559506.534278,448.0000,522.0000,0.0000,-8.2500,False,right+jump,True
724,1791559506.550945,447.2000,514.2500,-0.8000,-7.7500,False,left,True
725,1791559506.567611,445.6000,507.0000,-1.6000,-7.2500,False,left,False
726,1791559506.584278,443.2000,500.2500,-2.4000,-6.7500,False,left,False
727,1791559506.600945,440.0000,494.0000,-3.2000,-6.2500,False,left,True
728,1791559506.617612,440.0000,488.2500,0.0000,-5.7500,False,left,True
729,1791559506.634278,440.0000,483.0000,0.0000,-5.2500,False,left+jump,True
730,1791559506.650945,440.0000,478.2500,0.0000,-4.7500,False,left+jump,True
731,1791559506.667612,440.0000,474.0000,0.0000,-4.2500,False,left,True
732,1791559506.684278,440.0000,470.2500,0.0000,-3.7500,False,left,True
733,1791559506.700945,440.0000,467.0000,0.0000,-3.2500,False,left,True
734,1791559506.717612,440.0000,464.2500,0.0000,-2.7500,False,left,True
735,1791559506.734278,440.0000,462.0000,0.0000,-2.2500,False,left,True
736,1791559506.750945,440.0000,460.2500,0.0000,-1.7500,False,left,True
737,1791559506.767612,440.8000,459.0000,0.8000,-1.2500,False,right+jump,True
738,1791559506.784278,442.4000,458.2500,1.6000,-0.7500,False,right+jump,False
739,1791559506.800945,444.8000,458.0000,2.4000,-0.2500,False,right+jump,False
740,1791559506.817611,448.0000,458.2500,3.2000,0.2500,False,right+jump,True
741,1791559506.834278,448.0000,459.0000,0.0000,0.7500,False,right+jump,True
742,1791559506.850945,448.0000,460.2500,0.0000,1.2500,False,right+jump,True
743,1791559506.867612,448.0000,462.0000,0.0000,1.7500,False,right+jump,True
744,1791559506.884278,448.0000,464.2500,0.0000,2.2500,False,right,True
745,1791559506.900945,448.0000,467.0000,0.0000,2.7500,False,right,True
746,1791559506.917612,448.0000,470.2500,0.0000,3.2500,False,right+jump,True
747,1791559506.934278,448.0000,474.0000,0.0000,3.7500,False,right+jump,True
748,1791559506.950945,447.2000,478.2500,-0.8000,4.2500,False,left+jump,True
749,1791559506.967612,445.6000,483.0000,-1.6000,4.7500,False,left+jump,False
750,1791559506.984278,443.2000,488.2500,-2.4000,5.2500,False,left+jump,False
751,1791559507.000945,440.0000,494.0000,-3.2000,5.7500,False,left+jump,True
752,1791559507.017612,440.0000,500.2500,0.0000,6.2500,False,left+jump,True
753,1791559507.034278,440.0000,507.0000,0.0000,6.7500,False,jump,True
754,1791559507.050945,440.0000,514.2500,0.0000,7.2500,False,jump,True
755,1791559507.067611,440.0000,522.0000,0.0000,7.7500,False,jump,True
756,1791559507.084278,440.0000,530.2500,0.0000,8.2500,False,jump,True
757,1791559507.100945,440.0000,539.0000,0.0000,8.7500,False,jump,True
758,1791559507.117612,440.0000,548.2500,0.0000,9.2500,False,left+jump,True
759,1791559507.134278,440.0000,558.0000,0.0000,9.7500,False,left+jump,True
760,1791559507.150945,440.0000,558.0000,0.0000,0.0000,True,left+jump,True
761,1791559507.167612,440.0000,548.2500,0.0000,-9.7500,False,left+jump,True
762,1791559507.184278,440.0000,539.0000,0.0000,-9.2500,False,left+jump,True
763,1791559507.200945,440.0000,530.2500,0.0000,-8.7500,False,left+jump,True
764,1791559507.217612,440.8000,522.0000,0.8000,-8.2500,False,right,True
765,1791559507.234278,442.4000,514.2500,1.6000,-7.7500,False,right,False
766,1791559507.250945,444.8000,507.0000,2.4000,-7.2500,False,right,False
767,1791559507.267612,448.0000,500.2500,3.2000,-6.7500,False,right,True
768,1791559507.284278,448.0000,494.0000,0.0000,-6.2500,False,right,True
769,1791559507.300945,447.2000,488.2500,-0.8000,-5.7500,False,left,True
770,1791559507.317611,445.6000,483.0000,-1.6000,-5.2500,False,left,False
771,1791559507.334278,444.8000,478.2500,-0.8000,-4.7500,False,right,False
772,1791559507.350945,444.8000,474.0000,0.0000,-4.2500,False,right,False
773,1791559507.367612,445.6000,470.2500,0.8000,-3.7500,False,right,False
774,1791559507.384278,447.2000,467.0000,1.6000,-3.2500,False,right,True
775,1791559507.400945,448.0000,464.2500,0.0000,-2.7500,False,right,True
776,1791559507.417612,448.0000,462.0000,0.0000,-2.2500,False,right,True
777,1791559507.434278,448.0000,460.2500,0.0000,-1.7500,False,right+jump,True
778,1791559507.450945,448.0000,459.0000,0.0000,-1.2500,False,right+jump,True
779,1791559507.467612,448.0000,458.2500,0.0000,-0.7500,False,right+jump,True
780,1791559507.484278,448.0000,458.0000,0.0000,-0.2500,False,right+jump,True
781,1791559507.500945,448.0000,458.2500,0.0000,0.2500,False,right+jump,True
782,1791559507.517612,448.0000,459.0000,0.0000,0.7500,False,right+jump,True
783,1791559507.534278,448.0000,460.2500,0.0000,1.2500,False,right+jump,True
784,1791559507.550945,448.0000,462.0000,0.0000,1.7500,False,right+jump,True
785,1791559507.567611,448.0000,464.2500,0.0000,2.2500,False,right+jump,True
786,1791559507.584278,448.0000,467.0000,0.0000,2.7500,False,right+jump,True
787,1791559507.600945,448.0000,470.2500,0.0000,3.2500,False,right,True
788,1791559507.617612,448.0000,474.0000,0.0000,3.7500,False,right,True
789,1791559507.634278,448.0000,478.2500,0.0000,4.2500,False,right,True
790,1791559507.650945,448.0000,483.0000,0.0000,4.7500,False,right,True
791,1791559507.667612,448.0000,488.2500,0.0000,5.2500,False,right,True
792,1791559507.684278,448.0000,494.0000,0.0000,5.7500,False,right,True
793,1791559507.700945,448.0000,500.2500,0.0000,6.2500,False,jump,True
794,1791559507.717612,448.0000,507.0000,0.0000,6.7500,False,jump,True
795,1791559507.734278,448.0000,514.2500,0.0000,7.2500,False,jump,True
796,1791559507.750945,448.0000,522.0000,0.0000,7.7500,False,jump,True
797,1791559507.767612,448.0000,530.2500,0.0000,8.2500,False,jump,True
798,1791559507.784278,447.2000,539.0000,-0.8000,8.7500,False,left,True
799,1791559507.800945,445.6000,548.2500,-1.6000,9.2500,False,left,False
800,1791559507.817611,443.2000,558.0000,-2.4000,9.7500,False,left,True
801,1791559507.834278,440.0000,558.0000,-3.2000,0.0000,True,left,True
802,1791559507.850945,440.0000,548.2500,0.0000,-9.7500,False,right+jump,True
803,1791559507.867612,440.8000,539.0000,0.8000,-9.2500,False,right+jump,True
804,1791559507.884278,442.4000,530.2500,1.6000,-8.7500,False,right+jump,False
805,1791559507.900945,444.8000,522.0000,2.4000,-8.2500,False,right+jump,False
806,1791559507.917612,448.0000,514.2500,3.2000,-7.7500,False,right+jump,True
807,1791559507.934278,448.0000,507.0000,0.0000,-7.2500,False,right+jump,True
808,1791559507.950945,448.0000,500.2500,0.0000,-6.7500,False,right+jump,True
809,1791559507.967612,448.0000,494.0000,0.0000,-6.2500,False,right+jump,True
810,1791559507.984278,448.0000,488.2500,0.0000,-5.7500,False,right+jump,True
811,1791559508.000945,448.0000,483.0000,0.0000,-5.2500,False,jump,True
812,1791559508.017612,448.0000,478.2500,0.0000,-4.7500,False,jump,True
813,1791559508.034278,448.0000,474.0000,0.0000,-4.2500,False,jump,True
814,1791559508.050945,448.0000,470.2500,0.0000,-3.7500,False,jump,True
815,1791559508.067611,448.0000,467.0000,0.0000,-3.2500,False,jump,True
816,1791559508.084278,448.0000,464.2500,0.0000,-2.7500,False,jump,True
817,1791559508.100945,448.0000,462.0000,0.0000,-2.2500,False,jump,True
818,1791559508.117612,448.0000,460.2500,0.0000,-1.7500,False,jump,True
819,1791559508.134278,448.0000,459.0000,0.0000,-1.2500,False,jump,True
820,1791559508.150945,448.0000,458.2500,0.0000,-0.7500,False,right,True
821,1791559508.167612,448.0000,458.0000,0.0000,-0.2500,False,right,True
822,1791559508.184278,448.0000,458.2500,0.0000,0.2500,False,right,True
823,1791559508.200945,448.0000,459.0000,0.0000,0.7500,False,right+jump,True
824,1791559508.217612,448.0000,460.2500,0.0000,1.2500,False,right+jump,True
825,1791559508.234278,448.0000,462.0000,0.0000,1.7500,False,right+jump,True
826,1791559508.250945,448.0000,464.2500,0.0000,2.2500,False,right+jump,True
827,1791559508.267612,448.0000,467.0000,0.0000,2.7500,False,right+jump,True
828,1791559508.284278,448.0000,470.2500,0.0000,3.2500,False,right+jump,True
829,1791559508.300945,448.0000,474.0000,0.0000,3.7500,False,right+jump,True
830,1791559508.317611,448.0000,478.2500,0.0000,4.2500,False,right+jump,True
831,1791559508.334278,448.0000,483.0000,0.0000,4.7500,False,right+jump,True
832,1791559508.350945,447.2000,488.2500,-0.8000,5.2500,False,left,True
833,1791559508.367612,445.6000,494.0000,-1.6000,5.7500,False,left,False
834,1791559508.384278,443.2000,500.2500,-2.4000,6.2500,False,left,False
835,1791559508.400945,440.0000,507.0000,-3.2000,6.7500,False,left,True
836,1791559508.417612,440.0000,514.2500,0.0000,7.2500,False,left,True
837,1791559508.434278,440.0000,522.0000,0.0000,7.7500,False,left,True
838,1791559508.450945,440.0000,530.2500,0.0000,8.2500,False,left,True
839,1791559508.467612,440.0000,539.0000,0.0000,8.7500,False,left,True
840,1791559508.484278,440.8000,548.2500,0.8000,9.2500,False,right+jump,True
841,1791559508.500945,442.4000,558.0000,1.6000,9.7500,False,right+jump,True
842,1791559508.517612,444.8000,558.0000,2.4000,0.0000,True,right+jump,True
843,1791559508.534278,448.0000,548.2500,3.2000,-9.7500,False,right+jump,True
844,1791559508.550945,448.0000,539.0000,0.0000,-9.2500,False,right+jump,True
845,1791559508.567611,448.0000,530.2500,0.0000,-8.7500,False,right+jump,True
846,1791559508.584278,448.0000,522.0000,0.0000,-8.2500,False,right+jump,True
847,1791559508.600945,448.0000,514.2500,0.0000,-7.7500,False,right,True
848,1791559508.617612,448.0000,507.0000,0.0000,-7.2500,False,right,True
849,1791559508.634278,448.0000,500.2500,0.0000,-6.7500,False,jump,True
850,1791559508.650945,448.0000,494.0000,0.0000,-6.2500,False,jump,True
851,1791559508.667612,448.0000,488.2500,0.0000,-5.7500,False,jump,True
852,1791559508.684278,448.0000,483.0000,0.0000,-5.2500,False,jump,True
853,1791559508.700945,447.2000,478.2500,-0.8000,-4.7500,False,left,True
854,1791559508.717612,445.6000,474.0000,-1.6000,-4.2500,False,left,False
855,1791559508.734278,444.8000,470.2500,-0.8000,-3.7500,False,right,False
856,1791559508.750945,444.8000,467.0000,0.0000,-3.2500,False,right,False
857,1791559508.767612,445.6000,464.2500,0.8000,-2.7500,False,right,False
858,1791559508.784278,447.2000,462.0000,1.6000,-2.2500,False,right,True
859,1791559508.800945,448.0000,460.2500,0.8000,-1.7500,False,left+jump,True
860,1791559508.817611,448.0000,459.0000,0.0000,-1.2500,False,left+jump,True
861,1791559508.834278,447.2000,458.2500,-0.8000,-0.7500,False,left+jump,True
862,1791559508.850945,445.6000,458.0000,-1.6000,-0.2500,False,left+jump,False
863,1791559508.867612,443.2000,458.2500,-2.4000,0.2500,False,left+jump,False
864,1791559508.884278,441.6000,459.0000,-1.6000,0.7500,False,right+jump,False
865,1791559508.900945,440.8000,460.2500,-0.8000,1.2500,False,right+jump,True
866,1791559508.917612,440.8000,462.0000,-0.0000,1.7500,False,right+jump,True
867,1791559508.934278,441.6000,464.2500,0.8000,2.2500,False,right+jump,False
868,1791559508.950945,443.2000,467.0000,1.6000,2.7500,False,right+jump,False
869,1791559508.967612,445.6000,470.2500,2.4000,3.2500,False,right+jump,False
870,1791559508.984278,448.0000,474.0000,0.0000,3.7500,False,right,True
871,1791559509.000945,448.0000,478.2500,0.0000,4.2500,False,right,True
872,1791559509.017612,448.0000,483.0000,0.0000,4.7500,False,right,True
873,1791559509.034278,448.0000,488.2500,0.0000,5.2500,False,right,True
874,1791559509.050945,448.0000,494.0000,0.0000,5.7500,False,right+jump,True
875,1791559509.067611,448.0000,500.2500,0.0000,6.2500,False,right+jump,True
876,1791559509.084278,448.0000,507.0000,0.0000,6.7500,False,right+jump,True
877,1791559509.100945,448.0000,514.2500,0.0000,7.2500,False,right+jump,True
878,1791559509.117612,448.0000,522.0000,0.0000,7.7500,False,right+jump,True
879,1791559509.134278,448.0000,530.2500,0.0000,8.2500,False,right+jump,True
880,1791559509.150945,448.0000,539.0000,0.0000,8.7500,False,right+jump,True
881,1791559509.167612,448.0000,548.2500,0.0000,9.2500,False,right+jump,True
882,1791559509.184278,448.0000,558.0000,0.0000,9.7500,False,right+jump,True
883,1791559509.200945,448.0000,558.0000,0.0000,0.0000,True,right+jump,True
884,1791559509.217612,448.0000,548.2500,0.0000,-9.7500,False,right+jump,True
885,1791559509.234278,448.0000,539.0000,0.0000,-9.2500,False,right+jump,True
886,1791559509.250945,448.0000,530.2500,0.0000,-8.7500,False,right,True
887,1791559509.267612,448.0000,522.0000,0.0000,-8.2500,False,right,True
888,1791559509.284278,448.0000,514.2500,0.0000,-7.7500,False,right,True
889,1791559509.300945,448.0000,507.0000,0.0000,-7.2500,False,right,True
890,1791559509.317611,448.0000,500.2500,0.0000,-6.7500,False,right,True
891,1791559509.334278,448.0000,494.0000,0.0000,-6.2500,False,right,True
892,1791559509.350945,448.0000,488.2500,0.0000,-5.7500,False,right,True
893,1791559509.367612,448.0000,483.0000,0.0000,-5.2500,False,right,True
894,1791559509.384278,448.0000,478.2500,0.0000,-4.7500,False,right,True
895,1791559509.400945,448.0000,474.0000,0.0000,-4.2500,False,right,True
896,1791559509.417612,448.0000,470.2500,0.0000,-3.7500,False,right+jump,True
897,1791559509.434278,448.0000,467.0000,0.0000,-3.2500,False,right+jump,True
898,1791559509.450945,448.0000,464.2500,0.0000,-2.7500,False,right+jump,True
899,1791559509.467612,448.0000,462.0000,0.0000,-2.2500,False,right+jump,True
900,1791559509.484278,448.0000,460.2500,0.0000,-1.7500,False,right+jump,True
901,1791559509.500945,448.0000,459.0000,0.0000,-1.2500,False,right+jump,True
902,1791559509.517612,448.0000,458.2500,0.0000,-0.7500,False,right+jump,True
903,1791559509.534278,448.0000,458.0000,0.0000,-0.2500,False,right+jump,True
904,1791559509.550945,448.0000,458.2500,0.0000,0.2500,False,right+jump,True
905,1791559509.567611,448.0000,459.0000,0.0000,0.7500,False,right+jump,True
906,1791559509.584278,448.0000,460.2500,0.0000,1.2500,False,right+jump,True
907,1791559509.600945,448.0000,462.0000,0.0000,1.7500,False,right+jump,True
908,1791559509.617612,448.0000,464.2500,0.0000,2.2500,False,right+jump,True
909,1791559509.634278,448.0000,467.0000,0.0000,2.7500,False,jump,True
910,1791559509.650945,448.0000,470.2500,0.0000,3.2500,False,jump,True
911,1791559509.667612,448.0000,474.0000,0.0000,3.7500,False,right+jump,True
912,1791559509.684278,448.0000,478.2500,0.0000,4.2500,False,right+jump,True
913,1791559509.700945,448.0000,483.0000,0.0000,4.7500,False,right+jump,True
914,1791559509.717612,448.0000,488.2500,0.0000,5.2500,False,right+jump,True
915,1791559509.734278,448.0000,494.0000,0.0000,5.7500,False,right+jump,True
916,1791559509.750945,448.0000,500.2500,0.0000,6.2500,False,right+jump,True
917,1791559509.767612,448.0000,507.0000,0.0000,6.7500,False,jump,True
918,1791559509.784278,448.0000,514.2500,0.0000,7.2500,False,jump,True
919,1791559509.800945,448.0000,522.0000,0.0000,7.7500,False,jump,True
920,1791559509.817611,448.0000,530.2500,0.0000,8.2500,False,jump,True
921,1791559509.834278,447.2000,539.0000,-0.8000,8.7500,False,left+jump,True
922,1791559509.850945,445.6000,548.2500,-1.6000,9.2500,False,left+jump,False
923,1791559509.867612,443.2000,558.0000,-2.4000,9.7500,False,left+jump,True
924,1791559509.884278,441.6000,558.0000,-1.6000,0.0000,True,right+jump,True
925,1791559509.900945,440.8000,548.2500,-0.8000,-9.7500,False,right+jump,True
926,1791559509.917612,440.8000,539.0000,-0.0000,-9.2500,False,right+jump,True
927,1791559509.934278,441.6000,530.2500,0.8000,-8.7500,False,right+jump,False
928,1791559509.950945,443.2000,522.0000,1.6000,-8.2500,False,right+jump,False
929,1791559509.967612,445.6000,514.2500,2.4000,-7.7500,False,right+jump,False
930,1791559509.984278,448.0000,507.0000,0.0000,-7.2500,False,right+jump,True
931,1791559510.000945,448.0000,500.2500,0.0000,-6.7500,False,jump,True
932,1791559510.017612,448.0000,494.0000,0.0000,-6.2500,False,jump,True
933,1791559510.034278,448.0000,488.2500,0.0000,-5.7500,False,jump,True
934,1791559510.050945,448.0000,483.0000,0.0000,-5.2500,False,jump,True
935,1791559510.067611,448.0000,478.2500,0.0000,-4.7500,False,jump,True
936,1791559510.084278,448.0000,474.0000,0.0000,-4.2500,False,jump,True
937,1791559510.100945,448.0000,470.2500,0.0000,-3.7500,False,jump,True
938,1791559510.117612,448.0000,467.0000,0.0000,-3.2500,False,jump,True
939,1791559510.134278,448.0000,464.2500,0.0000,-2.7500,False,jump,True
940,1791559510.150945,448.0000,462.0000,0.0000,-2.2500,False,right+jump,True
941,1791559510.167612,448.0000,460.2500,0.0000,-1.7500,False,right+jump,True
942,1791559510.184278,448.0000,459.0000,0.0000,-1.2500,False,right+jump,True
943,1791559510.200945,448.0000,458.2500,0.0000,-0.7500,False,right+jump,True
944,1791559510.217612,448.0000,458.0000,0.0000,-0.2500,False,right,True
945,1791559510.234278,448.0000,458.2500,0.0000,0.2500,False,right,True
946,1791559510.250945,448.0000,459.0000,0.0000,0.7500,False,right,True
947,1791559510.267612,448.0000,460.2500,0.0000,1.2500,False,right,True
948,1791559510.284278,448.0000,462.0000,0.0000,1.7500,False,right,True
949,1791559510.300945,448.0000,464.2500,0.0000,2.2500,False,right,True
950,1791559510.317611,448.0000,467.0000,0.0000,2.7500,False,right,True
951,1791559510.334278,448.0000,470.2500,0.0000,3.2500,False,right,True
952,1791559510.350945,448.0000,474.0000,0.0000,3.7500,False,right,True
953,1791559510.367612,448.0000,478.2500,0.0000,4.2500,False,right+jump,True
954,1791559510.384278,448.0000,483.0000,0.0000,4.7500,False,right+jump,True
955,1791559510.400945,448.0000,488.2500,0.0000,5.2500,False,right+jump,True
956,1791559510.417612,448.0000,494.0000,0.0000,5.7500,False,right+jump,True
957,1791559510.434278,448.0000,500.2500,0.0000,6.2500,False,right+jump,True
958,1791559510.450945,448.0000,507.0000,0.0000,6.7500,False,right+jump,True
959,1791559510.467612,448.0000,514.2500,0.0000,7.2500,False,right+jump,True
960,1791559510.484278,448.0000,522.0000,0.0000,7.7500,False,right+jump,True
961,1791559510.500945,448.0000,530.2500,0.0000,8.2500,False,right+jump,True
962,1791559510.517612,448.0000,539.0000,0.0000,8.7500,False,right+jump,True
963,1791559510.534278,448.0000,548.2500,0.0000,9.2500,False,right+jump,True
964,1791559510.550945,448.0000,558.0000,0.0000,9.7500,False,right+jump,True
965,1791559510.567611,448.0000,558.0000,0.0000,0.0000,True,right+jump,True
966,1791559510.584278,448.0000,548.2500,0.0000,-9.7500,False,right+jump,True
967,1791559510.600945,448.0000,539.0000,0.0000,-9.2500,False,right+jump,True
968,1791559510.617612,448.0000,530.2500,0.0000,-8.7500,False,right+jump,True
969,1791559510.634278,448.0000,522.0000,0.0000,-8.2500,False,right+jump,True
970,1791559510.650945,448.0000,514.2500,0.0000,-7.7500,False,right+jump,True
971,1791559510.667612,448.0000,507.0000,0.0000,-7.2500,False,right+jump,True
972,1791559510.684278,448.0000,500.2500,0.0000,-6.7500,False,right+jump,True
973,1791559510.700945,448.0000,494.0000,0.0000,-6.2500,False,right+jump,True
974,1791559510.717612,448.0000,488.2500,0.0000,-5.7500,False,jump,True
975,1791559510.734278,448.0000,483.0000,0.0000,-5.2500,False,jump,True
976,1791559510.750945,448.0000,478.2500,0.0000,-4.7500,False,jump,True
977,1791559510.767612,448.0000,474.0000,0.0000,-4.2500,False,jump,True
978,1791559510.784278,448.0000,470.2500,0.0000,-3.7500,False,right,True
979,1791559510.800945,448.0000,467.0000,0.0000,-3.2500,False,right,True
980,1791559510.817611,448.0000,464.2500,0.0000,-2.7500,False,right,True
981,1791559510.834278,448.0000,462.0000,0.0000,-2.2500,False,right+jump,True
982,1791559510.850945,448.0000,460.2500,0.0000,-1.7500,False,right+jump,True
983,1791559510.867612,448.0000,459.0000,0.0000,-1.2500,False,right+jump,True
984,1791559510.884278,448.0000,458.2500,0.0000,-0.7500,False,right+jump,True
985,1791559510.900945,448.0000,458.0000,0.0000,-0.2500,False,right+jump,True
986,1791559510.917612,448.0000,458.2500,0.0000,0.2500,False,right+jump,True
987,1791559510.934278,448.0000,459.0000,0.0000,0.7500,False,right+jump,True
988,1791559510.950945,447.2000,460.2500,-0.8000,1.2500,False,left+jump,True
989,1791559510.967612,445.6000,462.0000,-1.6000,1.7500,False,left+jump,False
990,1791559510.984278,443.2000,464.2500,-2.4000,2.2500,False,left+jump,False
991,1791559511.000945,440.0000,467.0000,-3.2000,2.7500,False,left+jump,True
992,1791559511.017612,440.0000,470.2500,0.0000,3.2500,False,right,True
993,1791559511.034278,440.8000,474.0000,0.8000,3.7500,False,right,True
994,1791559511.050945,442.4000,478.2500,1.6000,4.2500,False,right,False
995,1791559511.067611,444.8000,483.0000,2.4000,4.7500,False,right,False
996,1791559511.084278,448.0000,488.2500,3.2000,5.2500,False,right+jump,True
997,1791559511.100945,448.0000,494.0000,0.0000,5.7500,False,right+jump,True
998,1791559511.117612,448.0000,500.2500,0.0000,6.2500,False,right+jump,True
999,1791559511.134278,448.0000,507.0000,0.0000,6.7500,False,right+jump,True
1000,1791559511.150945,448.0000,514.2500,0.0000,7.2500,False,right+jump,True
1001,1791559511.167612,448.0000,522.0000,0.0000,7.7500,False,right+jump,True
1002,1791559511.184278,448.0000,530.2500,0.0000,8.2500,False,right+jump,True
1003,1791559511.200945,448.0000,539.0000,0.0000,8.7500,False,right+jump,True
1004,1791559511.217612,448.0000,548.2500,0.0000,9.2500,False,right,True
1005,1791559511.234278,448.0000,558.0000,0.0000,9.7500,False,right,True
1006,1791559511.250945,448.0000,558.0000,0.0000,0.0000,True,right,True
1007,1791559511.267612,448.0000,558.0000,0.0000,0.0000,True,right,True
1008,1791559511.284278,448.0000,558.0000,0.0000,0.0000,True,right,True
1009,1791559511.300945,448.0000,558.0000,0.0000,0.0000,True,right,True
1010,1791559511.317611,448.0000,548.2500,0.0000,-9.7500,False,right+jump,True
1011,1791559511.334278,448.0000,539.0000,0.0000,-9.2500,False,right+jump,True
1012,1791559511.350945,448.0000,530.2500,0.0000,-8.7500,False,right+jump,True
1013,1791559511.367612,448.0000,522.0000,0.0000,-8.2500,False,right+jump,True
1014,1791559511.384278,448.0000,514.2500,0.0000,-7.7500,False,right+jump,True
1015,1791559511.400945,448.0000,507.0000,0.0000,-7.2500,False,right+jump,True
1016,1791559511.417612,448.0000,500.2500,0.0000,-6.7500,False,right+jump,True
1017,1791559511.434278,448.0000,494.0000,0.0000,-6.2500,False,right+jump,True
1018,1791559511.450945,448.0000,488.2500,0.0000,-5.7500,False,jump,True
1019,1791559511.467612,448.0000,483.0000,0.0000,-5.2500,False,jump,True
1020,1791559511.484278,448.0000,478.2500,0.0000,-4.7500,False,jump,True
1021,1791559511.500945,448.0000,474.0000,0.0000,-4.2500,False,right,True
1022,1791559511.517612,448.0000,470.2500,0.0000,-3.7500,False,right,True
1023,1791559511.534278,448.0000,467.0000,0.0000,-3.2500,False,right,True
1024,1791559511.550945,448.0000,464.2500,0.0000,-2.7500,False,right,True
1025,1791559511.567611,448.0000,462.0000,0.0000,-2.2500,False,right,True
1026,1791559511.584278,448.0000,460.2500,0.0000,-1.7500,False,right,True
1027,1791559511.600945,447.2000,459.0000,-0.8000,-1.2500,False,left,True
1028,1791559511.617612,445.6000,458.2500,-1.6000,-0.7500,False,left,False
1029,1791559511.634278,443.2000,458.0000,-2.4000,-0.2500,False,left,False
1030,1791559511.650945,440.0000,458.2500,-3.2000,0.2500,False,left,True
1031,1791559511.667612,440.0000,459.0000,0.0000,0.7500,False,left,True
1032,1791559511.684278,440.0000,460.2500,0.0000,1.2500,False,left,True
1033,1791559511.700945,440.0000,462.0000,0.0000,1.7500,False,left,True
1034,1791559511.717612,440.0000,464.2500,0.0000,2.2500,False,left,True
1035,1791559511.734278,440.0000,467.0000,0.0000,2.7500,False,left,True
1036,1791559511.750945,440.0000,470.2500,0.0000,3.2500,False,left,True
1037,1791559511.767612,440.0000,474.0000,0.0000,3.7500,False,left,True
1038,1791559511.784278,440.0000,478.2500,0.0000,4.2500,False,left+jump,True
1039,1791559511.800945,440.0000,483.0000,0.0000,4.7500,False,left+jump,True
1040,1791559511.817611,440.0000,488.2500,0.0000,5.2500,False,left+jump,True
1041,1791559511.834278,440.0000,494.0000,0.0000,5.7500,False,left+jump,True
1042,1791559511.850945,440.0000,500.2500,0.0000,6.2500,False,left+jump,True
1043,1791559511.867612,440.8000,507.0000,0.8000,6.7500,False,right,True
1044,1791559511.884278,442.4000,514.2500,1.6000,7.2500,False,right,False
1045,1791559511.900945,40.0000,404.5000,0.0000,0.5000,False,jump,False
1046,1791559511.917612,39.2000,405.5000,-0.8000,1.0000,False,left,False
1047,1791559511.934278,37.6000,407.0000,-1.6000,1.5000,False,left,False
1048,1791559511.950945,35.2000,408.0000,-2.4000,0.0000,True,left,True
1049,1791559511.967612,32.0000,408.0000,-3.2000,0.0000,True,left,True
1050,1791559511.984278,28.0000,408.0000,-4.0000,0.0000,True,left,True
1051,1791559512.000945,23.2000,408.0000,-4.8000,0.0000,True,left,True
1052,1791559512.017612,17.6000,408.0000,-5.6000,0.0000,True,left,True
1053,1791559512.034278,16.0000,408.0000,0.0000,0.0000,True,left,True
1054,1791559512.050945,16.0000,398.2500,0.0000,-9.7500,False,left+jump,True
1055,1791559512.067611,16.0000,389.0000,0.0000,-9.2500,False,left+jump,True
1056,1791559512.084278,16.0000,380.2500,0.0000,-8.7500,False,left+jump,True
1057,1791559512.100945,16.0000,372.0000,0.0000,-8.2500,False,left+jump,True
1058,1791559512.117612,16.0000,364.2500,0.0000,-7.7500,False,left+jump,True
1059,1791559512.134278,16.8000,357.0000,0.8000,-7.2500,False,right+jump,True
1060,1791559512.150945,18.4000,350.2500,1.6000,-6.7500,False,right+jump,False
1061,1791559512.167612,20.8000,344.0000,2.4000,-6.2500,False,right+jump,False
1062,1791559512.184278,24.0000,338.2500,3.2000,-5.7500,False,right+jump,False
1063,1791559512.200945,28.0000,333.0000,4.0000,-5.2500,False,right+jump,False
1064,1791559512.217612,32.8000,328.2500,4.8000,-4.7500,False,right+jump,False
1065,1791559512.234278,36.8000,324.0000,4.0000,-4.2500,False,left+jump,False
1066,1791559512.250945,40.0000,320.2500,3.2000,-3.7500,False,left+jump,False
1067,1791559512.267612,42.4000,317.0000,2.4000,-3.2500,False,left+jump,False
1068,1791559512.284278,45.6000,314.2500,3.2000,-2.7500,False,right+jump,False
1069,1791559512.300945,49.6000,312.0000,4.0000,-2.2500,False,right+jump,False
1070,1791559512.317611,54.4000,310.2500,4.8000,-1.7500,False,right+jump,False
1071,1791559512.334278,60.0000,309.0000,5.6000,-1.2500,False,right+jump,False
1072,1791559512.350945,66.0000,308.2500,6.0000,-0.7500,False,right+jump,False
1073,1791559512.367612,72.0000,308.0000,6.0000,-0.2500,False,right+jump,False
1074,1791559512.384278,77.2000,308.2500,5.2000,0.2500,False,left+jump,False
1075,1791559512.400945,81.6000,309.0000,4.4000,0.7500,False,left+jump,False
1076,1791559512.417612,85.2000,310.2500,3.6000,1.2500,False,left+jump,False
1077,1791559512.434278,88.0000,312.0000,2.8000,1.7500,False,left+jump,False
1078,1791559512.450945,90.0000,314.2500,2.0000,2.2500,False,left+jump,False
1079,1791559512.467612,91.2000,317.0000,1.2000,2.7500,False,left+jump,False
1080,1791559512.484278,91.6000,320.2500,0.4000,3.2500,False,left+jump,False
1081,1791559512.500945,91.2000,324.0000,-0.4000,3.7500,False,left+jump,False
1082,1791559512.517612,90.0000,328.2500,-1.2000,4.2500,False,left+jump,False
1083,1791559512.534278,88.0000,333.0000,-2.0000,4.7500,False,left+jump,False
1084,1791559512.550945,85.2000,338.2500,-2.8000,5.2500,False,left+jump,False
1085,1791559512.567611,81.6000,344.0000,-3.6000,5.7500,False,left+jump,False
1086,1791559512.584278,77.2000,350.2500,-4.4000,6.2500,False,left+jump,False
1087,1791559512.600945,72.0000,357.0000,-5.2000,6.7500,False,left,False
1088,1791559512.617612,66.0000,364.2500,-6.0000,7.2500,False,left,False
1089,1791559512.634278,60.0000,372.0000,-6.0000,7.7500,False,left,False
1090,1791559512.650945,54.0000,380.2500,-6.0000,8.2500,False,left,False
1091,1791559512.667612,48.0000,389.0000,-6.0000,8.7500,False,left,False
1092,1791559512.684278,42.0000,398.2500,-6.0000,9.2500,False,left,False
1093,1791559512.700945,36.0000,408.0000,-6.0000,9.7500,False,left,True
1094,1791559512.717612,30.0000,408.0000,-6.0000,0.0000,True,left,True
1095,1791559512.734278,24.0000,408.0000,-6.0000,0.0000,True,left,True
1096,1791559512.750945,18.0000,408.0000,-6.0000,0.0000,True,left,True
1097,1791559512.767612,16.0000,408.0000,0.0000,0.0000,True,left,True
1098,1791559512.784278,16.0000,408.0000,0.0000,0.0000,True,left,True
1099,1791559512.800945,16.0000,408.0000,0.0000,0.0000,True,left,True
1100,1791559512.817611,16.0000,408.0000,0.0000,0.0000,True,left,True
1101,1791559512.834278,16.0000,408.0000,0.0000,0.0000,True,left,True
1102,1791559512.850945,16.0000,398.2500,0.0000,-9.7500,False,left+jump,True
1103,1791559512.867612,16.0000,389.0000,0.0000,-9.2500,False,left+jump,True
1104,1791559512.884278,16.0000,380.2500,0.0000,-8.7500,False,jump,True
1105,1791559512.900945,16.0000,372.0000,0.0000,-8.2500,False,jump,True
1106,1791559512.917612,16.8000,364.2500,0.8000,-7.7500,False,right+jump,True
1107,1791559512.934278,18.4000,357.0000,1.6000,-7.2500,False,right+jump,False
1108,1791559512.950945,20.8000,350.2500,2.4000,-6.7500,False,right+jump,False
1109,1791559512.967612,24.0000,344.0000,3.2000,-6.2500,False,right+jump,False
1110,1791559512.984278,28.0000,338.2500,4.0000,-5.7500,False,right+jump,False
1111,1791559513.000945,31.2000,333.0000,3.2000,-5.2500,False,left+jump,False
1112,1791559513.017612,33.6000,328.2500,2.4000,-4.7500,False,left+jump,False
1113,1791559513.034278,35.2000,324.0000,1.6000,-4.2500,False,left+jump,False
1114,1791559513.050945,36.0000,320.2500,0.8000,-3.7500,False,left+jump,False
1115,1791559513.067611,36.0000,317.0000,0.0000,-3.2500,False,left+jump,False
1116,1791559513.084278,35.2000,314.2500,-0.8000,-2.7500,False,left+jump,False
1117,1791559513.100945,33.6000,312.0000,-1.6000,-2.2500,False,left+jump,False
1118,1791559513.117612,31.2000,310.2500,-2.4000,-1.7500,False,left+jump,False
1119,1791559513.134278,28.0000,309.0000,-3.2000,-1.2500,False,left+jump,False
1120,1791559513.150945,24.0000,308.2500,-4.0000,-0.7500,False,left+jump,False
1121,1791559513.167612,19.2000,308.0000,-4.8000,-0.2500,False,left,False
1122,1791559513.184278,16.0000,308.2500,0.0000,0.2500,False,left,True
1123,1791559513.200945,16.0000,309.0000,0.0000,0.7500,False,left,True
1124,1791559513.217612,16.0000,310.2500,0.0000,1.2500,False,left,True
1125,1791559513.234278,16.0000,312.0000,0.0000,1.7500,False,left+jump,True
1126,1791559513.250945,16.0000,314.2500,0.0000,2.2500,False,left+jump,True
1127,1791559513.267612,16.0000,317.0000,0.0000,2.7500,False,left+jump,True
1128,1791559513.284278,16.0000,320.2500,0.0000,3.2500,False,left+jump,True
1129,1791559513.300945,16.0000,324.0000,0.0000,3.7500,False,left+jump,True
1130,1791559513.317611,16.0000,328.2500,0.0000,4.2500,False,left,True
1131,1791559513.334278,16.0000,333.0000,0.0000,4.7500,False,left,True
1132,1791559513.350945,16.0000,338.2500,0.0000,5.2500,False,left+jump,True
1133,1791559513.367612,16.0000,344.0000,0.0000,5.7500,False,left+jump,True
1134,1791559513.384278,16.0000,350.2500,0.0000,6.2500,False,left+jump,True
1135,1791559513.400945,16.0000,357.0000,0.0000,6.7500,False,left+jump,True
1136,1791559513.417612,16.0000,364.2500,0.0000,7.2500,False,left+jump,True
1137,1791559513.434278,16.0000,372.0000,0.0000,7.7500,False,left+jump,True
1138,1791559513.450945,16.0000,380.2500,0.0000,8.2500,False,left+jump,True
1139,1791559513.467612,16.0000,389.0000,0.0000,8.7500,False,left+jump,True
1140,1791559513.484278,16.0000,398.2500,0.0000,9.2500,False,left+jump,True
1141,1791559513.500945,16.0000,408.0000,0.0000,9.7500,False,left+jump,True
1142,1791559513.517612,16.0000,408.0000,0.0000,0.0000,True,left+jump,True
1143,1791559513.534278,16.0000,398.2500,0.0000,-9.7500,False,left+jump,True
1144,1791559513.550945,16.0000,389.0000,0.0000,-9.2500,False,left+jump,True
1145,1791559513.567611,16.0000,380.2500,0.0000,-8.7500,False,left+jump,True
1146,1791559513.584278,16.0000,372.0000,0.0000,-8.2500,False,left+jump,True
1147,1791559513.600945,16.0000,364.2500,0.0000,-7.7500,False,left+jump,True
1148,1791559513.617612,16.0000,357.0000,0.0000,-7.2500,False,left+jump,True
1149,1791559513.634278,16.0000,350.2500,0.0000,-6.7500,False,left+jump,True
1150,1791559513.650945,16.0000,344.0000,0.0000,-6.2500,False,left+jump,True
1151,1791559513.667612,16.0000,338.2500,0.0000,-5.7500,False,left+jump,True
1152,1791559513.684278,16.0000,333.0000,0.0000,-5.2500,False,left+jump,True
1153,1791559513.700945,16.0000,328.2500,0.0000,-4.7500,False,left+jump,True
1154,1791559513.717612,16.0000,324.0000,0.0000,-4.2500,False,left+jump,True
1155,1791559513.734278,16.0000,320.2500,0.0000,-3.7500,False,left+jump,True
1156,1791559513.750945,16.0000,317.0000,0.0000,-3.2500,False,left+jump,True
1157,1791559513.767612,16.0000,314.2500,0.0000,-2.7500,False,left+jump,True
1158,1791559513.784278,16.0000,312.0000,0.0000,-2.2500,False,left+jump,True
1159,1791559513.800945,16.0000,310.2500,0.0000,-1.7500,False,left+jump,True
1160,1791559513.817611,16.0000,309.0000,0.0000,-1.2500,False,left+jump,True
1161,1791559513.834278,16.0000,308.2500,0.0000,-0.7500,False,left+jump,True
1162,1791559513.850945,16.0000,308.0000,0.0000,-0.2500,False,left+jump,True
1163,1791559513.867612,16.0000,308.2500,0.0000,0.2500,False,left+jump,True
1164,1791559513.884278,16.0000,309.0000,0.0000,0.7500,False,left+jump,True
1165,1791559513.900945,16.0000,310.2500,0.0000,1.2500,False,left+jump,True
1166,1791559513.917612,16.0000,312.0000,0.0000,1.7500,False,left+jump,True
1167,1791559513.934278,16.0000,314.2500,0.0000,2.2500,False,left+jump,True
1168,1791559513.950945,16.0000,317.0000,0.0000,2.7500,False,left+jump,True
1169,1791559513.967612,16.0000,320.2500,0.0000,3.2500,False,left+jump,True
1170,1791559513.984278,16.0000,324.0000,0.0000,3.7500,False,left+jump,True
1171,1791559514.000945,16.0000,328.2500,0.0000,4.2500,False,left+jump,True
1172,1791559514.017612,16.0000,333.0000,0.0000,4.7500,False,jump,True
1173,1791559514.034278,16.0000,338.2500,0.0000,5.2500,False,jump,True
1174,1791559514.050945,16.0000,344.0000,0.0000,5.7500,False,jump,True
1175,1791559514.067611,16.0000,350.2500,0.0000,6.2500,False,jump,True
1176,1791559514.084278,16.0000,357.0000,0.0000,6.7500,False,jump,True
1177,1791559514.100945,16.0000,364.2500,0.0000,7.2500,False,jump,True
1178,1791559514.117612,16.8000,372.0000,0.8000,7.7500,False,right,True
1179,1791559514.134278,18.4000,380.2500,1.6000,8.2500,False,right,False
1180,1791559514.150945,19.2000,389.0000,0.8000,8.7500,False,left+jump,False
1181,1791559514.167612,19.2000,398.2500,0.0000,9.2500,False,left+jump,False
1182,1791559514.184278,18.4000,408.0000,-0.8000,9.7500,False,left+jump,True
1183,1791559514.200945,16.8000,408.0000,-1.6000,0.0000,True,left+jump,True
1184,1791559514.217612,16.0000,398.2500,0.0000,-9.7500,False,left+jump,True
1185,1791559514.234278,16.8000,389.0000,0.8000,-9.2500,False,right,True
1186,1791559514.250945,18.4000,380.2500,1.6000,-8.7500,False,right,False
1187,1791559514.267612,20.8000,372.0000,2.4000,-8.2500,False,right,False
1188,1791559514.284278,24.0000,364.2500,3.2000,-7.7500,False,right,False
1189,1791559514.300945,28.0000,357.0000,4.0000,-7.2500,False,right,False
1190,1791559514.317611,32.8000,350.2500,4.8000,-6.7500,False,right,False
1191,1791559514.334278,36.8000,344.0000,4.0000,-6.2500,False,left+jump,False
1192,1791559514.350945,40.0000,338.2500,3.2000,-5.7500,False,left+jump,False
1193,1791559514.367612,42.4000,333.0000,2.4000,-5.2500,False,left+jump,False
1194,1791559514.384278,45.6000,328.2500,3.2000,-4.7500,False,right,False
1195,1791559514.400945,49.6000,324.0000,4.0000,-4.2500,False,right,False
1196,1791559514.417612,54.4000,320.2500,4.8000,-3.7500,False,right,False
1197,1791559514.434278,60.0000,317.0000,5.6000,-3.2500,False,right,False
1198,1791559514.450945,66.0000,314.2500,6.0000,-2.7500,False,right,False
1199,1791559514.467612,72.0000,312.0000,6.0000,-2.2500,False,right,False
1200,1791559514.484278,77.2000,310.2500,5.2000,-1.7500,False,left,False
1201,1791559514.500945,81.6000,309.0000,4.4000,-1.2500,False,left,False
1202,1791559514.517612,85.2000,308.2500,3.6000,-0.7500,False,left,False
1203,1791559514.534278,88.0000,308.0000,2.8000,-0.2500,False,left,False
1204,1791559514.550945,90.0000,308.2500,2.0000,0.2500,False,left,False
1205,1791559514.567611,91.2000,309.0000,1.2000,0.7500,False,left,False
1206,1791559514.584278,91.6000,310.2500,0.4000,1.2500,False,left+jump,False
1207,1791559514.600945,91.2000,312.0000,-0.4000,1.7500,False,left+jump,False
1208,1791559514.617612,90.0000,314.2500,-1.2000,2.2500,False,left+jump,False
1209,1791559514.634278,88.0000,317.0000,-2.0000,2.7500,False,left+jump,False
1210,1791559514.650945,85.2000,320.2500,-2.8000,3.2500,False,left+jump,False
1211,1791559514.667612,81.6000,324.0000,-3.6000,3.7500,False,left+jump,False
1212,1791559514.684278,77.2000,328.2500,-4.4000,4.2500,False,left,False
1213,1791559514.700945,72.0000,333.0000,-5.2000,4.7500,False,left,False
1214,1791559514.717612,66.0000,338.2500,-6.0000,5.2500,False,left,False
1215,1791559514.734278,60.0000,344.0000,-6.0000,5.7500,False,left+jump,False
1216,1791559514.750945,54.0000,350.2500,-6.0000,6.2500,False,left+jump,False
1217,1791559514.767612,48.0000,357.0000,-6.0000,6.7500,False,left+jump,False
1218,1791559514.784278,42.0000,364.2500,-6.0000,7.2500,False,left+jump,False
1219,1791559514.800945,36.8000,372.0000,-5.2000,7.7500,False,right,False
1220,1791559514.817611,32.4000,380.2500,-4.4000,8.2500,False,right,False
1221,1791559514.834278,28.8000,389.0000,-3.6000,8.7500,False,right,False
1222,1791559514.850945,26.0000,398.2500,-2.8000,9.2500,False,right,False
1223,1791559514.867612,22.4000,408.0000,-3.6000,9.7500,False,left,True
1224,1791559514.884278,18.0000,408.0000,-4.4000,0.0000,True,left,True
1225,1791559514.900945,16.0000,408.0000,0.0000,0.0000,True,left,True
1226,1791559514.917612,16.0000,398.2500,0.0000,-9.7500,False,left+jump,True
1227,1791559514.934278,16.0000,389.0000,0.0000,-9.2500,False,left+jump,True
1228,1791559514.950945,16.0000,380.2500,0.0000,-8.7500,False,left+jump,True
1229,1791559514.967612,16.8000,372.0000,0.8000,-8.2500,False,right,True
1230,1791559514.984278,18.4000,364.2500,1.6000,-7.7500,False,right,False
1231,1791559515.000945,20.8000,357.0000,2.4000,-7.2500,False,right,False
1232,1791559515.017612,24.0000,350.2500,3.2000,-6.7500,False,right,False
1233,1791559515.034278,28.0000,344.0000,4.0000,-6.2500,False,right,False
1234,1791559515.050945,32.8000,338.2500,4.8000,-5.7500,False,right,False
1235,1791559515.067611,37.6000,333.0000,4.8000,-5.2500,False,jump,False
1236,1791559515.084278,42.4000,328.2500,4.8000,-4.7500,False,jump,False
1237,1791559515.100945,47.2000,324.0000,4.8000,-4.2500,False,jump,False
1238,1791559515.117612,52.0000,320.2500,4.8000,-3.7500,False,jump,False
1239,1791559515.134278,56.0000,317.0000,4.0000,-3.2500,False,left+jump,False
1240,1791559515.150945,59.2000,314.2500,3.2000,-2.7500,False,left+jump,False
1241,1791559515.167612,61.6000,312.0000,2.4000,-2.2500,False,left+jump,False
1242,1791559515.184278,63.2000,310.2500,1.6000,-1.7500,False,left+jump,False
1243,1791559515.200945,64.0000,309.0000,0.8000,-1.2500,False,left+jump,False
1244,1791559515.217612,65.6000,308.2500,1.6000,-0.7500,False,right,False
1245,1791559515.234278,68.0000,308.0000,2.4000,-0.2500,False,right,False
1246,1791559515.250945,69.6000,308.2500,1.6000,0.2500,False,left,False
1247,1791559515.267612,70.4000,309.0000,0.8000,0.7500,False,left,False
1248,1791559515.284278,70.4000,310.2500,0.0000,1.2500,False,left,False
1249,1791559515.300945,69.6000,312.0000,-0.8000,1.7500,False,left,False
1250,1791559515.317611,68.0000,314.2500,-1.6000,2.2500,False,left,False
1251,1791559515.334278,65.6000,317.0000,-2.4000,2.7500,False,left,False
1252,1791559515.350945,62.4000,320.2500,-3.2000,3.2500,False,left,False
1253,1791559515.367612,58.4000,324.0000,-4.0000,3.7500,False,left,False
1254,1791559515.384278,53.6000,328.2500,-4.8000,4.2500,False,left,False
1255,1791559515.400945,48.0000,333.0000,-5.6000,4.7500,False,left,False
1256,1791559515.417612,42.0000,338.2500,-6.0000,5.2500,False,left,False
1257,1791559515.434278,36.0000,344.0000,-6.0000,5.7500,False,left,False
1258,1791559515.450945,30.0000,350.2500,-6.0000,6.2500,False,left,False
1259,1791559515.467612,24.0000,357.0000,-6.0000,6.7500,False,left,False
1260,1791559515.484278,18.0000,364.2500,-6.0000,7.2500,False,left,False
1261,1791559515.500945,16.0000,372.0000,0.0000,7.7500,False,left,True
1262,1791559515.517612,16.0000,380.2500,0.0000,8.2500,False,left+jump,True
1263,1791559515.534278,16.0000,389.0000,0.0000,8.7500,False,left+jump,True
1264,1791559515.550945,16.0000,398.2500,0.0000,9.2500,False,left+jump,True
1265,1791559515.567611,16.0000,408.0000,0.0000,9.7500,False,left+jump,True
1266,1791559515.584278,16.0000,408.0000,0.0000,0.0000,True,left+jump,True
1267,1791559515.600945,16.0000,398.2500,0.0000,-9.7500,False,left+jump,True
1268,1791559515.617612,16.0000,389.0000,0.0000,-9.2500,False,left+jump,True
1269,1791559515.634278,16.0000,380.2500,0.0000,-8.7500,False,left+jump,True
1270,1791559515.650945,16.0000,372.0000,0.0000,-8.2500,False,jump,True
1271,1791559515.667612,16.0000,364.2500,0.0000,-7.7500,False,jump,True
1272,1791559515.684278,16.0000,357.0000,0.0000,-7.2500,False,jump,True
1273,1791559515.700945,16.0000,350.2500,0.0000,-6.7500,False,jump,True
1274,1791559515.717612,16.0000,344.0000,0.0000,-6.2500,False,left+jump,True
1275,1791559515.734278,16.0000,338.2500,0.0000,-5.7500,False,left+jump,True
1276,1791559515.750945,16.0000,333.0000,0.0000,-5.2500,False,left+jump,True
1277,1791559515.767612,16.0000,328.2500,0.0000,-4.7500,False,left+jump,True
1278,1791559515.784278,16.0000,324.0000,0.0000,-4.2500,False,left+jump,True
1279,1791559515.800945,16.0000,320.2500,0.0000,-3.7500,False,left+jump,True
1280,1791559515.817611,16.0000,317.0000,0.0000,-3.2500,False,left,True
1281,1791559515.834278,16.0000,314.2500,0.0000,-2.7500,False,left,True
1282,1791559515.850945,16.0000,312.0000,0.0000,-2.2500,False,left,True
1283,1791559515.867612,16.0000,310.2500,0.0000,-1.7500,False,left,True
1284,1791559515.884278,16.0000,309.0000,0.0000,-1.2500,False,left,True
1285,1791559515.900945,16.0000,308.2500,0.0000,-0.7500,False,left,True
1286,1791559515.917612,16.0000,308.0000,0.0000,-0.2500,False,left,True
1287,1791559515.934278,16.8000,308.2500,0.8000,0.2500,False,right,True
1288,1791559515.950945,18.4000,309.0000,1.6000,0.7500,False,right,False
1289,1791559515.967612,20.8000,310.2500,2.4000,1.2500,False,right,False
1290,1791559515.984278,24.0000,312.0000,3.2000,1.7500,False,right,False
1291,1791559516.000945,28.0000,314.2500,4.0000,2.2500,False,right,False
1292,1791559516.017612,31.2000,317.0000,3.2000,2.7500,False,left+jump,False
1293,1791559516.034278,33.6000,320.2500,2.4000,3.2500,False,left+jump,False
1294,1791559516.050945,36.0000,324.0000,2.4000,3.7500,False,jump,False
1295,1791559516.067611,38.4000,328.2500,2.4000,4.2500,False,jump,False
1296,1791559516.084278,40.8000,333.0000,2.4000,4.7500,False,jump,False
1297,1791559516.100945,43.2000,338.2500,2.4000,5.2500,False,jump,False
1298,1791559516.117612,45.6000,344.0000,2.4000,5.7500,False,jump,False
1299,1791559516.134278,48.0000,350.2500,2.4000,6.2500,False,jump,False
1300,1791559516.150945,49.6000,357.0000,1.6000,6.7500,False,left,False
1301,1791559516.167612,50.4000,364.2500,0.8000,7.2500,False,left,False
1302,1791559516.184278,50.4000,372.0000,0.0000,7.7500,False,left,False
1303,1791559516.200945,49.6000,380.2500,-0.8000,8.2500,False,left,False
1304,1791559516.217612,48.0000,389.0000,-1.6000,8.7500,False,left,False
1305,1791559516.234278,45.6000,398.2500,-2.4000,9.2500,False,left,False
1306,1791559516.250945,42.4000,408.0000,-3.2000,9.7500,False,left,True
1307,1791559516.267612,38.4000,408.0000,-4.0000,0.0000,True,left,True
1308,1791559516.284278,33.6000,408.0000,-4.8000,0.0000,True,left,True
1309,1791559516.300945,28.0000,398.2500,-5.6000,-9.7500,False,left+jump,False
1310,1791559516.317611,22.0000,389.0000,-6.0000,-9.2500,False,left+jump,False
1311,1791559516.334278,16.0000,380.2500,0.0000,-8.7500,False,left+jump,True
1312,1791559516.350945,16.0000,372.0000,0.0000,-8.2500,False,left+jump,True
1313,1791559516.367612,16.0000,364.2500,0.0000,-7.7500,False,left+jump,True
1314,1791559516.384278,16.0000,357.0000,0.0000,-7.2500,False,left+jump,True
1315,1791559516.400945,16.8000,350.2500,0.8000,-6.7500,False,right+jump,True
1316,1791559516.417612,18.4000,344.0000,1.6000,-6.2500,False,right+jump,False
1317,1791559516.434278,19.2000,338.2500,0.8000,-5.7500,False,left,False
1318,1791559516.450945,19.2000,333.0000,0.0000,-5.2500,False,left,False
1319,1791559516.467612,18.4000,328.2500,-0.8000,-4.7500,False,left,False
1320,1791559516.484278,18.4000,324.0000,0.0000,-4.2500,False,right+jump,False
1321,1791559516.500945,19.2000,320.2500,0.8000,-3.7500,False,right+jump,False
1322,1791559516.517612,20.8000,317.0000,1.6000,-3.2500,False,right,False
1323,1791559516.534278,23.2000,314.2500,2.4000,-2.7500,False,right,False
1324,1791559516.550945,26.4000,312.0000,3.2000,-2.2500,False,right,False
1325,1791559516.567611,30.4000,310.2500,4.0000,-1.7500,False,right,False
1326,1791559516.584278,35.2000,309.0000,4.8000,-1.2500,False,right,False
1327,1791559516.600945,40.8000,308.2500,5.6000,-0.7500,False,right,False
1328,1791559516.617612,46.8000,308.0000,6.0000,-0.2500,False,right,False
1329,1791559516.634278,52.8000,308.2500,6.0000,0.2500,False,right,False
1330,1791559516.650945,58.8000,309.0000,6.0000,0.7500,False,right,False
1331,1791559516.667612,64.8000,310.2500,6.0000,1.2500,False,right,False
1332,1791559516.684278,70.8000,312.0000,6.0000,1.7500,False,right,False
1333,1791559516.700945,76.8000,314.2500,6.0000,2.2500,False,right,False
1334,1791559516.717612,82.8000,317.0000,6.0000,2.7500,False,right,False
1335,1791559516.734278,88.8000,320.2500,6.0000,3.2500,False,right,False
1336,1791559516.750945,94.8000,324.0000,6.0000,3.7500,False,right,False
1337,1791559516.767612,100.8000,328.2500,6.0000,4.2500,False,right,False
1338,1791559516.784278,106.8000,333.0000,6.0000,4.7500,False,right,False
1339,1791559516.800945,112.8000,338.2500,6.0000,5.2500,False,right,False
1340,1791559516.817611,118.8000,344.0000,6.0000,5.7500,False,right,False
1341,1791559516.834278,124.8000,350.2500,6.0000,6.2500,False,right,False
1342,1791559516.850945,130.8000,357.0000,6.0000,6.7500,False,right,False
1343,1791559516.867612,136.8000,364.2500,6.0000,7.2500,False,right,False
1344,1791559516.884278,142.8000,372.0000,6.0000,7.7500,False,right,False
1345,1791559516.900945,148.8000,380.2500,6.0000,8.2500,False,right,False
1346,1791559516.917612,154.8000,389.0000,6.0000,8.7500,False,right,False
1347,1791559516.934278,160.8000,398.2500,6.0000,9.2500,False,right,False
1348,1791559516.950945,166.8000,408.0000,6.0000,9.7500,False,right,True
1349,1791559516.967612,172.8000,408.0000,6.0000,0.0000,True,right,True
1350,1791559516.984278,178.8000,408.0000,6.0000,0.0000,True,right,True
1351,1791559517.000945,184.8000,408.0000,6.0000,0.0000,True,right,True
1352,1791559517.017612,190.8000,408.0000,6.0000,0.0000,True,right,True
1353,1791559517.034278,196.8000,408.0000,6.0000,0.0000,True,right,True
1354,1791559517.050945,202.8000,408.0000,6.0000,0.0000,True,right,True
1355,1791559517.067611,208.8000,408.0000,6.0000,0.0000,True,right,True
1356,1791559517.084278,213.9000,408.0000,5.1000,0.0000,True,none,True
1357,1791559517.100945,218.2350,408.0000,4.3350,0.0000,True,none,True
1358,1791559517.117612,221.9198,408.0000,3.6847,0.0000,True,none,True
1359,1791559517.134278,225.0518,408.0000,3.1320,0.0000,True,none,True
1360,1791559517.150945,227.7140,408.0000,2.6622,0.0000,True,none,True
1361,1791559517.167612,229.9769,408.0000,2.2629,0.0000,True,none,True
1362,1791559517.184278,231.9004,408.0000,1.9235,0.0000,True,none,True
1363,1791559517.200945,233.5353,408.0000,1.6349,0.0000,True,none,True
1364,1791559517.217612,234.9250,408.0000,1.3897,0.0000,True,none,True
1365,1791559517.234278,236.1063,408.0000,1.1812,0.0000,True,none,True
1366,1791559517.250945,237.1103,408.0000,1.0041,0.0000,True,none,True
1367,1791559517.267612,237.9638,408.0000,0.8535,0.0000,True,none,True
1368,1791559517.284278,238.6892,408.0000,0.7254,0.0000,True,none,True
1369,1791559517.300945,239.3058,408.0000,0.6166,0.0000,True,none,True
1370,1791559517.317611,239.8300,408.0000,0.5241,0.0000,True,none,True
1371,1791559517.334278,240.2755,408.5000,0.4455,0.5000,False,none,True
1372,1791559517.350945,241.5210,409.5000,1.2455,1.0000,False,right,False
1373,1791559517.367612,243.5665,411.0000,2.0455,1.5000,False,right,False
1374,1791559517.384278,246.4120,413.0000,2.8455,2.0000,False,right,False
1375,1791559517.400945,250.0575,415.5000,3.6455,2.5000,False,right,False
1376,1791559517.417612,254.5030,418.5000,4.4455,3.0000,False,right,False
1377,1791559517.434278,259.7485,422.0000,5.2455,3.5000,False,right,False
1378,1791559517.450945,265.7485,426.0000,6.0000,4.0000,False,right,False
1379,1791559517.467612,268.0000,430.5000,0.0000,4.5000,False,right,True
1380,1791559517.484278,268.0000,435.5000,0.0000,5.0000,False,right+jump,True
1381,1791559517.500945,268.0000,441.0000,0.0000,5.5000,False,right+jump,True
1382,1791559517.517612,268.0000,447.0000,0.0000,6.0000,False,right+jump,True
1383,1791559517.534278,268.0000,453.5000,0.0000,6.5000,False,right+jump,True
1384,1791559517.550945,268.0000,460.5000,0.0000,7.0000,False,right+jump,True
1385,1791559517.567611,268.0000,468.0000,0.0000,7.5000,False,right+jump,True
1386,1791559517.584278,268.0000,476.0000,0.0000,8.0000,False,right+jump,True
1387,1791559517.600945,268.0000,484.5000,0.0000,8.5000,False,right+jump,True
1388,1791559517.617612,268.0000,493.5000,0.0000,9.0000,False,right+jump,True
1389,1791559517.634278,268.0000,503.0000,0.0000,9.5000,False,right+jump,True
1390,1791559517.650945,268.0000,513.0000,0.0000,10.0000,False,right+jump,True
1391,1791559517.667612,268.0000,523.5000,0.0000,10.5000,False,right+jump,True
1392,1791559517.684278,268.0000,534.5000,0.0000,11.0000,False,right,True
1393,1791559517.700945,268.0000,546.0000,0.0000,11.5000,False,right,True
1394,1791559517.717612,268.0000,558.0000,0.0000,12.0000,False,right,True
1395,1791559517.734278,268.0000,570.5000,0.0000,12.5000,False,right,True
1396,1791559517.750945,268.0000,583.5000,0.0000,13.0000,False,right+jump,True
1397,1791559517.767612,268.0000,597.0000,0.0000,13.5000,False,right+jump,True
1398,1791559517.784278,267.2000,611.0000,-0.8000,14.0000,False,left,False
1399,1791559517.800945,265.6000,625.5000,-1.6000,14.5000,False,left,False
1400,1791559517.817611,263.2000,640.5000,-2.4000,15.0000,False,left,False
1401,1791559517.834278,260.0000,656.0000,-3.2000,15.5000,False,left,False
1402,1791559517.850945,256.0000,672.0000,-4.0000,16.0000,False,left,False
1403,1791559517.867612,252.8000,688.5000,-3.2000,16.5000,False,right,False
1404,1791559517.884278,250.4000,705.5000,-2.4000,17.0000,False,right,False
1405,1791559517.900945,248.8000,723.0000,-1.6000,17.5000,False,right,False
1406,1791559517.917612,248.0000,741.0000,-0.8000,18.0000,False,right,False
1407,1791559517.934278,248.0000,759.5000,-0.0000,18.5000,False,right,False
1408,1791559517.950945,248.8000,778.5000,0.8000,19.0000,False,right,False
1409,1791559517.967612,250.4000,798.0000,1.6000,19.5000,False,right,False
1410,1791559517.984278,251.2000,818.0000,0.8000,20.0000,False,left,False
1411,1791559518.000945,251.2000,838.5000,-0.0000,20.5000,False,left,False
1412,1791559518.017612,250.4000,859.5000,-0.8000,21.0000,False,left,False
1413,1791559518.034278,248.8000,881.0000,-1.6000,21.5000,False,left,False
1414,1791559518.050945,248.0000,903.0000,-0.8000,22.0000,False,right+jump,False
1415,1791559518.067611,248.0000,925.5000,-0.0000,22.5000,False,right+jump,False
1416,1791559518.084278,248.0000,948.5000,-0.0000,23.0000,False,jump,False
1417,1791559518.100945,248.0000,972.0000,-0.0000,23.5000,False,jump,False
1418,1791559518.117612,248.0000,996.0000,-0.0000,24.0000,False,jump,False
1419,1791559518.134278,247.2000,1020.5000,-0.8000,24.5000,False,left,False
1420,1791559518.150945,245.6000,1045.5000,-1.6000,25.0000,False,left,False
1421,1791559518.167612,243.2000,1071.0000,-2.4000,25.5000,False,left,False
1422,1791559518.184278,240.0000,1097.0000,-3.2000,26.0000,False,left,False
1423,1791559518.200945,236.0000,1123.5000,-4.0000,26.5000,False,left,False
1424,1791559518.217612,232.8000,1150.5000,-3.2000,27.0000,False,right+jump,False
1425,1791559518.234278,230.4000,1178.0000,-2.4000,27.5000,False,right+jump,False
1426,1791559518.250945,228.8000,1206.0000,-1.6000,28.0000,False,right+jump,False
1427,1791559518.267612,228.0000,1234.5000,-0.8000,28.5000,False,right+jump,False
1428,1791559518.284278,226.4000,1263.5000,-1.6000,29.0000,False,left,False
1429,1791559518.300945,224.0000,1293.0000,-2.4000,29.5000,False,left,False
1430,1791559518.317611,220.8000,1323.0000,-3.2000,30.0000,False,left,False
1431,1791559518.334278,216.8000,1353.5000,-4.0000,30.5000,False,left,False
1432,1791559518.350945,212.8000,1384.5000,-4.0000,31.0000,False,jump,False
1433,1791559518.367612,208.8000,1416.0000,-4.0000,31.5000,False,jump,False
1434,1791559518.384278,204.8000,1448.0000,-4.0000,32.0000,False,jump,False
1435,1791559518.400945,201.6000,1480.5000,-3.2000,32.5000,False,right+jump,False
1436,1791559518.417612,199.2000,1513.5000,-2.4000,33.0000,False,right+jump,False
1437,1791559518.434278,197.6000,1547.0000,-1.6000,33.5000,False,right+jump,False
1438,1791559518.450945,196.8000,1581.0000,-0.8000,34.0000,False,right+jump,False
1439,1791559518.467612,196.8000,1615.5000,-0.0000,34.5000,False,right+jump,False
1440,1791559518.484278,197.6000,1650.5000,0.8000,35.0000,False,right+jump,False
1441,1791559518.500945,199.2000,1686.0000,1.6000,35.5000,False,right+jump,False
1442,1791559518.517612,201.6000,1722.0000,2.4000,36.0000,False,right+jump,False
1443,1791559518.534278,204.8000,1758.5000,3.2000,36.5000,False,right+jump,False
1444,1791559518.550945,208.8000,1795.5000,4.0000,37.0000,False,right+jump,False
1445,1791559518.567611,213.6000,1833.0000,4.8000,37.5000,False,right+jump,False
1446,1791559518.584278,219.2000,1871.0000,5.6000,38.0000,False,right+jump,False
1447,1791559518.600945,225.2000,1909.5000,6.0000,38.5000,False,right+jump,False
1448,1791559518.617612,230.4000,1948.5000,5.2000,39.0000,False,left+jump,False
1449,1791559518.634278,234.8000,1988.0000,4.4000,39.5000,False,left,False
1450,1791559518.650945,238.4000,2028.0000,3.6000,40.0000,False,left,False
1451,1791559518.667612,241.2000,2068.5000,2.8000,40.5000,False,left,False
1452,1791559518.684278,243.2000,2109.5000,2.0000,41.0000,False,left,False
1453,1791559518.700945,244.4000,2151.0000,1.2000,41.5000,False,left,False
1454,1791559518.717612,244.8000,2193.0000,0.4000,42.0000,False,left,False
1455,1791559518.734278,244.4000,2235.5000,-0.4000,42.5000,False,left,False
1456,1791559518.750945,243.2000,2278.5000,-1.2000,43.0000,False,left,False
1457,1791559518.767612,241.2000,2322.0000,-2.0000,43.5000,False,left,False
1458,1791559518.784278,238.4000,2366.0000,-2.8000,44.0000,False,left,False
1459,1791559518.800945,234.8000,2410.5000,-3.6000,44.5000,False,left,False
1460,1791559518.817611,230.4000,2455.5000,-4.4000,45.0000,False,left,False
1461,1791559518.834278,225.2000,2501.0000,-5.2000,45.5000,False,left,False
1462,1791559518.850945,219.2000,2547.0000,-6.0000,46.0000,False,left,False
1463,1791559518.867612,213.2000,2593.5000,-6.0000,46.5000,False,left,False
1464,1791559518.884278,207.2000,2640.5000,-6.0000,47.0000,False,left,False
1465,1791559518.900945,201.2000,2688.0000,-6.0000,47.5000,False,left,False
1466,1791559518.917612,195.2000,2736.0000,-6.0000,48.0000,False,left,False
1467,1791559518.934278,189.2000,2784.5000,-6.0000,48.5000,False,left,False
1468,1791559518.950945,183.2000,2833.5000,-6.0000,49.0000,False,left,False
1469,1791559518.967612,177.2000,2883.0000,-6.0000,49.5000,False,left,False
1470,1791559518.984278,171.2000,2933.0000,-6.0000,50.0000,False,left,False
1471,1791559519.000945,165.2000,2983.5000,-6.0000,50.5000,False,left,False
1472,1791559519.017612,159.2000,3034.5000,-6.0000,51.0000,False,left,False
1473,1791559519.034278,153.2000,3086.0000,-6.0000,51.5000,False,left,False
1474,1791559519.050945,147.2000,3138.0000,-6.0000,52.0000,False,left,False
1475,1791559519.067611,141.2000,3190.5000,-6.0000,52.5000,False,left,False
1476,1791559519.084278,135.2000,3243.5000,-6.0000,53.0000,False,left,False
1477,1791559519.100945,129.2000,3297.0000,-6.0000,53.5000,False,left,False
1478,1791559519.117612,123.2000,3351.0000,-6.0000,54.0000,False,left,False
1479,1791559519.134278,117.2000,3405.5000,-6.0000,54.5000,False,left,False
1480,1791559519.150945,111.2000,3460.5000,-6.0000,55.0000,False,left,False
1481,1791559519.167612,105.2000,3516.0000,-6.0000,55.5000,False,left,False
1482,1791559519.184278,99.2000,3572.0000,-6.0000,56.0000,False,left,False
1483,1791559519.200945,93.2000,3628.5000,-6.0000,56.5000,False,left,False
1484,1791559519.217612,87.2000,3685.5000,-6.0000,57.0000,False,left,False
1485,1791559519.234278,81.2000,3743.0000,-6.0000,57.5000,False,left,False
1486,1791559519.250945,75.2000,3801.0000,-6.0000,58.0000,False,left,False
1487,1791559519.267612,69.2000,3859.5000,-6.0000,58.5000,False,left,False
1488,1791559519.284278,63.2000,3918.5000,-6.0000,59.0000,False,left,False
1489,1791559519.300945,57.2000,3978.0000,-6.0000,59.5000,False,left,False
1490,1791559519.317611,51.2000,4038.0000,-6.0000,60.0000,False,left,False
1491,1791559519.334278,45.2000,4098.5000,-6.0000,60.5000,False,left,False
1492,1791559519.350945,39.2000,4159.5000,-6.0000,61.0000,False,left,False
1493,1791559519.367612,33.2000,4221.0000,-6.0000,61.5000,False,left,False
1494,1791559519.384278,27.2000,4283.0000,-6.0000,62.0000,False,left,False
1495,1791559519.400945,21.2000,4345.5000,-6.0000,62.5000,False,left,False
1496,1791559519.417612,15.2000,4408.5000,-6.0000,63.0000,False,left,False
1497,1791559519.434278,9.2000,4472.0000,-6.0000,63.5000,False,left,False
1498,1791559519.450945,3.2000,4536.0000,-6.0000,64.0000,False,left,False
1499,1791559519.467612,-2.8000,4600.5000,-6.0000,64.5000,False,left,False
1500,1791559519.484278,-8.8000,4665.5000,-6.0000,65.0000,False,left,False
1501,1791559519.500945,-14.8000,4731.0000,-6.0000,65.5000,False,left,False
1502,1791559519.517612,-20.8000,4797.0000,-6.0000,66.0000,False,left,False
1503,1791559519.534278,-26.8000,4863.5000,-6.0000,66.5000,False,left,False
1504,1791559519.550945,-32.8000,4930.5000,-6.0000,67.0000,False,left,False
1505,1791559519.567611,-38.8000,4998.0000,-6.0000,67.5000,False,left,False
1506,1791559519.584278,-44.8000,5066.0000,-6.0000,68.0000,False,left,False
1507,1791559519.600945,-50.8000,5134.5000,-6.0000,68.5000,False,left,False
1508,1791559519.617612,-56.8000,5203.5000,-6.0000,69.0000,False,left,False
1509,1791559519.634278,-62.8000,5273.0000,-6.0000,69.5000,False,left,False
1510,1791559519.650945,-68.8000,5343.0000,-6.0000,70.0000,False,left,False
1511,1791559519.667612,-74.8000,5413.5000,-6.0000,70.5000,False,left,False
1512,1791559519.684278,-80.8000,5484.5000,-6.0000,71.0000,False,left,False
1513,1791559519.700945,-86.8000,5556.0000,-6.0000,71.5000,False,left,False
1514,1791559519.717612,-92.8000,5628.0000,-6.0000,72.0000,False,left,False
1515,1791559519.734278,-98.8000,5700.5000,-6.0000,72.5000,False,left,False
1516,1791559519.750945,-104.8000,5773.5000,-6.0000,73.0000,False,left,False
1517,1791559519.767612,-110.8000,5847.0000,-6.0000,73.5000,False,left,False
1518,1791559519.784278,-116.8000,5921.0000,-6.0000,74.0000,False,left,False
1519,1791559519.800945,-122.8000,5995.5000,-6.0000,74.5000,False,left,False
1520,1791559519.817611,-128.8000,6070.5000,-6.0000,75.0000,False,left,False
1521,1791559519.834278,-134.8000,6146.0000,-6.0000,75.5000,False,left,False
1522,1791559519.850945,-140.8000,6222.0000,-6.0000,76.0000,False,left,False
1523,1791559519.867612,-146.8000,6298.5000,-6.0000,76.5000,False,left,False
1524,1791559519.884278,-152.8000,6375.5000,-6.0000,77.0000,False,left,False
1525,1791559519.900945,-158.8000,6453.0000,-6.0000,77.5000,False,left,False
1526,1791559519.917612,-164.8000,6531.0000,-6.0000,78.0000,False,left,False
1527,1791559519.934278,-170.8000,6609.5000,-6.0000,78.5000,False,left,False
1528,1791559519.950945,-176.8000,6688.5000,-6.0000,79.0000,False,left,False
1529,1791559519.967612,-182.8000,6768.0000,-6.0000,79.5000,False,left,False
1530,1791559519.984278,-188.8000,6848.0000,-6.0000,80.0000,False,left,False
1531,1791559520.000945,-194.8000,6928.5000,-6.0000,80.5000,False,left,False
1532,1791559520.017612,-200.8000,7009.5000,-6.0000,81.0000,False,left,False
1533,1791559520.034278,-206.8000,7091.0000,-6.0000,81.5000,False,left,False
1534,1791559520.050945,-212.8000,7173.0000,-6.0000,82.0000,False,left,False
1535,1791559520.067611,-218.8000,7255.5000,-6.0000,82.5000,False,left,False
1536,1791559520.084278,-224.8000,7338.5000,-6.0000,83.0000,False,left,False
1537,1791559520.100945,-230.8000,7422.0000,-6.0000,83.5000,False,left,False
1538,1791559520.117612,-236.8000,7506.0000,-6.0000,84.0000,False,left,False
1539,1791559520.134278,-242.8000,7590.5000,-6.0000,84.5000,False,left,False
1540,1791559520.150945,-248.8000,7675.5000,-6.0000,85.0000,False,left,False
1541,1791559520.167612,-254.8000,7761.0000,-6.0000,85.5000,False,left,False
1542,1791559520.184278,-260.8000,7847.0000,-6.0000,86.0000,False,left,False
1543,1791559520.200945,-266.8000,7933.5000,-6.0000,86.5000,False,left,False
1544,1791559520.217612,-272.8000,8020.5000,-6.0000,87.0000,False,left,False
1545,1791559520.234278,-278.8000,8108.0000,-6.0000,87.5000,False,left,False
1546,1791559520.250945,-284.8000,8196.0000,-6.0000,88.0000,False,left,False
1547,1791559520.267612,-290.8000,8284.5000,-6.0000,88.5000,False,left,False
1548,1791559520.284278,-296.8000,8373.5000,-6.0000,89.0000,False,left,False
1549,1791559520.300945,-302.8000,8463.0000,-6.0000,89.5000,False,left,False
1550,1791559520.317611,-308.8000,8553.0000,-6.0000,90.0000,False,left,False
1551,1791559520.334278,-314.8000,8643.5000,-6.0000,90.5000,False,left,False
1552,1791559520.350945,-320.8000,8734.5000,-6.0000,91.0000,False,left,False
1553,1791559520.367612,-326.8000,8826.0000,-6.0000,91.5000,False,left,False
1554,1791559520.384278,-332.8000,8918.0000,-6.0000,92.0000,False,left,False
1555,1791559520.400945,-338.8000,9010.5000,-6.0000,92.5000,False,left,False
1556,1791559520.417612,-344.8000,9103.5000,-6.0000,93.0000,False,left,False
1557,1791559520.434278,-350.8000,9197.0000,-6.0000,93.5000,False,left,False
1558,1791559520.450945,-356.8000,9291.0000,-6.0000,94.0000,False,left,False
1559,1791559520.467612,-362.8000,9385.5000,-6.0000,94.5000,False,left,False
1560,1791559520.484278,-368.8000,9480.5000,-6.0000,95.0000,False,left,False
1561,1791559520.500945,-374.8000,9576.0000,-6.0000,95.5000,False,left,False
1562,1791559520.517612,-380.8000,9672.0000,-6.0000,96.0000,False,left,False
1563,1791559520.534278,-386.8000,9768.5000,-6.0000,96.5000,False,left,False
1564,1791559520.550945,-392.8000,9865.5000,-6.0000,97.0000,False,left,False
1565,1791559520.567611,-398.8000,9963.0000,-6.0000,97.5000,False,left,False
1566,1791559520.584278,-404.8000,10061.0000,-6.0000,98.0000,False,left,False
1567,1791559520.600945,-410.8000,10159.5000,-6.0000,98.5000,False,left,False
1568,1791559520.617612,-416.8000,10258.5000,-6.0000,99.0000,False,left,False
1569,1791559520.634278,-422.8000,10358.0000,-6.0000,99.5000,False,left,False
1570,1791559520.650945,-428.8000,10458.0000,-6.0000,100.0000,False,left,False
1571,1791559520.667612,-434.8000,10558.5000,-6.0000,100.5000,False,left,False
1572,1791559520.684278,-440.8000,10659.5000,-6.0000,101.0000,False,left,False
1573,1791559520.700945,-446.8000,10761.0000,-6.0000,101.5000,False,left,False
1574,1791559520.717612,-452.8000,10863.0000,-6.0000,102.0000,False,left,False
1575,1791559520.734278,-458.8000,10965.5000,-6.0000,102.5000,False,left,False
1576,1791559520.750945,-464.8000,11068.5000,-6.0000,103.0000,False,left,False
1577,1791559520.767612,-470.8000,11172.0000,-6.0000,103.5000,False,left,False
1578,1791559520.784278,-476.8000,11276.0000,-6.0000,104.0000,False,left,False
1579,1791559520.800945,-482.8000,11380.5000,-6.0000,104.5000,False,left,False
1580,1791559520.817611,-488.8000,11485.5000,-6.0000,105.0000,False,left,False
1581,1791559520.834278,-494.8000,11591.0000,-6.0000,105.5000,False,left,False
1582,1791559520.850945,-500.8000,11697.0000,-6.0000,106.0000,False,left,False
1583,1791559520.867612,-506.8000,11803.5000,-6.0000,106.5000,False,left,False
1584,1791559520.884278,-512.8000,11910.5000,-6.0000,107.0000,False,left,False
1585,1791559520.900945,-518.8000,12018.0000,-6.0000,107.5000,False,left,False
1586,1791559520.917612,-524.8000,12126.0000,-6.0000,108.0000,False,left,False
1587,1791559520.934278,-530.8000,12234.5000,-6.0000,108.5000,False,left,False
1588,1791559520.950945,-536.8000,12343.5000,-6.0000,109.0000,False,left,False
1589,1791559520.967612,-542.8000,12453.0000,-6.0000,109.5000,False,left,False
1590,1791559520.984278,-548.8000,12563.0000,-6.0000,110.0000,False,left,False
1591,1791559521.000945,-554.8000,12673.5000,-6.0000,110.5000,False,left,False
1592,1791559521.017612,-560.8000,12784.5000,-6.0000,111.0000,False,left,False
1593,1791559521.034278,-566.8000,12896.0000,-6.0000,111.5000,False,left,False
1594,1791559521.050945,-572.8000,13008.0000,-6.0000,112.0000,False,left,False
1595,1791559521.067611,-578.8000,13120.5000,-6.0000,112.5000,False,left,False
1596,1791559521.084278,-584.8000,13233.5000,-6.0000,113.0000,False,left,False
1597,1791559521.100945,-590.8000,13347.0000,-6.0000,113.5000,False,left,False
1598,1791559521.117612,-596.8000,13461.0000,-6.0000,114.0000,False,left,False
1599,1791559521.134278,-602.8000,13575.5000,-6.0000,114.5000,False,left,False
1600,1791559521.150945,-608.8000,13690.5000,-6.0000,115.0000,False,left,False
1601,1791559521.167612,-614.8000,13806.0000,-6.0000,115.5000,False,left,False
1602,1791559521.184278,-620.8000,13922.0000,-6.0000,116.0000,False,left,False
1603,1791559521.200945,-626.8000,14038.5000,-6.0000,116.5000,False,left,False
1604,1791559521.217612,-632.8000,14155.5000,-6.0000,117.0000,False,left,False
1605,1791559521.234278,-638.8000,14273.0000,-6.0000,117.5000,False,left,False
1606,1791559521.250945,-644.8000,14391.0000,-6.0000,118.0000,False,left,False
1607,1791559521.267612,-650.8000,14509.5000,-6.0000,118.5000,False,left,False
1608,1791559521.284278,-656.8000,14628.5000,-6.0000,119.0000,False,left,False
1609,1791559521.300945,-662.8000,14748.0000,-6.0000,119.5000,False,left,False
1610,1791559521.317611,-668.8000,14868.0000,-6.0000,120.0000,False,left,False
1611,1791559521.334278,-674.8000,14988.5000,-6.0000,120.5000,False,left,False
1612,1791559521.350945,-680.8000,15109.5000,-6.0000,121.0000,False,left,False
1613,1791559521.367612,-686.8000,15231.0000,-6.0000,121.5000,False,left,False
1614,1791559521.384278,-692.8000,15353.0000,-6.0000,122.0000,False,left,False
1615,1791559521.400945,-698.8000,15475.5000,-6.0000,122.5000,False,left,False
1616,1791559521.417612,-704.8000,15598.5000,-6.0000,123.0000,False,left,False
1617,1791559521.434278,-710.8000,15722.0000,-6.0000,123.5000,False,left,False
1618,1791559521.450945,-716.8000,15846.0000,-6.0000,124.0000,False,left,False
1619,1791559521.467612,-722.8000,15970.5000,-6.0000,124.5000,False,left,False
1620,1791559521.484278,-728.8000,16095.5000,-6.0000,125.0000,False,left,False
1621,1791559521.500945,-734.8000,16221.0000,-6.0000,125.5000,False,left,False
1622,1791559521.517612,-740.8000,16347.0000,-6.0000,126.0000,False,left,False
1623,1791559521.534278,-746.8000,16473.5000,-6.0000,126.5000,False,left,False
1624,1791559521.550945,-752.8000,16600.5000,-6.0000,127.0000,False,left,False
1625,1791559521.567611,-758.8000,16728.0000,-6.0000,127.5000,False,left,False
1626,1791559521.584278,-764.8000,16856.0000,-6.0000,128.0000,False,left,False
1627,1791559521.600945,-770.8000,16984.5000,-6.0000,128.5000,False,left,False
1628,1791559521.617612,-776.8000,17113.5000,-6.0000,129.0000,False,left,False
1629,1791559521.634278,-782.8000,17243.0000,-6.0000,129.5000,False,left,False
1630,1791559521.650945,-788.8000,17373.0000,-6.0000,130.0000,False,left,False
1631,1791559521.667612,-794.8000,17503.5000,-6.0000,130.5000,False,left,False
1632,1791559521.684278,-800.8000,17634.5000,-6.0000,131.0000,False,left,False
1633,1791559521.700945,-806.8000,17766.0000,-6.0000,131.5000,False,left,False
1634,1791559521.717612,-812.8000,17898.0000,-6.0000,132.0000,False,left,False
1635,1791559521.734278,-818.8000,18030.5000,-6.0000,132.5000,False,left,False
1636,1791559521.750945,-824.8000,18163.5000,-6.0000,133.0000,False,left,False
1637,1791559521.767612,-830.8000,18297.0000,-6.0000,133.5000,False,left,False
1638,1791559521.784278,-836.8000,18431.0000,-6.0000,134.0000,False,left,False
1639,1791559521.800945,-842.8000,18565.5000,-6.0000,134.5000,False,left,False
1640,1791559521.817611,-848.8000,18700.5000,-6.0000,135.0000,False,left,False
1641,1791559521.834278,-854.8000,18836.0000,-6.0000,135.5000,False,left,False
1642,1791559521.850945,-860.8000,18972.0000,-6.0000,136.0000,False,left,False
1643,1791559521.867612,-866.8000,19108.5000,-6.0000,136.5000,False,left,False
1644,1791559521.884278,-872.8000,19245.5000,-6.0000,137.0000,False,left,False
1645,1791559521.900945,-878.8000,19383.0000,-6.0000,137.5000,False,left,False
1646,1791559521.917612,-884.8000,19521.0000,-6.0000,138.0000,False,left,False
1647,1791559521.934278,-890.8000,19659.5000,-6.0000,138.5000,False,left,False
1648,1791559521.950945,-896.8000,19798.5000,-6.0000,139.0000,False,left,False
1649,1791559521.967612,-902.8000,19938.0000,-6.0000,139.5000,False,left,False
1650,1791559521.984278,-908.8000,20078.0000,-6.0000,140.0000,False,left,False
1651,1791559522.000945,-914.8000,20218.5000,-6.0000,140.5000,False,left,False
1652,1791559522.017612,-920.8000,20359.5000,-6.0000,141.0000,False,left,False
1653,1791559522.034278,-926.8000,20501.0000,-6.0000,141.5000,False,left,False
1654,1791559522.050945,-932.8000,20643.0000,-6.0000,142.0000,False,left,False
1655,1791559522.067611,-938.8000,20785.5000,-6.0000,142.5000,False,left,False
1656,1791559522.084278,-944.8000,20928.5000,-6.0000,143.0000,False,left,False
1657,1791559522.100945,-950.8000,21072.0000,-6.0000,143.5000,False,left,False
1658,1791559522.117612,-956.8000,21216.0000,-6.0000,144.0000,False,left,False
1659,1791559522.134278,-962.8000,21360.5000,-6.0000,144.5000,False,left,False
1660,1791559522.150945,-968.8000,21505.5000,-6.0000,145.0000,False,left,False
1661,1791559522.167612,-974.8000,21651.0000,-6.0000,145.5000,False,left,False
1662,1791559522.184278,-980.8000,21797.0000,-6.0000,146.0000,False,left,False
1663,1791559522.200945,-986.8000,21943.5000,-6.0000,146.5000,False,left,False
1664,1791559522.217612,-992.8000,22090.5000,-6.0000,147.0000,False,left,False
1665,1791559522.234278,-998.8000,22238.0000,-6.0000,147.5000,False,left,False
1666,1791559522.250945,-1004.8000,22386.0000,-6.0000,148.0000,False,left,False
1667,1791559522.267612,-1010.8000,22534.5000,-6.0000,148.5000,False,left,False
1668,1791559522.284278,-1016.8000,22683.5000,-6.0000,149.0000,False,left,False
1669,1791559522.300945,-1022.8000,22833.0000,-6.0000,149.5000,False,left,False
1670,1791559522.317611,-1028.8000,22983.0000,-6.0000,150.0000,False,left,False
1671,1791559522.334278,-1034.8000,23133.5000,-6.0000,150.5000,False,left,False
1672,1791559522.350945,-1040.8000,23284.5000,-6.0000,151.0000,False,left,False
1673,1791559522.367612,-1046.8000,23436.0000,-6.0000,151.5000,False,left,False
1674,1791559522.384278,-1052.8000,23588.0000,-6.0000,152.0000,False,left,False
1675,1791559522.400945,-1058.8000,23740.5000,-6.0000,152.5000,False,left,False
1676,1791559522.417612,-1064.8000,23893.5000,-6.0000,153.0000,False,left,False
1677,1791559522.434278,-1070.8000,24047.0000,-6.0000,153.5000,False,left,False
1678,1791559522.450945,-1076.8000,24201.0000,-6.0000,154.0000,False,left,False
1679,1791559522.467612,-1082.8000,24355.5000,-6.0000,154.5000,False,left,False
1680,1791559522.484278,-1088.8000,24510.5000,-6.0000,155.0000,False,left,False
1681,1791559522.500945,-1094.8000,24666.0000,-6.0000,155.5000,False,left,False
1682,1791559522.517612,-1100.8000,24822.0000,-6.0000,156.0000,False,left,False
1683,1791559522.534278,-1106.8000,24978.5000,-6.0000,156.5000,False,left,False
1684,1791559522.550945,-1112.8000,25135.5000,-6.0000,157.0000,False,left,False
1685,1791559522.567611,-1118.8000,25293.0000,-6.0000,157.5000,False,left,False
1686,1791559522.584278,-1124.8000,25451.0000,-6.0000,158.0000,False,left,False
1687,1791559522.600945,-1130.8000,25609.5000,-6.0000,158.5000,False,left,False
1688,1791559522.617612,-1136.8000,25768.5000,-6.0000,159.0000,False,left,False
1689,1791559522.634278,-1142.8000,25928.0000,-6.0000,159.5000,False,left,False
1690,1791559522.650945,-1148.8000,26088.0000,-6.0000,160.0000,False,left,False
1691,1791559522.667612,-1154.8000,26248.5000,-6.0000,160.5000,False,left,False
1692,1791559522.684278,-1160.8000,26409.5000,-6.0000,161.0000,False,left,False
1693,1791559522.700945,-1166.8000,26571.0000,-6.0000,161.5000,False,left,False
1694,1791559522.717612,-1172.8000,26733.0000,-6.0000,162.0000,False,left,False
1695,1791559522.734278,-1178.8000,26895.5000,-6.0000,162.5000,False,left,False
1696,1791559522.750945,-1184.8000,27058.5000,-6.0000,163.0000,False,left,False
1697,1791559522.767612,-1190.8000,27222.0000,-6.0000,163.5000,False,left,False
1698,1791559522.784278,-1196.8000,27386.0000,-6.0000,164.0000,False,left,False
1699,1791559522.800945,339.2000,404.5000,-0.8000,0.5000,False,left,False
1700,1791559522.817611,339.2000,405.5000,0.0000,1.0000,False,right,False
1701,1791559522.834278,340.0000,407.0000,0.8000,1.5000,False,right,False
1702,1791559522.850945,341.6000,408.0000,1.6000,0.0000,True,right,True
1703,1791559522.867612,344.0000,408.0000,2.4000,0.0000,True,right,True
1704,1791559522.884278,347.2000,408.0000,3.2000,0.0000,True,right,True
1705,1791559522.900945,351.2000,408.0000,4.0000,0.0000,True,right,True
1706,1791559522.917612,356.0000,408.0000,4.8000,0.0000,True,right,True
1707,1791559522.934278,361.6000,408.0000,5.6000,0.0000,True,right,True
1708,1791559522.950945,367.6000,408.0000,6.0000,0.0000,True,right,True
